1,ٱلرَّحِيمِ مَـٰلِكِ,3 - 4, م - م,45,متماثلان,0 - 0
31,يَشْكُرُ لِنَفْسِهِ,12, ر - ل,81,متجانسان,10 -11
31,قَالَ لُقْمَـٰنُ,13, ل - ل,81,متماثلان,1 - 2
31,سَخَّرَ لَكُم,20, ر - ل,81,متجانسان,4 - 5
31,قِيلَ لَهُمُ,21, ل - ل,81,متماثلان,1 - 2
31,إِنَّ ٱللَّهَ هُوَ,26, ه - ه,81,متماثلان,6 - 7
31,بِأَنَّ ٱللَّهَ هُوَ,30, ه - ه,81,متماثلان,2 - 3
31,وَأَنَّ ٱللَّهَ هُوَ,30, ه - ه,81,متماثلان,12 - 13
31,وَيَعْلَمُ مَا,34, م - م,81,متماثلان,7 - 8
2,فِيهِ هُدًى,2,ه - ه,45,متماثلان,0 - 0
2,قِيلَ لَهُمْ,11,ل - ل,45,متماثلان,0 - 0
2,قِيلَ لَهُمْ,13,ل - ل,45,متماثلان,0 - 0
2,لَذَهَبَ بِسَمْعِهِمْ,20,ب - ب,45,متماثلان,0 - 0
2,خَلَقَكُمْ,21,ق - ك,45,متجانسان,0 - 0
2,جَعَلَ لَكُمُ,22,ل - ل,45,متماثلان,0 - 0
2,قَالَ رَبُّكَ,30,ل - ر,46,متجانسان,0 - 0
2,ونقدس لك قال,30,ك - ق,46,متجانسان,0 - 0
2,وَنَحْنُ نُسَبِّحُ,30,ن - ن,46,متماثلان,0 - 0
2,قَالَ إِنِّىٓ أَعْلَمُ مَا,30,م - م,46,متماثلان,0 - 0
2,وَأَعْلَمُ مَا,33,م - م,46,متماثلان,0 - 0
2,حَيْثُ شِئْتُمَا,35,ث - ش,46,متجانسان,0 - 0
2,ءَادَمُ مِن,37,م - م,46,متماثلان,0 - 0
2,إِنَّهُ هُوَ,37,ه - ه,46,متماثلان,0 - 0
2,وَيَسْتَحْيُونَ نِسَآءَكُمْ,49,ن - ن,46,متماثلان,0 - 0
2,مِّنۢ بَعْدِ ذَٰلِكَ,52,د - ذ,46,متجانسان,0 - 0
2,إِنَّهُ هُوَ,54,ه - ه,46,متماثلان,0 - 0
2,لَنْ نُّؤْمِنَ لَكَ,55,ن - ل,46,متجانسان,0 - 0
2,حَيْثُ شِئْتُمْ,58,ث - ش,46,متجانسان,0 - 0
2,قِيلَ لَهُمْ,59,ل - ل,46,متماثلان,0 - 0
2,مِّنۢ بَعْدِ ذَٰلِكَ,64,د - ذ,46,متجانسان,0 - 0
2,مِّنۢ بَعْدِ ذَٰلِكَ,74,د - ذ,46,متجانسان,0 - 0
2,يَعْلَمُ مَا,77,م - م,46,متماثلان,0 - 0
2,ٱلْكِتَـٰبَ بِأَيْدِيهِمْ,79,ب - ب,46,متماثلان,0 - 0
2,إِسْرَٰٓءِيلَ لَا,83,ل - ل,46,متماثلان,0 - 0
2,ٱلزَّكَوٰةَ ثُمَّ,83,ت - ث,46,متجانسان,0 - 0
2,قِيلَ لَهُمْ,91,ل - ل,46,متماثلان,0 - 0
2,بِٱلْبَيِّنَـٰتِ ثُمَّ,92,ت - ث,46,متجانسان,0 - 0
2,ٱلْعَظِيمِ مَا,105-106,م - م,46,متماثلان,0 - 0
2,تَبَيَّنَ لَهُمُ,109,ن - ل,46,متجانسان,0 - 0
2,كَذَٰلِكَ قَالَ,113,ك - ق,46,متجانسان,0 - 0
2,يَحْكُمُ بَيْنَهُمْ,113,م - ب,46,متجانسان,0 - 0
2,أَظْلَمُ مِمَّن,114,م - م,47,متماثلان,0 - 0
2,يَقُولُ لَهُ,117,ل - ل,47,متماثلان,0 - 0
2,كَذَٰلِكَ قَالَ,118,ك - ق,47,متجانسان,0 - 0
2,هُدَى ٱللَّهِ هُوَ,120,ه - ه,47,متماثلان,0 - 0
2,مِنَ ٱلْعِلْمِ مَا,120,م - م,47,متماثلان,0 - 0
2,قَالَ لَا,124,ل - ل,47,متماثلان,0 - 0
2,إِبْرَٰهِـۧمَ مُصَلًّى,125,م - م,47,متماثلان,0 - 0
2,وَإِسْمَـٰعِيلُ رَبَّنَا,127,ل - ر,47,متجانسان,0 - 0
2,قَالَ لَهُ,131,ل - ل,47,متماثلان,0 - 0
2,قَالَ لِبَنِيهِ,133,ل - ل,47,متماثلان,0 - 0
2,وَنَحْنُ لَهُ,133,ن - ل,47,متجانسان,0 - 0
2,وَنَحْنُ لَهُ,136,ن - ل,47,متجانسان,0 - 0
2,وَنَحْنُ لَهُ,138,ن - ل,47,متجانسان,0 - 0
2,وَنَحْنُ لَهُ,139,ن - ل,47,متجانسان,0 - 0
2,أَظْلَمُ مِمَّن,140,م - م,47,متماثلان,0 - 0
2,لِنَعْلَمَ مَن,143,م - م,47,متماثلان,0 - 0
2,فَلَنُوَلِّيَنَّكَ قِبْلَةً,144,ك - ق,47,متجانسان,0 - 0
2,ٱلْكِتَـٰبَ بِكُلِّ,145,ب - ب,47,متماثلان,0 - 0
2,قِيلَ لَهُمُ,170,ل - ل,47,متماثلان,0 - 0
2,وَٱلْعَذَابَ بِٱلْمَغْفِرَةِ,175,ب - ب,47,متماثلان,0 - 0
2,ٱلْكِتَـٰبَ بِٱلْحَقِّ,176,ب - ب,47,متماثلان,0 - 0
2,طَعَامُ مِسْكِينٍ,184,م - م,47,متماثلان,0 - 0
2,شَهْرُ رَمَضَانَ,185,ر - ر,47,متماثلان,0 - 0
2,حَتَّىٰ يَتَبَيَّنَ لَكُمُ,187,ن - ل,47,متجانسان,0 - 0
2,ٱلْمَسَـٰجِدِ تِلْكَ,187,د - ت,47,متجانسان,0 - 0
2,حَيْثُ ثَقِفْتُمُوهُمْ,191,ث - ث,47,متماثلان,0 - 0
2,مَّنَـٰسِكَكُمْ,200,ك - ك,47,متماثلان,0 - 0
2,يَقُولُ رَبَّنَآ,200,ل - ر,47,متجانسان,0 - 0
2,يَقُولُ رَبَّنَآ,201,ل - ر,47,متجانسان,0 - 0
2,يُعْجِبُكَ قَوْلُهُ,204,ك - ق,47,متجانسان,0 - 0
2,قِيلَ لَهُ,206,ل - ل,47,متماثلان,0 - 0
2,زُيِّنَ لِلَّذِينَ,212,ن - ل,48,متجانسان,0 - 0
2,ٱلْكِتَـٰبَ بِٱلْحَقِّ,213,ب - ب,48,متماثلان,0 - 0
2,لِيَحْكُمَ بَيْنَ,213,م - ب,48,متجانسان,0 - 0
2,وَمَا ٱخْتَلَفَ فِيهِ,213,ف - ف,48,متماثلان,0 - 0
2,ٱلْمُتَطَهِّرِينَ نِسَآؤُكُمْ,222-223,ن - ن,48,متماثلان,0 - 0
2,وَلَا تَتَّخِذُوٓا۟ ءَايَـٰتِ ٱللَّهِ هُزُوًا,231,ه - ه,48,متماثلان,0 - 0
2,ٱلنِّكَاحِ حَتَّىٰ,235,ح - ح,48,متماثلان,0 - 0
2,يَعْلَمُ مَا,235,م - م,48,متماثلان,0 - 0
2,فَقَالَ لَهُمُ,243,ل - ل,48,متماثلان,0 - 0
2,وَقَالَ لَهُمْ,247,ل - ل,48,متماثلان,0 - 0
2,وَقَالَ لَهُمْ,248,ل - ل,48,متماثلان,0 - 0
2,جَاوَزَهُ هُوَ,249,ه - ه,48,متماثلان,0 - 0
2,هُوَ وَٱلَّذِينَ,249,و - و,48,متماثلان,0 - 0
2,دَاوُدُ جَالُوتَ,251,د - ج,48,متجانسان,0 - 0
2,يَأْتِىَ يَوْمٌ,254,ي - ي,48,متماثلان,0 - 0
2,يَشْفَعُ عِندَهُٓ,255,ع - ع,48,متماثلان,0 - 0
2,يَعْلَمُ مَا,255,م - م,48,متماثلان,0 - 0
2,قَالَ لَبِثْتُ,259,ل - ل,48,متماثلان,0 - 0
2,تَبَيَّنَ لَهُ,259,ن - ل,48,متجانسان,0 - 0
2,ٱلْأَنْهَـٰرُ لَهُ,266,ر - ل,48,متجانسان,0 - 0
2,ٱلْمَصِيرُ لَا,285-286,ر - ل,48,متجانسان,0 - 0
3,ٱلْكِتَـٰبَ بِٱلْحَقِّ,3,ب - ب,49,متماثلان,0 - 0
3,زُيِّنَ لِلنَّاسِ,14,ن - ل,49,متجانسان,0 - 0
3,وَٱلْحَرْثِ ذَٰلِكَ,14,ث - ذ,49,متجانسان,0 - 0
3,هُوَ وَٱلْمَلَـٰٓئِكَةُ,18,و - و,49,متماثلان,0 - 0
3,لِيَحْكُمَ بَيْنَهُمْ,23,م - ب,49,متجانسان,0 - 0
3,وَيَعْلَمُ مَا,29,م - م,49,متماثلان,0 - 0
3,وَٱللَّهُ أَعْلَمُ بِمَا,36,م - ب,49,متجانسان,0 - 0
3,قَالَ رَبِّ,38,ل - ر,49,متجانسان,0 - 0
3,قَالَ رَبِّ,40,ل - ر,49,متجانسان,0 - 0
3,قَالَ رَبِّ,41,ل - ر,49,متجانسان,0 - 0
3,رَّبَّكَ كَثِيرًا,41,ك - ك,49,متماثلان,0 - 0
3,يَقُولُ لَهُ,47,ل - ل,49,متماثلان,0 - 0
3,فَٱعْبُدُوهُ هَـٰذَا,51,ه - ه,49,متماثلان,0 - 0
3,ٱلْحَوَارِيُّونَ نَحْنُ,52,ن - ن,49,متماثلان,0 - 0
3,ٱلْقِيَـٰمَةِ ثُمَّ,55,ت - ث,49,متجانسان,0 - 0
3,فَأَحْكُمُ بَيْنَكُمْ,55,م - ب,49,متجانسان,0 - 0
3,قَالَ لَهُ,59,ل - ل,49,متماثلان,0 - 0
3,وَٱلنُّبُوَّةَ ثُمَّ,79,ت - ث,49,متجانسان,0 - 0
3,يَقُولَ لِلنَّاسِ,79,ل - ل,49,متماثلان,0 - 0
3,أَسْلَمَ مَن,83,م - م,49,متماثلان,0 - 0
3,وَنَحْنُ لَهُ,84,ن - ل,49,متجانسان,0 - 0
3,يَبْتَغِ غَيْرَ,85,غ - غ,49,متماثلان,0 - 0
3,مِنۢ بَعْدِ ذَٰلِكَ,89,د - ذ,49,متجانسان,0 - 0
3,مِنۢ بَعْدِ ذَٰلِكَ,94,د - ذ,49,متجانسان,0 - 0
3,ٱلْعَذَابَ بِمَا,106,ب - ب,49,متماثلان,0 - 0
3,ٱللَّهِ هُمْ,107,ه - ه,49,متماثلان,0 - 0
3,يُرِيدُ ظُلْمًا,108,د - ظ,49,متجانسان,0 - 0
3,ٱلْمَسْكَنَةُ ذَٰلِكَ,112,ت - ذ,49,متجانسان,0 - 0
3,كَمَثَلِ رِيحٍ,117,ل - ر,49,متجانسان,0 - 0
3,تَقُولُ لِلْمُؤْمِنِينَ,124,ل - ل,49,متماثلان,0 - 0
3,يَغْفِرُ لِمَن,129,ر - ل,50,متجانسان,0 - 0
3,وَيُعَذِّبُ مَن,129,ب - م,50,متجانسان,0 - 0
3,وَٱلرَّسُولَ لَعَلَّكُمْ,132,ل - ل,50,متماثلان,0 - 0
3,ٱلرُّعْبَ بِمَآ,151,ب - ب,50,متماثلان,0 - 0
3,صَدَقَكُمُ,152,ق - ك,50,متجانسان,0 - 0
3,ٱلْءَاخِرَةَ ثُمَّ,152,ت - ث,50,متجانسان,0 - 0
3,ٱلْقِيَـٰمَةِ ثُمَّ,161,ت - ث,50,متجانسان,0 - 0
3,قَبْلُ لَفِى,164,ل - ل,50,متماثلان,0 - 0
3,ٱلَّذِينَ نَافَقُوا۟,167,ن - ن,50,متماثلان,0 - 0
3,وَقِيلَ لَهُمْ,167,ل - ل,50,متماثلان,0 - 0
3,أَعْلَمُ بِمَا,167,م - ب,50,متجانسان,0 - 0
3,قَالَ لَهُمُ,173,ل - ل,50,متماثلان,0 - 0
3,فَضْلِهِ هُوَ,180,ه - ه,50,متماثلان,0 - 0
3,نُؤْمِنَ لِرَسُولٍ,183,ن - ل,50,متجانسان,0 - 0
3,زُحْزِحَ عَنِ,185,ح - ع,50,متجانسان,0 - 0
3,ٱلْغُرُورِ لَتُبْلَوُنَّ,185-186,ر - ل,50,متجانسان,0 - 0
3,وَٱلنَّهَارِ لَـَٔايَـٰتٍ,190,ر - ل,50,متجانسان,0 - 0
3,ٱلنَّارِ رَبَّنَآ,191-192,ر - ر,50,متماثلان,0 - 0
3,ٱلْأَبْرَارِ رَبَّنَا,193-194,ر - ر,50,متماثلان,0 - 0
3,لَآ أُضِيعُ عَمَلَ,195,ع - ع,50,متماثلان,0 - 0
4,خَلَقَكُم,1,ق - ك,51,متجانسان,0 - 0
4,فَكُلُوهُ هَنِيٓـًٔا,4,ه - ه,51,متماثلان,0 - 0
4,بِٱلْمَعْرُوفِ فَإِذَا,6,ف - ف,51,متماثلان,0 - 0
4,بِٱلْمَعْرُوفِ فَإِن,19,ف - ف,51,متماثلان,0 - 0
4,أَعْلَمُ بِإِيمَـٰنِكُم,25,م - ب,51,متجانسان,0 - 0
4,لِّلْغَيْبِ بِمَا,34,ب - ب,51,متماثلان,0 - 0
4,تَخَافُونَ نُشُوزَهُنَّ,34,ن - ن,51,متماثلان,0 - 0
4,وَٱلصَّاحِبِ بِٱلْجَنۢبِ,36,ب - ب,51,متماثلان,0 - 0
4,لَا يَظْلِمُ مِثْقَالَ,40,م - م,51,متماثلان,0 - 0
4,ٱلرَّسُولَ لَوْ,42,ل - ل,51,متماثلان,0 - 0
4,أَعْلَمُ بِأَعْدَآئِكُمْ,45,م - ب,51,متجانسان,0 - 0
4,ٱلصَّـٰلِحَـٰتِ سَنُدْخِلُهُمْ,57,ت - س,51,متجانسان,0 - 0
4,قِيلَ لَهُمْ,61,ل - ل,51,متماثلان,0 - 0
4,ٱلرَّسُولِ رَأَيْتَ,61,ل - ر,51,متجانسان,0 - 0
4,وَٱسْتَغْفَرَ لَهُمُ,64,ر - ل,51,متجانسان,0 - 0
4,ٱلرَّسُولُ لَوَجَدُوا۟,64,ل - ل,51,متماثلان,0 - 0
4,قِيلَ لَهُمْ,77,ل - ل,51,متماثلان,0 - 0
4,ٱلْقِتَالَ لَوْلَآ,77,ل - ل,51,متماثلان,0 - 0
4,عِندِكَ قُلْ,78,ك - ق,51,متجانسان,0 - 0
4,حَيْثُ ثَقِفْتُمُوهُمْ,91,ث - ث,51,متماثلان,0 - 0
4,فَتَحْرِيرُ رَقَبَةٍ,92,ر - ر,51,متماثلان,0 - 0
4,فَتَحْرِيرُ رَقَبَةٍ,92,ر - ر,51,متماثلان,0 - 0
4,وَتَحْرِيرُ رَقَبَةٍ,92,ر - ر,51,متماثلان,0 - 0
4,كَذَٰلِكَ كُنتُم,94,ك - ك,51,متماثلان,0 - 0
4,ٱلْمَلَـٰٓئِكَةُ ظَالِمِىٓ,97,ت - ظ,51,متجانسان,0 - 0
4,وَلْتَأْتِ طَآئِفَةٌ,102,ت - ط,51,متجانسان,0 - 0
4,ٱلْكِتَـٰبَ بِٱلْحَقِّ,105,ب - ب,51,متماثلان,0 - 0
4,لِتَحْكُمَ بَيْنَ,105,م - ب,52,متجانسان,0 - 0
4,تَبَيَّنَ لَهُ,115,ن - ل,52,متجانسان,0 - 0
4,ٱلْمُؤْمِنِينَ نُوَلِّهِ,115,ن - ن,52,متماثلان,0 - 0
4,وَقَالَ لَأَتَّخِذَنَّ,118,ل - ل,52,متماثلان,0 - 0
4,ٱلصَّـٰلِحَـٰتِ سَنُدْخِلُهُمْ,122,ت - س,52,متجانسان,0 - 0
4,وَلَا يُظْلَمُونَ نَقِيرًا,124,ن - ن,52,متماثلان,0 - 0
4,ذَٰلِكَ قَدِيرًا,133,ك - ق,52,متجانسان,0 - 0
4,يُرِيدُ ثَوَابَ,134,د - ث,52,متجانسان,0 - 0
4,لِيَغْفِرَ لَهُمْ,137,ر - ل,52,متجانسان,0 - 0
4,لِلْكَـٰفِرِينَ نَصِيبٌ,141,ن - ن,52,متماثلان,0 - 0
4,يَحْكُمُ بَيْنَكُمْ,141,م - ب,52,متجانسان,0 - 0
4,وَيَقُولُونَ نُؤْمِنُ,150,ن - ن,52,متماثلان,0 - 0
4,مَرْيَمَ بُهْتَـٰنًا,156,م - ب,52,متجانسان,0 - 0
4,ٱلْعِلْمِ مِنْهُمْ,162,م - م,52,متماثلان,0 - 0
4,إِلَيْكَ كَمَآ,163,ك - ك,52,متماثلان,0 - 0
4,لِيَغْفِرَ لَهُمْ,168,ر - ل,52,متجانسان,0 - 0
4,يَسْتَفْتُونَكَ قُلِ,176,ك - ق,52,متجانسان,0 - 0
5,يَحْكُمُ مَا,1,م - م,53,متماثلان,0 - 0
5,وَاثَقَكُم,7,ق - ك,53,متجانسان,0 - 0
5,تَطَّلِعُ عَلَىٰ,13,ع - ع,53,متماثلان,0 - 0
5,يُبَيِّنُ لَكُمْ,15,ن - ل,53,متجانسان,0 - 0
5,ٱللَّهَ هُوَ,17,ه - ه,53,متماثلان,0 - 0
5,يَغْفِرُ لِمَن,18,ر - ل,53,متجانسان,0 - 0
5,وَيُعَذِّبُ مَن,18,ب - م,53,متجانسان,0 - 0
5,قَالَ رَجُلَانِ,23,ل - ر,53,متجانسان,0 - 0
5,قَالَ رَبِّ,25,ل - ر,53,متجانسان,0 - 0
5,ءَادَمَ بِٱلْحَقِّ,27,م - ب,53,متجانسان,0 - 0
5,قَالَ لَأَقْتُلَنَّكَ,27,ل - ل,53,متماثلان,0 - 0
5,لَأَقْتُلَنَّكَ قَالَ,27,ك - ق,53,متجانسان,0 - 0
5,ذَٰلِكَ كَتَبْنَا,32,ك - ك,53,متماثلان,0 - 0
5,بِٱلْبَيِّنَـٰتِ ثُمَّ,32,ت - ث,53,متجانسان,0 - 0
5,مِنۢ بَعْدِ ظُلْمِهِ,39,د - ظ,53,متجانسان,0 - 0
5,يُعَذِّبُ مَن,40,ب - م,53,متجانسان,0 - 0
5,وَيَغْفِرُ لِمَن,40,ر - ل,53,متجانسان,0 - 0
5,ٱلرَّسُولُ لَا,41,ل - ل,53,متماثلان,0 - 0
5,ٱلْكَلِمَ مِنۢ بَعْدِ,41,م - م,53,متماثلان,0 - 0
5,مِنۢ بَعْدِ ذَٰلِكَ,43,د - ذ,53,متجانسان,0 - 0
5,يَحْكُمُ بِهَا,44,م - ب,53,متجانسان,0 - 0
5,مَرْيَمَ مُصَدِّقًا,46,م - م,53,متماثلان,0 - 0
5,فِيهِ هُدًى,46,ه - ه,53,متماثلان,0 - 0
5,ٱلْكِتَـٰبَ بِٱلْحَقِّ,48,ب - ب,53,متماثلان,0 - 0
5,يَقُولُونَ نَخْشَىٰٓ,52,ن - ن,53,متماثلان,0 - 0
5,حِزْبَ ٱللَّهِ هُمُ,56,ه - ه,54,متماثلان,0 - 0
5,أَعْلَمُ بِمَا,61,م - ب,54,متجانسان,0 - 0
5,يُنفِقُ كَيْفَ,64,ق - ك,54,متجانسان,0 - 0
5,إِنَّ ٱللَّهَ هُوَ,72,ه - ه,54,متماثلان,0 - 0
5,ثَالِثُ ثَلَـٰثَةٍ,73,ث - ث,54,متماثلان,0 - 0
5,نُبَيِّنُ لَهُمُ,75,ن - ل,54,متجانسان,0 - 0
5,ٱلْأَيَـٰتِ ثُمَّ,75,ت - ث,54,متجانسان,0 - 0
5,وَٱللَّهُ هُوَ,76,ه - ه,54,متماثلان,0 - 0
5,ٱلسَّبِيلِ لُعِنَ,77-78,ل - ل,54,متماثلان,0 - 0
5,رَزَقَكُمُ,88,ق - ك,54,متجانسان,0 - 0
5,تَحْرِيرُ رَقَبَةٍ,89,ر - ر,54,متماثلان,0 - 0
5,ذَٰلِكَ كَفَّـٰرَةُ,89,ك - ك,54,متماثلان,0 - 0
5,ٱلصَّـٰلِحَـٰتِ جُنَاحٌ,93,ت - ج,54,متجانسان,0 - 0
5,ٱلصَّـٰلِحَـٰتِ ثُمَّ,93,ت - ث,54,متجانسان,0 - 0
5,ٱلصَّيْدِ تَنَالُهُٓ,94,د - ت,54,متجانسان,0 - 0
5,يَحْكُمُ بِهِ,95,م - ب,54,متجانسان,0 - 0
5,طَعَامُ مَسَـٰكِينَ,95,م - م,54,متماثلان,0 - 0
5,وَٱلْقَلَـٰٓئِدَ ذَٰلِكَ,97,د - ذ,54,متجانسان,0 - 0
5,يَعْلَمُ مَا,97,م - م,54,متماثلان,0 - 0
5,يَعْلَمُ مَا,99,م - م,54,متماثلان,0 - 0
5,أَعْجَبَكَ كَثْرَةُ,100,ك - ك,54,متماثلان,0 - 0
5,قِيلَ لَهُمْ,104,ل - ل,54,متماثلان,0 - 0
5,ٱلْمَوْتِ تَحْبِسُونَهُمَا,106,ت - ت,54,متماثلان,0 - 0
5,تَعْلَمُ مَا,116,م - م,54,متماثلان,0 - 0
5,أَعْلَمُ مَا,116,م - م,54,متماثلان,0 - 0
5,قَالَ ٱللَّهُ هَـٰذَا,119,ه - ه,54,متماثلان,0 - 0
6,خَلَقَكُم,2,ق - ك,55,متجانسان,0 - 0
6,وَيَعْلَمُ مَا,3,م - م,55,متماثلان,0 - 0
6,عَلَيْكَ كِتَـٰبًا,7,ك - ك,55,متماثلان,0 - 0
6,هُوَ وَإِن,17,و - و,55,متماثلان,0 - 0
6,أَظْلَمُ مِمَّنِ,21,م - م,55,متماثلان,0 - 0
6,كَذَّبَ بِـَٔايَـٰتِهِٓ,21,ب - ب,55,متماثلان,0 - 0
6,نَقُولُ لِلَّذِينَ,22,ل - ل,55,متماثلان,0 - 0
6,وَلَا نُكَذِّبَ بِـَٔايَـٰتِ,27,ب - ب,55,متماثلان,0 - 0
6,ٱلْعَذَابَ بِمَا,30,ب - ب,55,متماثلان,0 - 0
6,وَلَا مُبَدِّلَ لِكَلِمَـٰتِ,34,ل - ل,55,متماثلان,0 - 0
6,وَزَيَّنَ لَهُمُ,43,ن - ل,55,متجانسان,0 - 0
6,ٱلْءَايَـٰتِ ثُمَّ,46,ت - ث,55,متجانسان,0 - 0
6,ٱلْعَذَابُ بِمَا,49,ب - ب,55,متماثلان,0 - 0
6,أَقُولُ لَكُمْ,50,ل - ل,55,متماثلان,0 - 0
6,أَقُولُ لَكُمْ,50,ل - ل,55,متماثلان,0 - 0
6,بِأَعْلَمَ بِٱلشَّـٰكِرِينَ,53,م - ب,55,متجانسان,0 - 0
6,أَعْلَمُ بِٱلظَّـٰلِمِينَ,58,م - ب,55,متجانسان,0 - 0
6,هُوَ وَيَعْلَمُ,59,و - و,55,متماثلان,0 - 0
6,وَيَعْلَمُ مَا,59,م - م,55,متماثلان,0 - 0
6,وَيَعْلَمُ مَا,60,م - م,55,متماثلان,0 - 0
6,ٱلْمَوْتُ تَوَفَّتْهُ,61,ت - ت,55,متماثلان,0 - 0
6,وَكَذَّبَ بِهِ,66,ب - ب,55,متماثلان,0 - 0
6,هُدَى ٱللَّهِ هُوَ,71,ه - ه,55,متماثلان,0 - 0
6,إِبْرَٰهِيمَ مَلَكُوتَ,75,م - م,55,متماثلان,0 - 0
6,ٱلَّيْلُ رَءَا,76,ل - ر,55,متجانسان,0 - 0
6,قَالَ لَآ,76,ل - ل,55,متماثلان,0 - 0
6,قَالَ لَئِن,77,ل - ل,55,متماثلان,0 - 0
6,أَظْلَمُ مِمَّنِ,93,م - م,55,متماثلان,0 - 0
6,جَعَلَ لَكُمُ,97,ل - ل,55,متماثلان,0 - 0
6,وَخَلَقَ كُلَّ,101,ق - ك,55,متجانسان,0 - 0
6,خَـٰلِقُ كُلِّ,102,ق - ك,56,متجانسان,0 - 0
6,هُوَ وَأَعْرِضْ,106,و - و,56,متماثلان,0 - 0
6,لَّا مُبَدِّلَ لِكَلِمَـٰتِهِ,115,ل - ل,56,متماثلان,0 - 0
6,أَعْلَمُ مَن,117,م - م,56,متماثلان,0 - 0
6,أَعْلَمُ بِٱلْمُهْتَدِينَ,117,م - ب,56,متجانسان,0 - 0
6,فَصَّلَ لَكُم,119,ل - ل,56,متماثلان,0 - 0
6,أَعْلَمُ بِٱلْمُعْتَدِينَ,119,م - ب,56,متجانسان,0 - 0
6,زُيِّنَ لِلْكَـٰفِرِينَ,122,ن - ل,56,متجانسان,0 - 0
6,يَجْعَلُ رِسَالَتَهُ,124,ل - ر,56,متجانسان,0 - 0
6,وَهُوَ وَلِيُّهُم,127,و - و,56,متماثلان,0 - 0
6,زَيَّنَ لِكَثِيرٍ,137,ن - ل,56,متجانسان,0 - 0
6,رَزَقَكُمُ,142,ق - ك,56,متجانسان,0 - 0
6,ٱلْأُنثَيَيْنِ نَبِّـُٔونِى,143,ن - ن,56,متماثلان,0 - 0
6,أَظْلَمُ مِمَّنِ,144,م - م,56,متماثلان,0 - 0
6,كَذَٰلِكَ كَذَّبَ,148,ك - ك,56,متماثلان,0 - 0
6,نَّحْنُ نَرْزُقُكُمْ,151,ن - ن,56,متماثلان,0 - 0
6,نَرْزُقُكُمْ,151,ق - ك,56,متجانسان,0 - 0
6,أَظْلَمُ مِمَّن,157,م - م,56,متماثلان,0 - 0
6,كَذَّبَ بِـَٔايَـٰتِ,157,ب - ب,56,متماثلان,0 - 0
6,ٱلْعَذَابِ بِمَا,157,ب - ب,56,متماثلان,0 - 0
7,أَمَرْتُكَ قَالَ,12,ك - ق,57,متجانسان,0 - 0
7,جَهَنَّمَ مِنكُمْ,18,م - م,57,متماثلان,0 - 0
7,حَيْثُ شِئْتُمَا,19,ث - ش,57,متجانسان,0 - 0
7,يَنزِعُ عَنْهُمَا,27,ع - ع,57,متماثلان,0 - 0
7,هُوَ وَقَبِيلُهُ,27,و - و,57,متماثلان,0 - 0
7,أَمَرَ رَبِّى,29,ر - ر,57,متماثلان,0 - 0
7,مِنَ ٱلرِّزْقِ قُلْ,32,ق - ق,57,متماثلان,0 - 0
7,أَظْلَمُ مِمَّنِ,37,م - م,57,متماثلان,0 - 0
7,كَذَّبَ بِـَٔايَـٰتِهِٓ,37,ب - ب,57,متماثلان,0 - 0
7,قَالَ لِكُلٍّ,38,ل - ل,57,متماثلان,0 - 0
7,ٱلْعَذَابَ بِمَا,39,ب - ب,57,متماثلان,0 - 0
7,جَهَنَّمَ مِهَادٌ,41,م - م,57,متماثلان,0 - 0
7,رُسُلُ رَبِّنَا,43,ل - ر,57,متجانسان,0 - 0
7,وَٱلنُّجُومَ مُسَخَّرَٰتٍۭ,54,م - م,57,متماثلان,0 - 0
7,رُسُلُ رَبِّنَا,53,ل - ر,57,متجانسان,0 - 0
7,رَزَقَكُمُ,50,ق - ك,57,متجانسان,0 - 0
7,ٱلَّذِينَ نَسُوهُ,53,ن - ن,57,متماثلان,0 - 0
7,وَأَعْلَمُ مِنَ,62,م - م,57,متماثلان,0 - 0
7,وَقَعَ عَلَيْكُم,71,ع - ع,57,متماثلان,0 - 0
7,أَمْرِ رَبِّهِمْ,77,ر - ر,57,متماثلان,0 - 0
7,قَالَ لِقَوْمِهِٓ,80,ل - ل,57,متماثلان,0 - 0
7,مَا سَبَقَكُم,80,ق - ك,57,متجانسان,0 - 0
7,وَنَطْبَعُ عَلَىٰ,100,ع - ع,57,متماثلان,0 - 0
7,نَّكُونَ نَحْنُ,115,ن - ن,57,متماثلان,0 - 0
7,ٱلسَّحَرَةُ سَـٰجِدِينَ,120,ت - س,57,متجانسان,0 - 0
7,ءَاذَنَ لَكُمْ,123,ن - ل,57,متجانسان,0 - 0
7,تَنقِمُ مِنَّآ,126,م - م,57,متماثلان,0 - 0
7,وَءَالِهَتَكَ قَالَ,127,ك - ق,57,متجانسان,0 - 0
7,نَحْنُ لَكَ,132,ن - ل,58,متجانسان,0 - 0
7,وَقَعَ عَلَيْهِمُ,134,ع - ع,58,متماثلان,0 - 0
7,وَيَسْتَحْيُونَ نِسَآءَكُمْ,141,ن - ن,58,متماثلان,0 - 0
7,لِأَخِيهِ هَـٰرُونَ,142,ه - ه,58,متماثلان,0 - 0
7,قَالَ رَبِّ,143,ل - ر,58,متجانسان,0 - 0
7,قَالَ لَن,143,ل - ل,58,متماثلان,0 - 0
7,أَفَاقَ قَالَ,143,ق - ق,58,متماثلان,0 - 0
7,قَوْمُ مُوسَىٰ,148,م - م,58,متماثلان,0 - 0
7,أَمْرَ رَبِّكُمْ,150,ر - ر,58,متماثلان,0 - 0
7,قَالَ رَبِّ,151,ل - ر,58,متجانسان,0 - 0
7,ٱلسَّيِّـَٔاتِ ثُمَّ,153,ت - ث,58,متجانسان,0 - 0
7,قَالَ رَبِّ,155,ل - ر,58,متجانسان,0 - 0
7,أُصِيبُ بِهِ,156,ب - ب,58,متماثلان,0 - 0
7,وَيَضَعُ عَنْهُمْ,157,ع - ع,58,متماثلان,0 - 0
7,وَمِن قَوْمِ مُوسَىٰٓ,159,م - م,58,متماثلان,0 - 0
7,قِيلَ لَهُمُ,161,ل - ل,58,متماثلان,0 - 0
7,حَيْثُ شِئْتُمْ,161,ث - ش,58,متجانسان,0 - 0
7,قِيلَ لَهُمْ,162,ل - ل,58,متماثلان,0 - 0
7,تَأَذَّنَ رَبُّكَ,167,ن - ر,58,متجانسان,0 - 0
7,سَيُغْفَرُ لَنَا,169,ر - ل,58,متجانسان,0 - 0
7,ءَادَمَ مِن,172,م - م,58,متماثلان,0 - 0
7,أُو۟لَـٰٓئِكَ كَٱلْأَنْعَـٰمِ,179,ك - ك,58,متماثلان,0 - 0
7,يَسْـَٔلُونَكَ كَأَنَّكَ,187,ك - ك,58,متماثلان,0 - 0
7,خَلَقَكُم,189,ق - ك,58,متجانسان,0 - 0
7,يَسْتَطِيعُونَ نَصْرَكُمْ,197,ن - ن,58,متماثلان,0 - 0
7,ٱلْعَفْوَ وَأْمُرْ بِٱلْعُرْفِ,199,و - و,58,متماثلان,0 - 0
7,مِنَ ٱلشَّيْطَـٰنِ نَزْغٌ,200,ن - ن,58,متماثلان,0 - 0
8,ٱلْأَنفَالُ لِلَّهِ,1,ل - ل,59,متماثلان,0 - 0
8,ٱلشَّوْكَةِ تَكُونُ,7,ت - ت,59,متماثلان,0 - 0
8,وَرَزَقَكُم مِّنَ,26,م - م,59,متماثلان,0 - 0
8,ٱلْعَذَابَ بِمَا,35,ب - ب,59,متماثلان,0 - 0
8,مَنَامِكَ قَلِيلًا,43,ك - ق,59,متجانسان,0 - 0
8,وَقَالَ لَا,48,ل - ل,59,متماثلان,0 - 0
8,ٱلْيَوْمَ مِنَ,48,م - م,59,متماثلان,0 - 0
8,ٱلْفِئَتَانِ نَكَصَ,48,ن - ن,59,متماثلان,0 - 0
8,زَيَّنَ لَهُمُ,48,ن - ل,59,متجانسان,0 - 0
8,إِنَّهُ هُوَ,61,ه - ه,59,متماثلان,0 - 0
8,حَسْبَكَ ٱللَّهُ هُوَ,62,ه - ه,59,متماثلان,0 - 0
9,بَعْدِ ذَٰلِكَ,27,د - ذ,59,متجانسان,0 - 0
9,ٱلْمُشْرِكُونَ نَجَسٌ,28,ن - ن,59,متماثلان,0 - 0
9,ذَٰلِكَ قَوْلُهُم,30,ك - ق,59,متجانسان,0 - 0
9,أَرْسَلَ رَسُولَهُ,33,ل - ر,59,متجانسان,0 - 0
9,زُيِّنَ لَهُمْ,37,ن - ل,59,متجانسان,0 - 0
9,قِيلَ لَكُمُ,38,ل - ل,59,متماثلان,0 - 0
9,يَقُولُ لِصَـٰحِبِهِ,40,ل - ل,59,متماثلان,0 - 0
9,وَكَلِمَةُ ٱللَّهِ هِىَ,40,ه - ه,59,متماثلان,0 - 0
9,يَتَبَيَّنَ لَكَ,43,ن - ل,59,متجانسان,0 - 0
9,فِى ٱلْفِتْنَةِ سَقَطُوا۟,49,ت - س,59,متجانسان,0 - 0
9,وَنَحْنُ نَتَرَبَّصُ,52,ن - ن,59,متماثلان,0 - 0
9,وَيُؤْمِنُ لِلْمُؤْمِنِينَ,61,ن - ل,59,متجانسان,0 - 0
9,وَٱلْمُؤْمِنَـٰتِ جَنَّـٰتٍ,72,ت - ج,60,متجانسان,0 - 0
9,وَطُبِعَ عَلَىٰ,87,ع - ع,60,متماثلان,0 - 0
9,لِيُؤْذَنَ لَهُمْ,90,ن - ل,60,متجانسان,0 - 0
9,نُّؤْمِنَ لَكُمْ,94,ن - ل,60,متجانسان,0 - 0
9,يُنفِقُ قُرُبَـٰتٍ,99,ق - ق,60,متماثلان,0 - 0
9,ٱللَّهَ هُوَ,104,ه - ه,60,متماثلان,0 - 0
9,ٱللَّهَ هُوَ,104,ه - ه,60,متماثلان,0 - 0
9,تَبَيَّنَ لَهُٓ,114,ن - ل,60,متجانسان,0 - 0
9,تَبَيَّنَ لَهُٓ,114,ن - ل,60,متجانسان,0 - 0
9,يُبَيِّنَ لَهُم,115,ن - ل,60,متجانسان,0 - 0
9,كَادَ تَزِيغُ,117,د - ت,60,متجانسان,0 - 0
9,ٱللَّهَ هُوَ,118,ه - ه,60,متماثلان,0 - 0
9,يُنفِقُونَ نَفَقَةً,121,ن - ن,60,متماثلان,0 - 0
9,زَادَتْهُ هَـٰذِهِٓ,124,ه - ه,60,متماثلان,0 - 0
9,نَحْنُ نَعْلَمُهُمْ,101,ن - ن,60,متماثلان,0 - 0
10,مَنَازِلَ لِتَعْلَمُوا۟,5,ل - ل,60,متماثلان,0 - 0
10,بِٱلْخَيْرِ لَقُضِىَ,11,ر - ل,60,متجانسان,0 - 0
10,زُيِّنَ لِلْمُسْرِفِينَ,12,ن - ل,60,متجانسان,0 - 0
10,خَلَـٰٓئِفَ فِى,14,ف - ف,61,متماثلان,0 - 0
10,أَظْلَمُ مِمَّنِ,17,م - م,61,متماثلان,0 - 0
10,كَذَّبَ بِـَٔايَـٰتِهِٓ,17,ب - ب,61,متماثلان,0 - 0
10,مِّنۢ بَعْدِ ضَرَّآءَ,21,د - ض,61,متجانسان,0 - 0
10,ٱلسَّيِّـَٔاتِ جَزَآءُ,27,ت - ج,61,متجانسان,0 - 0
10,نَقُولُ لِلَّذِينَ,28,ل - ل,61,متماثلان,0 - 0
10,يَرْزُقُكُم,31,ق - ك,61,متجانسان,0 - 0
10,كَذَٰلِكَ كَذَّبَ,39,ك - ك,61,متماثلان,0 - 0
10,أَعْلَمُ بِٱلْمُفْسِدِينَ,40,م - ب,61,متجانسان,0 - 0
10,قِيلَ لِلَّذِينَ,52,ل - ل,61,متماثلان,0 - 0
10,أَذِنَ لَكُمْ,59,ن - ل,61,متجانسان,0 - 0
10,لَا تَبْدِيلَ لِكَلِمَـٰتِ,64,ل - ل,61,متماثلان,0 - 0
10,جَعَلَ لَكُمُ,67,ل - ل,61,متماثلان,0 - 0
10,ٱلَّيْلَ لِتَسْكُنُوا۟,67,ل - ل,61,متماثلان,0 - 0
10,سُبْحَـٰنَهُ هُوَ,68,ه - ه,61,متماثلان,0 - 0
10,قَالَ لِقَوْمِهِ,71,ل - ل,61,متماثلان,0 - 0
10,نَطْبَعُ عَلَىٰ,74,ع - ع,61,متماثلان,0 - 0
10,وَتَكُونَ لَكُمَا,78,ن - ل,61,متجانسان,0 - 0
10,قَالَ لَهُم,80,ل - ل,61,متماثلان,0 - 0
10,ءَامَنَ لِمُوسَىٰٓ,83,ن - ل,61,متجانسان,0 - 0
10,ٱلْغَرَقُ قَالَ,90,ق - ق,61,متماثلان,0 - 0
10,هُوَ وَإِن,107,و - و,61,متماثلان,0 - 0
10,يُصِيبُ بِهِ,107,ب - ب,61,متماثلان,0 - 0
11,يَعْلَمُ مَا,5,م - م,62,متماثلان,0 - 0
11,وَيَعْلَمُ مُسْتَقَرَّهَا,6,م - م,62,متماثلان,0 - 0
11,أَظْلَمُ مِمَّنِ,18,م - م,62,متماثلان,0 - 0
11,وَيَـٰقَوْمِ مَن,30,م - م,62,متماثلان,0 - 0
11,أَقُولُ لَكُمْ,31,ل - ل,62,متماثلان,0 - 0
11,أَقُولُ لِلَّذِينَ,31,ل - ل,62,متماثلان,0 - 0
11,أَعْلَمُ بِمَا,31,م - ب,62,متجانسان,0 - 0
11,ٱلْيَوْمَ مِنْ,43,م - م,62,متماثلان,0 - 0
11,فَقَالَ رَبِّ,45,ل - ر,62,متجانسان,0 - 0
11,قَالَ رَبِّ,47,ل - ر,62,متجانسان,0 - 0
11,نَحْنُ لَكَ,53,ن - ل,62,متجانسان,0 - 0
11,غَيْرُهُ هُوَ,61,ه - ه,62,متماثلان,0 - 0
11,خِزْىِ يَوْمِئِذٍ,66,ي - ي,62,متماثلان,0 - 0
11,أَمْرُ رَبِّكَ,76,ر - ر,62,متماثلان,0 - 0
11,أَطْهَرُ لَكُمْ,78,ر - ل,62,متجانسان,0 - 0
11,لَتَعْلَمُ مَا,79,م - م,62,متماثلان,0 - 0
11,قَالَ لَوْ,80,ل - ل,62,متماثلان,0 - 0
11,رُسُلُ رَبِّكَ,81,ل - ر,62,متجانسان,0 - 0
11,ٱلْمَرْفُودُ ذَٰلِكَ,99-100,د - ذ,62,متجانسان,0 - 0
11,أَمْرُ رَبِّكَ,101,ر - ر,62,متماثلان,0 - 0
11,ٱلْءَاخِرَةِ ذَٰلِكَ,103,ت - ذ,62,متجانسان,0 - 0
11,ٱلنَّارِ لَهُمْ,106,ر - ل,62,متجانسان,0 - 0
11,فَٱخْتُلِفَ فِيهِ,110,ف - ف,62,متماثلان,0 - 0
11,ٱلصَّلَوٰةَ طَرَفَىِ,114,ت - ط,62,متجانسان,0 - 0
11,ٱلسَّيِّـَٔاتِ ذَٰلِكَ,114,ت - ذ,62,متجانسان,0 - 0
11,جَهَنَّمَ مِنَ,119,م - م,62,متماثلان,0 - 0
12,تَعْقِلُونَ نَحْنُ,2-3,ن - ن,63,متماثلان,0 - 0
12,نَحْنُ نَقُصُّ,3,ن - ن,63,متماثلان,0 - 0
12,وَٱلْقَمَرَ رَأَيْتُهُمْ,4,ر - ر,63,متماثلان,0 - 0
12,لَكَ كَيْدًا,5,ك - ك,63,متماثلان,0 - 0
12,يَخْلُ لَكُمْ,9,ل - ل,63,متماثلان,0 - 0
12,دَرَٰهِمَ مَعْدُودَةٍ,20,م - م,63,متماثلان,0 - 0
12,لِيُوسُفَ فِى,21,ف - ف,63,متماثلان,0 - 0
12,لَكَ قَالَ,23,ك - ق,63,متجانسان,0 - 0
12,وَشَهِدَ شَاهِدٌ,26,د - ش,63,متجانسان,0 - 0
12,إِنَّكِ كُنتِ,29,ك - ك,63,متماثلان,0 - 0
12,قَالَ رَبِّ,33,ل - ر,63,متجانسان,0 - 0
12,إِنَّهُ هُوَ,34,ه - ه,63,متماثلان,0 - 0
12,قَالَ لَا,37,ل - ل,63,متماثلان,0 - 0
12,وَقَالَ لِلَّذِى,42,ل - ل,63,متماثلان,0 - 0
12,ذِكْرَ رَبِّهِ,42,ر - ر,63,متماثلان,0 - 0
12,مِنۢ بَعْدِ ذَٰلِكَ,48,د - ذ,63,متجانسان,0 - 0
12,مِنۢ بَعْدِ ذَٰلِكَ,49,د - ذ,63,متجانسان,0 - 0
12,لِيُوسُفَ فِى,56,ف - ف,63,متماثلان,0 - 0
12,نُصِيبُ بِرَحْمَتِنَا,56,ب - ب,63,متماثلان,0 - 0
12,يُوسُفَ فَدَخَلُوا۟,58,ف - ف,63,متماثلان,0 - 0
12,كَيْلَ لَكُمْ,60,ل - ل,63,متماثلان,0 - 0
12,وَقَالَ لِفِتْيَـٰنِهِ,62,ل - ل,63,متماثلان,0 - 0
12,ذَٰلِكَ كَيْلٌ,65,ك - ك,63,متماثلان,0 - 0
12,قَالَ لَنْ,66,ل - ل,63,متماثلان,0 - 0
12,نَفْقِدُ صُوَاعَ,72,د - ص,63,متجانسان,0 - 0
12,كَذَٰلِكَ كِدْنَا,76,ك - ك,63,متماثلان,0 - 0
12,يُوسُفُ فِى,77,ف - ف,64,متماثلان,0 - 0
12,أَعْلَمُ بِمَا,77,م - ب,64,متجانسان,0 - 0
12,يُوسُفَ فَلَنْ,80,ف - ف,64,متماثلان,0 - 0
12,يَأْذَنَ لِىٓ,80,ن - ل,64,متجانسان,0 - 0
12,إِنَّهُ هُوَ,83,ه - ه,64,متماثلان,0 - 0
12,وَأَعْلَمُ مِنَ,86,م - م,64,متماثلان,0 - 0
12,قَالَ لَا,92,ل - ل,64,متماثلان,0 - 0
12,أَعْلَمُ مِنَ,96,م - م,64,متماثلان,0 - 0
12,أَسْتَغْفِرُ لَكُمْ,98,ر - ل,64,متجانسان,0 - 0
12,إِنَّهُ هُوَ,98,ه - ه,64,متماثلان,0 - 0
12,تَأْوِيلُ رُءْيَـٰىَ,100,ل - ر,64,متجانسان,0 - 0
12,إِنَّهُ هُوَ,100,ه - ه,64,متماثلان,0 - 0
12,وَٱلْءَاخِرَةِ تَوَفَّنِى,101,ت - ت,64,متماثلان,0 - 0
13,ٱلثَّمَرَٰتِ جَعَلَ,3,ت - ج,64,متجانسان,0 - 0
13,يَعْلَمُ مَا,8,م - م,64,متماثلان,0 - 0
13,بِٱلنَّهَارِ لَهُ,10-11,ر - ل,64,متجانسان,0 - 0
13,فَيُصِيبُ بِهَا,13,ب - ب,64,متماثلان,0 - 0
13,ٱلْمِحَالِ لَهُ,13-14,ل - ل,64,متماثلان,0 - 0
13,خَـٰلِقُ كُلِّ,16,ق - ك,64,متجانسان,0 - 0
13,ٱلْأَمْثَالَ لِلَّذِينَ,17-18,ل - ل,64,متماثلان,0 - 0
13,ٱلصَّـٰلِحَـٰتِ طُوبَىٰ,29,ت - ط,64,متجانسان,0 - 0
13,كُلِّمَ بِهِ,31,م - ب,64,متجانسان,0 - 0
13,زُيِّنَ لِلَّذِينَ,33,ن - ل,64,متجانسان,0 - 0
13,ٱلْعِلْمِ مَا لَكَ,37,م - م,64,متماثلان,0 - 0
13,يَعْلَمُ مَا,42,م - م,64,متماثلان,0 - 0
13,ٱلْكُفَّـٰرُ لِمَنْ,42,ر - ل,64,متجانسان,0 - 0
14,لِيُبَيِّنَ لَهُمْ,4,ن - ل,65,متجانسان,0 - 0
14,وَيَسْتَحْيُونَ نِسَآءَكُمْ,6,ن - ن,65,متماثلان,0 - 0
14,تَأَذَّنَ رَبُّكُمْ,7,ن - ر,65,متجانسان,0 - 0
14,لِيَغْفِرَ لَكُم,10,ر - ل,65,متجانسان,0 - 0
14,ٱلصَّـٰلِحَـٰتِ جَنَّـٰتٍ,23,ت - ج,65,متجانسان,0 - 0
14,ٱلْأَمْثَالَ لِلنَّاسِ,25,ل - ل,65,متماثلان,0 - 0
14,يَأْتِىَ يَوْمٌ,31,ي - ي,65,متماثلان,0 - 0
14,وَسَخَّرَ لَكُمُ ٱلْفُلْكَ,32,ر - ل,65,متجانسان,0 - 0
14,وَسَخَّرَ لَكُمُ ٱلْأَنْهَـٰرَ,32,ر - ل,65,متجانسان,0 - 0
14,وَسَخَّرَ لَكُمُ ٱلشَّمْسَ,33,ر - ل,65,متجانسان,0 - 0
14,وَسَخَّرَ لَكُمُ ٱلَّيْلَ,33,ر - ل,65,متجانسان,0 - 0
14,تَعْلَمُ مَا,38,م - م,65,متماثلان,0 - 0
14,وَتَبَيَّنَ لَكُمْ,45,ن - ل,65,متجانسان,0 - 0
14,كَيْفَ فَعَلْنَا,45,ف - ف,65,متماثلان,0 - 0
14,ٱلْأَصْفَادِ سَرَابِيلُهُم,49-50,د - س,65,متجانسان,0 - 0
14,ٱلنَّارُ لِيَجْزِىَ,50-51,ر - ل,65,متجانسان,0 - 0
15,نَحْنُ نَزَّلْنَا,9,ن - ن,65,متماثلان,0 - 0
15,لَنَحْنُ نُحْىِ,23,ن - ن,65,متماثلان,0 - 0
15,قَالَ رَبُّكَ,28,ل - ر,65,متجانسان,0 - 0
15,قَالَ لَمْ,33,ل - ل,65,متماثلان,0 - 0
15,قَالَ رَبِّ,36,ل - ر,66,متجانسان,0 - 0
15,قَالَ رَبِّ,39,ل - ر,66,متجانسان,0 - 0
15,بِمُخْرَجِينَ نَبِّئْ,48-49,ن - ن,66,متماثلان,0 - 0
15,ءَالَ لُوطٍ,59,ل - ل,66,متماثلان,0 - 0
15,ءَالَ لُوطٍ,61,ل - ل,66,متماثلان,0 - 0
15,حَيْثُ تُؤْمَرُونَ,65,ث - ت,66,متجانسان,0 - 0
16,وَسَخَّرَ لَكُمُ,12,ر - ل,66,متجانسان,0 - 0
16,وَٱلنُّجُومُ مُسَخَّرَٰتٌۢ,12,م - م,66,متماثلان,0 - 0
16,يَخْلُقُ كَمَن,17,ق - ك,66,متجانسان,0 - 0
16,يَعْلَمُ مَا,19,م - م,66,متماثلان,0 - 0
16,يَعْلَمُ مَا,23,م - م,66,متماثلان,0 - 0
16,قِيلَ لَهُم,24,ل - ل,66,متماثلان,0 - 0
16,أَنزَلَ رَبُّكُمْ,24,ل - ر,66,متجانسان,0 - 0
16,ٱلْمَلَـٰٓئِكَةُ ظَالِمِىٓ,28,ت - ظ,66,متجانسان,0 - 0
16,ٱلسَّلَمَ مَا,28,م - م,66,متماثلان,0 - 0
16,وَقِيلَ لِلَّذِينَ,30,ل - ل,66,متماثلان,0 - 0
16,أَنزَلَ رَبُّكُمْ,30,ل - ر,66,متجانسان,0 - 0
16,ٱلْأَنْهَـٰرُ لَهُمْ,31,ر - ل,66,متجانسان,0 - 0
16,ٱلْمَلَـٰٓئِكَةُ طَيِّبِينَ,32,ت - ط,66,متجانسان,0 - 0
16,أَمْرُ رَبِّكَ,33,ر - ر,66,متماثلان,0 - 0
16,رَبِّكَ كَذَٰلِكَ,33,ك - ك,66,متماثلان,0 - 0
16,لِيُبَيِّنَ لَهُمُ,39,ن - ل,66,متجانسان,0 - 0
16,نَّقُولَ لَهُ,40,ل - ل,66,متماثلان,0 - 0
16,أَكْبَرُ لَوْ,41,ر - ل,66,متجانسان,0 - 0
16,لِتُبَيِّنَ لِلنَّاسِ,44,ن - ل,67,متجانسان,0 - 0
16,يَعْلَمُونَ نَصِيبًا,56,ن - ن,67,متماثلان,0 - 0
16,ٱلْبَنَـٰتِ سُبْحَـٰنَهُ,57,ت - س,67,متجانسان,0 - 0
16,ٱلْقَوْمِ مِن,59,م - م,67,متماثلان,0 - 0
16,فَزَيَّنَ لَهُمُ,63,ن - ل,67,متجانسان,0 - 0
16,فَهُوَ وَلِيُّهُمُ,63,و - و,67,متماثلان,0 - 0
16,لِتُبَيِّنَ لَهُمُ,64,ن - ل,67,متجانسان,0 - 0
16,سُبُلَ رَبِّكِ,69,ل - ر,67,متجانسان,0 - 0
16,خَلَقَكُمْ,70,ق - ك,67,متجانسان,0 - 0
16,ٱلْعُمُرِ لِكَىْ لَا,70,ر - ل,67,متجانسان,0 - 0
16,يَعْلَمَ بَعْدَ,70,م - ب,67,متجانسان,0 - 0
16,جَعَلَ لَكُم,72,ل - ل,67,متماثلان,0 - 0
16,وَجَعَلَ لَكُم,72,ل - ل,67,متماثلان,0 - 0
16,وَرَزَقَكُم,72,ق - ك,67,متجانسان,0 - 0
16,وَبِنِعْمَتِ ٱللَّهِ هُمْ,72,ه - ه,67,متماثلان,0 - 0
16,هُوَ وَمَن,76,و - و,67,متماثلان,0 - 0
16,وَجَعَلَ لَكُمُ,78,ل - ل,67,متماثلان,0 - 0
16,جَعَلَ لَكُم,80,ل - ل,67,متماثلان,0 - 0
16,جَعَلَ لَكُم,81,ل - ل,67,متماثلان,0 - 0
16,وَجَعَلَ لَكُم,81,ل - ل,67,متماثلان,0 - 0
16,يَعْرِفُونَ نِعْمَتَ,83,ن - ن,67,متماثلان,0 - 0
16,يُؤْذَنُ لِلَّذِينَ,84,ن - ل,67,متجانسان,0 - 0
16,ٱلْعَذَابِ بِمَا,88,ب - ب,67,متماثلان,0 - 0
16,وَٱلْبَغْىِ يَعِظُكُمْ,90,ي - ي,67,متماثلان,0 - 0
16,بَعْدَ تَوْكِيدِهَا,91,د - ت,67,متجانسان,0 - 0
16,يَعْلَمُ مَا,91,م - م,67,متماثلان,0 - 0
16,عِندَ ٱللَّهِ هُوَ خَيْرٌ,95,ه - ه,67,متماثلان,0 - 0
16,أَعْلَمُ بِمَا,101,م - ب,68,متجانسان,0 - 0
16,رَزَقَكُمُ,114,ق - ك,68,متجانسان,0 - 0
16,مِنۢ بَعْدِ ذَٰلِكَ,119,د - ذ,68,متجانسان,0 - 0
16,لَيَحْكُمُ بَيْنَهُمْ,124,م - ب,68,متجانسان,0 - 0
16,إِلَىٰ سَبِيلِ رَبِّكَ,125,ل - ر,68,متجانسان,0 - 0
16,أَعْلَمُ بِمَن,125,م - ب,68,متجانسان,0 - 0
16,أَعْلَمُ بِٱلْمُهْتَدِينَ,125,م - ب,68,متجانسان,0 - 0
17,إِنَّهُ هُوَ,1,ه - ه,68,متماثلان,0 - 0
17,وَجَعَلْنَـٰهُ هُدًى,2,ه - ه,68,متماثلان,0 - 0
17,كِتَـٰبَكَ كَفَىٰ,14,ك - ك,68,متماثلان,0 - 0
17,نُّهْلِكَ قَرْيَةً,16,ك - ق,68,متجانسان,0 - 0
17,نُّرِيدُ ثُمَّ,18,د - ث,68,متجانسان,0 - 0
17,فَأُو۟لَـٰٓئِكَ كَانَ,19,ك - ك,68,متماثلان,0 - 0
17,كَيْفَ فَضَّلْنَا,21,ف - ف,68,متماثلان,0 - 0
17,أَعْلَمُ بِمَا,25,م - ب,68,متجانسان,0 - 0
17,وَءَاتِ ذَا,26,ت - ذ,68,متجانسان,0 - 0
17,نَّحْنُ نَرْزُقُهُمْ,31,ن - ن,68,متماثلان,0 - 0
17,أُو۟لَـٰٓئِكَ كَانَ,36,ك - ك,68,متماثلان,0 - 0
17,ذَٰلِكَ كَانَ,38,ك - ك,68,متماثلان,0 - 0
17,جَهَنَّمَ مَلُومًا,39,م - م,68,متماثلان,0 - 0
17,ذِى ٱلْعَرْشِ سَبِيلًا,42,ش - س,68,متجانسان,0 - 0
17,أَعْلَمُ بِمَا,47,م - ب,68,متجانسان,0 - 0
17,أَعْلَمُ بِكُمْ,54,م - ب,68,متجانسان,0 - 0
17,أَعْلَمُ بِمَن,55,م - ب,68,متجانسان,0 - 0
17,رَبِّكَ كَانَ,57,ك - ك,69,متماثلان,0 - 0
17,كَذَّبَ بِهَا,59,ب - ب,69,متماثلان,0 - 0
17,ٱلْبَحْرِ لِتَبْتَغُوا۟,66,ر - ل,69,متجانسان,0 - 0
17,فَيُغْرِقَكُم,69,ق - ك,69,متجانسان,0 - 0
17,ٱلْمَمَاتِ ثُمَّ,75,ت - ث,69,متجانسان,0 - 0
17,أَعْلَمُ بِمَنْ,84,م - ب,69,متجانسان,0 - 0
17,أَمْرِ رَبِّى,85,ر - ر,69,متماثلان,0 - 0
17,عَلَيْكَ كَبِيرًا,87,ك - ك,69,متماثلان,0 - 0
17,نُّؤْمِنَ لَكَ,90,ن - ل,69,متجانسان,0 - 0
17,تَفْجُرَ لَنَا,90,ر - ل,69,متجانسان,0 - 0
17,نُّؤْمِنَ لِرُقِيِّكَ,93,ن - ل,69,متجانسان,0 - 0
17,وَجَعَلَ لَهُمْ,99,ل - ل,69,متماثلان,0 - 0
17,خَزَآئِنَ رَحْمَةِ رَبِّىٓ,100,ن - ر,69,متجانسان,0 - 0
17,فَقَالَ لَهُ,101,ل - ل,69,متماثلان,0 - 0
17,قَالَ لَقَدْ,102,ل - ل,69,متماثلان,0 - 0
17,ٱلْءَاخِرَةِ جِئْنَا,104,ت - ج,69,متجانسان,0 - 0
17,ٱلْعِلْمَ مِن,107,م - م,69,متماثلان,0 - 0
18,إِلَى ٱلْكَهْفِ فَقَالُوا۟,10,ف - ف,69,متماثلان,0 - 0
18,نَّحْنُ نَقُصُّ,13,ن - ن,69,متماثلان,0 - 0
18,أَظْلَمُ مِمَّنِ,15,م - م,69,متماثلان,0 - 0
18,أَعْلَمُ بِمَا,19,م - ب,69,متجانسان,0 - 0
18,أعلم بهم,21,م - ب,69,متجانسان,0 - 0
18,أَعْلَمُ بِعِدَّتِهِم,22,م - ب,69,متجانسان,0 - 0
18,أَعْلَمُ بِمَا,26,م - ب,69,متجانسان,0 - 0
18,لَا مُبَدِّلَ لِكَلِمَـٰتِهِ,27,ل - ل,69,متماثلان,0 - 0
18,تُرِيدُ زِينَةَ,28,د - ز,69,متجانسان,0 - 0
18,لِلظَّـٰلِمِينَ نَارًا,29,ن - ن,70,متماثلان,0 - 0
18,فَقَالَ لِصَـٰحِبِهِ,34,ل - ل,70,متماثلان,0 - 0
18,قَالَ لَهُ,37,ل - ل,70,متماثلان,0 - 0
18,جَنَّتَكَ قُلْتَ,39,ك - ق,70,متجانسان,0 - 0
18,نَّجْعَلَ لَكُم,48,ل - ل,70,متماثلان,0 - 0
18,أَمْرِ رَبِّهِٓ,50,ر - ر,70,متماثلان,0 - 0
18,بِٱلْبَـٰطِلِ لِيُدْحِضُوا۟,56,ل - ل,70,متماثلان,0 - 0
18,أَظْلَمُ مِمَّن,57,م - م,70,متماثلان,0 - 0
18,لَعَجَّلَ لَهُمُ,58,ل - ل,70,متماثلان,0 - 0
18,ٱلْعَذَابَ بَل,58,ب - ب,70,متماثلان,0 - 0
18,أَبْرَحُ حَتَّىٰٓ,60,ح - ح,70,متماثلان,0 - 0
18,فَٱتَّخَذَ سَبِيلَهُ,61,ذ - س,70,متجانسان,0 - 0
18,قَالَ لِفَتَىٰهُ,62,ل - ل,70,متماثلان,0 - 0
18,وَٱتَّخَذَ سَبِيلَهُ,63,ذ - س,70,متجانسان,0 - 0
18,قَالَ لَهُ,66,ل - ل,70,متماثلان,0 - 0
18,قَالَ لَا,73,ل - ل,70,متماثلان,0 - 0
18,قَالَ لَوْ,77,ل - ل,70,متماثلان,0 - 0
18,وَسَنَقُولُ لَهُ,88,ل - ل,70,متماثلان,0 - 0
18,تَطْلُعُ عَلَىٰ,90,ع - ع,70,متماثلان,0 - 0
18,نَجْعَلُ لَكَ,94,ل - ل,70,متماثلان,0 - 0
18,لِلْكَـٰفِرِينَ نُزُلًا,102,ن - ن,70,متماثلان,0 - 0
18,جَهَنَّمُ بِمَا,106,م - ب,70,متجانسان,0 - 0
19,ذِكْرُ رَحْمَتِ,2,ر - ر,70,متماثلان,0 - 0
19,قَالَ رَبِّ,4,ل - ر,70,متجانسان,0 - 0
19,ٱلْعَظْمُ مِنِّى,4,م - م,70,متماثلان,0 - 0
19,ٱلرَّأْسُ شَيْبًا,4,س - ش,70,متجانسان,0 - 0
19,قَالَ رَبِّ,8,ل - ر,71,متجانسان,0 - 0
19,كَذَٰلِكَ قَالَ,9,ك - ق,71,متجانسان,0 - 0
19,قَالَ رَبُّكَ,9,ل - ر,71,متجانسان,0 - 0
19,قَالَ رَبِّ,10,ل - ر,71,متجانسان,0 - 0
19,ٱلْكِتَـٰبَ بِقُوَّةٍ,12,ب - ب,71,متماثلان,0 - 0
19,فَتَمَثَّلَ لَهَا,17,ل - ل,71,متماثلان,0 - 0
19,رَسُولُ رَبِّكِ,19,ل - ر,71,متجانسان,0 - 0
19,كَذَٰلِكِ قَالَ,21,ك - ق,71,متجانسان,0 - 0
19,قَالَ رَبُّكِ,21,ل - ر,71,متجانسان,0 - 0
19,جَعَلَ رَبُّكِ,24,ل - ر,71,متجانسان,0 - 0
19,ٱلنَّخْلَةِ تُسَـٰقِطْ,25,ت - ت,71,متماثلان,0 - 0
19,جِئْتِ شَيْـًٔا,27,ت - ش,71,متجانسان,0 - 0
19,نُكَلِّمُ مَن,29,م - م,71,متماثلان,0 - 0
19,ٱلْمَهْدِ صَبِيًّا,29,د - ص,71,متجانسان,0 - 0
19,يَقُولُ لَهُ,35,ل - ل,71,متماثلان,0 - 0
19,فَٱعْبُدُوهُ هَـٰذَا,36,ه - ه,71,متماثلان,0 - 0
19,نَحْنُ نَرِثُ,40,ن - ن,71,متماثلان,0 - 0
19,قَالَ لِأَبِيهِ,42,ل - ل,71,متماثلان,0 - 0
19,ٱلْعِلْمِ مَا,43,م - م,71,متماثلان,0 - 0
19,سَأَسْتَغْفِرُ لَكَ,47,ر - ل,71,متجانسان,0 - 0
19,أَخَاهُ هَـٰرُونَ,53,ه - ه,71,متماثلان,0 - 0
19,هَـٰرُونَ نَبِيًّا,53,ن - ن,71,متماثلان,0 - 0
19,بِأَمْرِ رَبِّكَ,64,ر - ر,71,متماثلان,0 - 0
19,لِعِبَـٰدَتِهِ هَلْ,65,ه - ه,71,متماثلان,0 - 0
19,أَعْلَمُ بِٱلَّذِينَ,70,م - ب,71,متجانسان,0 - 0
19,وَأَحْسَنُ نَدِيًّا,73,ن - ن,71,متماثلان,0 - 0
19,وَقَالَ لَأُوتَيَنَّ,77,ل - ل,71,متماثلان,0 - 0
19,ٱلصَّـٰلِحَـٰتِ سَيَجْعَلُ,96,ت - س,71,متجانسان,0 - 0
19,سَيَجْعَلُ لَهُمُ,96,ل - ل,72,متماثلان,0 - 0
20,فَقَالَ لِأَهْلِهِ,10,ل - ل,72,متماثلان,0 - 0
20,نُودِىَ يَـٰمُوسَىٰٓ,11,ي - ي,72,متماثلان,0 - 0
20,قَالَ رَبِّ,25,ل - ر,72,متجانسان,0 - 0
20,نُسَبِّحَكَ كَثِيرًا,33,ك - ك,72,متماثلان,0 - 0
20,وَنَذْكُرَكَ كَثِيرًا,34,ك - ك,72,متماثلان,0 - 0
20,إِنَّكَ كُنتَ,35,ك - ك,72,متماثلان,0 - 0
20,وَلِتُصْنَعَ عَلَىٰ,39,ع - ع,72,متماثلان,0 - 0
20,أُمِّكَ كَىْ,40,ك - ك,72,متماثلان,0 - 0
20,قَالَ لَا,46,ل - ل,72,متماثلان,0 - 0
20,قَالَ رَبُّنَا,50,ل - ر,72,متجانسان,0 - 0
20,جَعَلَ لَكُمُ,53,ل - ل,72,متماثلان,0 - 0
20,قَالَ لَهُم,61,ل - ل,72,متماثلان,0 - 0
20,ٱلْيَوْمَ مَنِ,64,م - م,72,متماثلان,0 - 0
20,كَيْدُ سَـٰحِرٍ,69,د - س,72,متجانسان,0 - 0
20,ٱلسَّحَرَةُ سُجَّدًا,70,ت - س,72,متجانسان,0 - 0
20,ءَاذَنَ لَكُمْ,71,ن - ل,72,متجانسان,0 - 0
20,لِيَغْفِرَ لَنَا,73,ر - ل,72,متجانسان,0 - 0
20,قَالَ لَهُمْ,90,ل - ل,72,متماثلان,0 - 0
20,تَقُولَ لَا,97,ل - ل,72,متماثلان,0 - 0
20,هُوَ وَسِعَ,98,و - و,72,متماثلان,0 - 0
20,أَعْلَمُ بِمَا,104,م - ب,72,متجانسان,0 - 0
20,أَذِنَ لَهُ,109,ن - ل,72,متجانسان,0 - 0
20,يَعْلَمُ مَا,110,م - م,72,متماثلان,0 - 0
20,ءَادَمَ مِن,115,م - م,72,متماثلان,0 - 0
20,قَالَ رَبِّ,125,ل - ر,72,متجانسان,0 - 0
20,بِحَمْدِ رَبِّكَ قَبْلَ,130,ك - ق,72,متجانسان,0 - 0
20,ٱلنَّهَارِ لَعَلَّكَ,130,ر - ل,72,متجانسان,0 - 0
20,نَّحْنُ نَرْزُقُكَ,132,ن - ن,72,متماثلان,0 - 0
21,يَعْلَمُ مَا,28,م - م,73,متماثلان,0 - 0
21,ذِكْرِ رَبِّهِم,42,ر - ر,73,متماثلان,0 - 0
21,لَا يَسْتَطِيعُونَ نَصْرَ,43,ن - ن,73,متماثلان,0 - 0
21,قَالَ لِأَبِيهِ,52,ل - ل,73,متماثلان,0 - 0
21,قَالَ لَقَدْ,54,ل - ل,73,متماثلان,0 - 0
21,يُقَالُ لَهُٓ,60,ل - ل,73,متماثلان,0 - 0
21,وَيَعْلَمُ مَا,110,م - م,73,متماثلان,0 - 0
22,ٱلسَّاعَةِ شَىْءٌ,1,ت - ش,73,متجانسان,0 - 0
22,ٱلنَّاسَ سُكَـٰرَىٰ,2,س - س,73,متماثلان,0 - 0
22,لِّنُبَيِّنَ لَكُمْ,5,ن - ل,73,متجانسان,0 - 0
22,ٱلْأَرْحَامِ مَا,5,م - م,73,متماثلان,0 - 0
22,ٱلْعُمُرِ لِكَيْلَا,5,ر - ل,73,متجانسان,0 - 0
22,يَعْلَمَ مِنۢ,5,م - م,73,متماثلان,0 - 0
22,بِأَنَّ ٱللَّهَ هُوَ,6,ه - ه,73,متماثلان,0 - 0
22,وَٱلْءَاخِرَةَ ذَٰلِكَ,11,ت - ذ,73,متجانسان,0 - 0
22,ٱلصَّـٰلِحَـٰتِ جَنَّـٰتٍ,14,ت - ج,73,متجانسان,0 - 0
22,ٱلصَّـٰلِحَـٰتِ جَنَّـٰتٍ,23,ت - ج,73,متجانسان,0 - 0
22,لِلنَّاسِ سَوَآءً,25,س - س,73,متماثلان,0 - 0
22,ٱلْعَـٰكِفُ فِيهِ,25,ف - ف,73,متماثلان,0 - 0
22,لِإِبْرَٰهِيمَ مَكَانَ,26,م - م,73,متماثلان,0 - 0
22,يُدَٰفِعُ عَنِ,38,ع - ع,73,متماثلان,0 - 0
22,أُذِنَ لِلَّذِينَ,39,ن - ل,73,متجانسان,0 - 0
22,كَانَ نَكِيرِ,44,ن - ن,73,متماثلان,0 - 0
22,رَبِّكَ كَأَلْفِ,47,ك - ك,73,متماثلان,0 - 0
22,يَحْكُمُ بَيْنَهُمْ,56,م - ب,73,متجانسان,0 - 0
22,عَاقَبَ بِمِثْلِ مَا عُوقِبَ بِهِ,60,ب - ب,73,متماثلان,0 - 0
22,بِأَنَّ ٱللَّهَ هُوَ,62,ه - ه,73,متماثلان,0 - 0
22,وَأَنَّ ٱللَّهَ هُوَ,62,ه - ه,73,متماثلان,0 - 0
22,سَخَّرَ لَكُم,65,ر - ل,74,متجانسان,0 - 0
22,تَقَعَ عَلَى,65,ع - ع,74,متماثلان,0 - 0
22,أَعْلَمُ بِمَا,68,م - ب,74,متجانسان,0 - 0
22,يَحْكُمُ بَيْنَكُمْ,69,م - ب,74,متجانسان,0 - 0
22,يَعْلَمُ مَا,70,م - م,74,متماثلان,0 - 0
22,تَعْرِفُ فِى,72,ف - ف,74,متماثلان,0 - 0
22,يَعْلَمُ مَا,70,م - م,74,متماثلان,0 - 0
22,جِهَادِهِ هُوَ,78,ه - ه,74,متماثلان,0 - 0
22,بِٱللَّهِ هُوَ,78,ه - ه,74,متماثلان,0 - 0
23,ٱلْقِيَـٰمَةِ تُبْعَثُونَ,16,ت - ت,74,متماثلان,0 - 0
23,قَالَ رَبِّ,26,ل - ر,74,متجانسان,0 - 0
23,نَحْنُ لَهُ,38,ن - ل,74,متجانسان,0 - 0
23,قَالَ رَبِّ,39,ل - ر,74,متجانسان,0 - 0
23,وَأَخَاهُ هَـٰرُونَ,45,ه - ه,74,متماثلان,0 - 0
23,أَنُؤْمِنُ لِبَشَرَيْنِ,47,ن - ل,74,متجانسان,0 - 0
23,وَبَنِينَ نُسَارِعُ,55-56,ن - ن,74,متماثلان,0 - 0
23,أَعْلَمُ بِمَا,96,م - ب,74,متجانسان,0 - 0
23,قَالَ رَبِّ,99,ل - ر,74,متجانسان,0 - 0
23,أَنسَابَ بَيْنَهُمْ,101,ب - ب,74,متماثلان,0 - 0
23,عَدَدَ سِنِينَ,112,د - س,74,متجانسان,0 - 0
23,ءَاخَرَ لَا,117,ر - ل,74,متجانسان,0 - 0
24,مِا۟ئَةَ جَلْدَةٍ,2,ت - ج,74,متجانسان,0 - 0
24,ٱلْمُحْصَنَـٰتِ ثُمَّ,4,ت - ث,74,متجانسان,0 - 0
24,بِأَرْبَعَةِ شُهَدَآءَ,4,ت - ش,74,متجانسان,0 - 0
24,مِنۢ بَعْدِ ذَٰلِكَ,5,د - ذ,75,متجانسان,0 - 0
24,بِأَرْبَعَةِ شُهَدَآءَ,13,ت - ش,75,متجانسان,0 - 0
24,عِندَ ٱللَّهِ هُمُ,13,ه - ه,75,متماثلان,0 - 0
24,وَتَحْسَبُونَهُ هَيِّنًا,15,ه - ه,75,متماثلان,0 - 0
24,نَّتَكَلَّمَ بِهَـٰذَا,16,م - ب,75,متجانسان,0 - 0
24,أَنَّ ٱللَّهَ هُوَ,25,ه - ه,75,متماثلان,0 - 0
24,يُؤْذَنَ لَكُمْ,28,ن - ل,75,متجانسان,0 - 0
24,قِيلَ لَكُمُ,28,ل - ل,75,متماثلان,0 - 0
24,يَعْلَمُ مَا,29,م - م,75,متماثلان,0 - 0
24,لِيُعْلَمَ مَا,31,م - م,75,متماثلان,0 - 0
24,يَجِدُونَ نِكَاحًا,33,ن - ن,75,متماثلان,0 - 0
24,يَكَادُ زَيْتُهَا,35,د - ز,75,متجانسان,0 - 0
24,ٱلْأَمْثَـٰلَ لِلنَّاسِ,35,ل - ل,75,متماثلان,0 - 0
24,وَٱلْءَاصَالِ رِجَالٌ,36-37,ل - ر,75,متجانسان,0 - 0
24,وَٱلْأَبْصَـٰرُ لِيَجْزِيَهُمُ,37-38,ر - ل,75,متجانسان,0 - 0
24,فَيُصِيبُ بِهِ,43,ب - ب,75,متماثلان,0 - 0
24,يَكَادُ سَنَا,43,د - س,75,متجانسان,0 - 0
24,يَذْهَبُ بِٱلْأَبْصَـٰرِ,43,ب - ب,75,متماثلان,0 - 0
24,خَلَقَ كُلَّ,45,ق - ك,75,متجانسان,0 - 0
24,مِّنۢ بَعْدِ ذَٰلِكَ,47,د - ذ,75,متجانسان,0 - 0
24,لِيَحْكُمَ بَيْنَهُمْ,48,م - ب,75,متجانسان,0 - 0
24,ٱلرَّسُولَ لَعَلَّكُمْ,56,ل - ل,75,متماثلان,0 - 0
24,ٱلْحُلُمَ مِنكُمْ,58,م - م,75,متماثلان,0 - 0
24,وَمِنۢ بَعْدِ صَلَوٰةِ,58,د - ص,75,متجانسان,0 - 0
24,يَرْجُونَ نِكَاحًا,60,ن - ن,75,متماثلان,0 - 0
24,لِبَعْضِ شَأْنِهِمْ,62,ض - ش,75,متجانسان,0 - 0
24,يَعْلَمُ مَآ,64,م - م,75,متماثلان,0 - 0
25,لِلْعَـٰلَمِينَ نَذِيرًا,1,ن - ن,76,متماثلان,0 - 0
25,وَخَلَقَ كُلَّ,2,ق - ك,76,متجانسان,0 - 0
25,جَعَلَ لَكَ,10,ل - ل,76,متماثلان,0 - 0
25,لَّكَ قُصُورًۢا,10,ك - ق,76,متجانسان,0 - 0
25,كَذَّبَ بِٱلسَّاعَةِ,11,ب - ب,76,متماثلان,0 - 0
25,بِٱلسَّاعَةِ سَعِيرًا,11,ت - س,76,متجانسان,0 - 0
25,فَجَعَلْنَـٰهُ هَبَآءً,23,ه - ه,76,متماثلان,0 - 0
25,ٱلْمَلَـٰٓئِكَةُ تَنزِيلًا,25,ت - ت,76,متماثلان,0 - 0
25,أَخَاهُ هَـٰرُونَ,35,ه - ه,76,متماثلان,0 - 0
25,ذَٰلِكَ كَثِيرًا,38,ك - ك,76,متماثلان,0 - 0
25,لَا يَرْجُونَ نُشُورًا,40,ن - ن,76,متماثلان,0 - 0
25,إِلَـٰهَهُ هَوَىٰهُ,43,ه - ه,76,متماثلان,0 - 0
25,رَبِّكَ كَيْفَ,45,ك - ك,76,متماثلان,0 - 0
25,جَعَلَ لَكُمُ,47,ل - ل,76,متماثلان,0 - 0
25,ٱلَّيْلَ لِبَاسًا,47,ل - ل,76,متماثلان,0 - 0
25,رَبُّكَ قَدِيرًا,54,ك - ق,76,متجانسان,0 - 0
25,قِيلَ لَهُمُ,60,ل - ل,76,متماثلان,0 - 0
25,ذَٰلِكَ قَوَامًا,67,ك - ق,76,متجانسان,0 - 0
26,قَالَ رَبِّ,12,ل - ر,76,متجانسان,0 - 0
26,رَسُولُ رَبِّ,16,ل - ر,76,متجانسان,0 - 0
26,قَالَ رَبُّ,24,ل - ر,76,متجانسان,0 - 0
26,قَالَ لِمَنْ,25,ل - ل,76,متماثلان,0 - 0
26,قَالَ رَبُّكُمْ,26,ل - ر,76,متجانسان,0 - 0
26,قَالَ رَبُّ,28,ل - ر,76,متجانسان,0 - 0
26,قَالَ لئن,29,ل - ل,76,متماثلان,0 - 0
26,قَالَ لِلْمَلَإِ,34,ل - ل,76,متماثلان,0 - 0
26,وَقِيلَ لِلنَّاسِ,39,ل - ل,76,متماثلان,0 - 0
26,قَالَ لَهُم,43,ل - ل,76,متماثلان,0 - 0
26,ٱلسَّحَرَةُ سَـٰجِدِينَ,46,ت - س,77,متجانسان,0 - 0
26,ءَاذَنَ لَكُمْ,49,ن - ل,77,متجانسان,0 - 0
26,يَغْفِرَ لَنَا,51,ر - ل,77,متجانسان,0 - 0
26,قَالَ لِأَبِيهِ,70,ل - ل,77,متماثلان,0 - 0
26,يَغْفِرَ لِى,82,ر - ل,77,متجانسان,0 - 0
26,وَرَثَةِ جَنَّةِ,85,ت - ج,77,متجانسان,0 - 0
26,وَقِيلَ لَهُمْ,92,ل - ل,77,متماثلان,0 - 0
26,دُونِ ٱللَّهِ هَلْ,93,ه - ه,77,متماثلان,0 - 0
26,قَالَ لَهُمْ,106,ل - ل,77,متماثلان,0 - 0
26,أَنُؤْمِنُ لَكَ,111,ن - ل,77,متجانسان,0 - 0
26,قَالَ رَبِّ,117,ل - ر,77,متجانسان,0 - 0
26,قَالَ لَهُمْ,124,ل - ل,77,متماثلان,0 - 0
26,قَالَ لَهُمْ,142,ل - ل,77,متماثلان,0 - 0
26,قَالَ لَهُمْ,161,ل - ل,77,متماثلان,0 - 0
26,قَالَ لَهُمْ,177,ل - ل,77,متماثلان,0 - 0
26,خَلَقَكُمْ,184,ق - ك,77,متجانسان,0 - 0
26,قَالَ رَبِّىٓ,188,ل - ر,77,متجانسان,0 - 0
26,أَعْلَمُ بِمَا,188,م - ب,77,متجانسان,0 - 0
26,لَتَنزِيلُ رَبِّ,192-193,ل - ر,77,متجانسان,0 - 0
26,ٱلْعَـٰلَمِينَ نَزَلَ,192-193,ن - ن,77,متماثلان,0 - 0
26,إِنَّهُ هُوَ,220,ه - ه,77,متماثلان,0 - 0
27,بِٱلْءَاخِرَةِ زَيَّنَّا,4,ت - ز,77,متجانسان,0 - 0
27,وَوَرِثَ سُلَيْمَـٰنُ,16,ث - س,77,متجانسان,0 - 0
27,وَحُشِرَ لِسُلَيْمَـٰنَ,17,ر - ل,77,متجانسان,0 - 0
27,وَقَالَ رَبِّ,19,ل - ر,77,متجانسان,0 - 0
27,وَزَيَّنَ لَهُمُ,24,ن - ل,77,متجانسان,0 - 0
27,وَيَعْلَمُ مَا,25,م - م,77,متماثلان,0 - 0
27,قِبَلَ لَهُم,37,ل - ل,77,متماثلان,0 - 0
27,تَقُومَ مِن,39,م - م,77,متماثلان,0 - 0
27,فَضْلِ رَبِّى,40,ل - ر,78,متجانسان,0 - 0
27,يَشْكُرُ لِنَفْسِهِ,40,ر - ل,78,متجانسان,0 - 0
27,عَرْشُكِ قَالَتْ,42,ك - ق,78,متجانسان,0 - 0
27,كَأَنَّهُ هُوَ,42,ه - ه,78,متماثلان,0 - 0
27,هُوَ وَأُوتِينَا,42,و - و,78,متماثلان,0 - 0
27,ٱلْعِلْمَ مِن,42,م - م,78,متماثلان,0 - 0
27,قِيلَ لَهَا,44,ل - ل,78,متماثلان,0 - 0
27,مَّعَكَ قَالَ,47,ك - ق,78,متجانسان,0 - 0
27,ٱلْمَدِينَةِ تِسْعَةُ,48,ت - ت,78,متماثلان,0 - 0
27,قَالَ لِقَوْمِهِٓ,54,ل - ل,78,متماثلان,0 - 0
27,ءَالَ لُوطٍ,56,ل - ل,78,متماثلان,0 - 0
27,وَأَنزَلَ لَكُم,60,ل - ل,78,متماثلان,0 - 0
27,وَجَعَلَ لَهَا,61,ل - ل,78,متماثلان,0 - 0
27,يَرْزُقُكُم,64,ق - ك,78,متجانسان,0 - 0
27,لَّا يَعْلَمُ مَن,65,م - م,78,متماثلان,0 - 0
27,لَيَعْلَمُ مَا,74,م - م,78,متماثلان,0 - 0
27,يُكَذِّبُ بِـَٔايَـٰتِنَا,83,ب - ب,78,متماثلان,0 - 0
27,ٱلَّيْلَ لِيَسْكُنُوا۟,86,ل - ل,78,متماثلان,0 - 0
28,ٱلْمُبِينِ نَتْلُوا۟,2-3,ن - ن,78,متماثلان,0 - 0
28,وَنُمَكِّنَ لَهُمْ,6,ن - ل,78,متجانسان,0 - 0
28,قَالَ رَبِّ,16,ل - ر,78,متجانسان,0 - 0
28,فَغَفَرَ لَهُٓ,16,ر - ل,78,متجانسان,0 - 0
28,إِنَّهُ هُوَ,16,ه - ه,78,متماثلان,0 - 0
28,قَالَ رَبِّ,17,ل - ر,78,متجانسان,0 - 0
28,قَالَ لَهُ مُوسَىٰٓ,18,ل - ل,78,متماثلان,0 - 0
28,قَالَ رَبِّ,21,ل - ر,78,متجانسان,0 - 0
28,فَقَالَ رَبِّ,24,ل - ر,79,متجانسان,0 - 0
28,قَالَ لَا تَخَفْ,25,ل - ل,79,متماثلان,0 - 0
28,قَالَ لِأَهْلِهِ,29,ل - ل,79,متماثلان,0 - 0
28,ٱلنَّارِ لَعَلَّكُمْ,29,ر - ل,79,متجانسان,0 - 0
28,قَالَ رَبِّ,33,ل - ر,79,متجانسان,0 - 0
28,وَنَجْعَلُ لَكُمَا,35,ل - ل,79,متماثلان,0 - 0
28,أَعْلَمُ بِمَن,37,م - ب,79,متجانسان,0 - 0
28,هُوَ وَجُنُودُهُ,39,و - و,79,متماثلان,0 - 0
28,بَصَآئِرَ لِلنَّاسِ,43,ر - ل,79,متجانسان,0 - 0
28,مِّنْ عِندِ ٱللَّهِ هُوَ,49,ه - ه,79,متماثلان,0 - 0
28,ٱلْقَوْلَ لَعَلَّهُمْ,51,ل - ل,79,متماثلان,0 - 0
28,قَبْلِهِ هُم,52,ه - ه,79,متماثلان,0 - 0
28,أَعْلَمُ بِٱلْمُهْتَدِينَ,56,م - ب,79,متجانسان,0 - 0
28,ٱلْقَوْلُ رَبَّنَا,63,ل - ر,79,متجانسان,0 - 0
28,ٱلْخِيَرَةُ سُبْحَـٰنَ ٱللَّهِ,68,ت - س,79,متجانسان,0 - 0
28,يَعْلَمُ مَا,69,م - م,79,متماثلان,0 - 0
28,جَعَلَ لَكُمُ,73,ل - ل,79,متماثلان,0 - 0
28,قَوْمِ مُوسَىٰ,76,م - م,79,متماثلان,0 - 0
28,قَالَ لَهُ,76,ل - ل,79,متماثلان,0 - 0
28,وَيَقْدِرُ لَوْلَآ,82,ر - ل,79,متجانسان,0 - 0
28,ءَاخَرَ لَآ إِلَـٰهَ إِلَّا هُوَ,88,ر - ل,79,متجانسان,0 - 0
29,بِأَعْلَمَ بِمَا,10,م - ب,79,متجانسان,0 - 0
29,قَالَ لِقَوْمِهِ,16,ل - ل,79,متماثلان,0 - 0
29,يُعَذِّبُ مَن يَشَآءُ,21,ب - م,79,متجانسان,0 - 0
29,وَيَرْحَمُ مَن يَشَآءُ,21,م - م,79,متماثلان,0 - 0
29,فَـَٔامَنَ لَهُ,26,ن - ل,79,متجانسان,0 - 0
29,إِنَّهُ هُوَ,26,ه - ه,79,متماثلان,0 - 0
29,قَالَ لِقَوْمِهِٓ,28,ل - ل,79,متماثلان,0 - 0
29,سَبَقَكُم,28,ق - ك,79,متجانسان,0 - 0
29,قَالَ رَبِّ,30,ل - ر,80,متجانسان,0 - 0
29,أَعْلَمُ بِمَن,32,م - ب,80,متجانسان,0 - 0
29,امرأتك كانت,32,ك - ك,80,متماثلان,0 - 0
29,تَّبَيَّنَ لَكُم,38,ن - ل,80,متجانسان,0 - 0
29,وَزَيَّنَ لَهُمُ,38,ن - ل,80,متجانسان,0 - 0
29,يَعْلَمُ مَا,42,م - م,80,متماثلان,0 - 0
29,ٱلصَّلَوٰةَ تَنْهَىٰ,45,ت - ت,80,متماثلان,0 - 0
29,يَعْلَمُ مَا,45,م - م,80,متماثلان,0 - 0
29,وَنَحْنُ لَهُ,46,ن - ل,80,متجانسان,0 - 0
29,يَعْلَمُ مَا,52,م - م,80,متماثلان,0 - 0
29,ٱلْمَوْتِ ثُمَّ,57,ت - ث,80,متجانسان,0 - 0
29,تَحْمِلُ رِزْقَهَا,60,ل - ر,80,متجانسان,0 - 0
29,وَٱلْقَمَرَ لَيَقُولُنَّ,61,ر - ل,80,متجانسان,0 - 0
29,وَيَقْدِرُ لَهُٓ,62,ر - ل,80,متجانسان,0 - 0
29,أَظْلَمُ مِمَّنِ,68,م - م,80,متماثلان,0 - 0
29,كَذَّبَ بِٱلْحَقِّ,68,ب - ب,80,متماثلان,0 - 0
29,جَهَنَّمَ مَثْوًى,68,م - م,80,متماثلان,0 - 0
30,خَلَقَكُم,20,ق - ك,80,متجانسان,0 - 0
30,لَا تَبْدِيلَ لِخَلْقِ,30,ل - ل,80,متماثلان,0 - 0
30,يَتَكَلَّمُ بِمَا,35,م - ب,80,متجانسان,0 - 0
30,فَـَٔاتِ ذَا ٱلْقُرْبَىٰ,38,ت - ذ,80,متجانسان,0 - 0
30,ٱلَّذِى خَلَقَكُمْ,40,ق - ك,80,متجانسان,0 - 0
30,رَزَقَكُمْ,40,ق - ك,80,متجانسان,0 - 0
30,ٱلْقَيِّمِ مِن,43,م - م,80,متماثلان,0 - 0
30,يَأْتِىَ يَوْمٌ,43,ي - ي,80,متماثلان,0 - 0
30,أَصَابَ بِهِ,48,ب - ب,81,متماثلان,0 - 0
30,ءَاثَـٰرِ رَحْمَتِ,50,ر - ر,81,متماثلان,0 - 0
30,خَلَقَكُم,54,ق - ك,81,متجانسان,0 - 0
30,مِنۢ بَعْدِ ضَعْفٍ,54,د - ض,81,متجانسان,0 - 0
30,كَذَٰلِكَ كَانُوا۟,55,ك - ك,81,متماثلان,0 - 0
32,ٱلْمُجْرِمُونَ نَاكِسُوا۟,12,ن - ن,81,متماثلان,0 - 0
32,جَهَنَّمَ مِنَ,13,م - م,81,متماثلان,0 - 0
32,وَقِيلَ لَهُمْ,20,ل - ل,81,متماثلان,0 - 0
32,ٱلْأَكْبَرِ لَعَلَّهُمْ,21,ر - ل,81,متجانسان,0 - 0
32,أَظْلَمُ مِمَّن,22,م - م,81,متماثلان,0 - 0
32,وَجَعَلْنَـٰهُ هُدًى,23,ه - ه,81,متماثلان,0 - 0
33,قَبْلُ لَا يُوَلُّونَ,15,ل - ل,82,متماثلان,0 - 0
33,وَقَذَفَ فِى,26,ف - ف,82,متماثلان,0 - 0
33,تَقُولُ لِلَّذِىٓ,37,ل - ل,82,متماثلان,0 - 0
33,ٱلْمُؤْمِنَـٰتِ ثُمَّ,49,ت - ث,82,متجانسان,0 - 0
33,يَعْلَمُ مَا,51,م - م,82,متماثلان,0 - 0
33,يُؤْذَنَ لَكُمْ,53,ن - ل,82,متجانسان,0 - 0
33,أَطْهَرُ لِقُلُوبِكُمْ,53,ر - ل,82,متجانسان,0 - 0
33,ٱلسَّاعَةَ تَكُونُ,63,ت - ت,82,متماثلان,0 - 0
34,يَعْلَمُ مَا,2,م - م,82,متماثلان,0 - 0
34,لِنَعْلَمَ مَن,21,م - م,82,متماثلان,0 - 0
34,أَذِنَ لَهُ,23,ن - ل,82,متجانسان,0 - 0
34,فُزِّعَ عَن,23,ع - ع,82,متماثلان,0 - 0
34,قَالَ رَبُّكُمْ,23,ل - ر,82,متجانسان,0 - 0
34,يَرْزُقُكُم,24,ق - ك,82,متجانسان,0 - 0
34,وَنَجْعَلَ لَهُٓ,33,ل - ل,82,متماثلان,0 - 0
34,وَيَقْدِرُ لَهُ,39,ر - ل,82,متجانسان,0 - 0
34,يَقُولُ لِلْمَلَـٰٓئِكَةِ,40,ل - ل,82,متماثلان,0 - 0
34,وَنَقُولُ لِلَّذِينَ,42,ل - ل,82,متماثلان,0 - 0
34,كَانَ نَكِيرِ,45,ن - ن,82,متماثلان,0 - 0
35,مُرْسِلَ لَهُ,2,ل - ل,83,متماثلان,0 - 0
35,يَرْزُقُكُم,3,ق - ك,83,متجانسان,0 - 0
35,زُيِّنَ لَهُ,8,ن - ل,83,متجانسان,0 - 0
35,ٱلْعِزَّةُ جَمِيعًا,10,ت - ج,83,متجانسان,0 - 0
35,خَلَقَكُم,11,ق - ك,83,متجانسان,0 - 0
35,مَوَاخِرَ لِتَبْتَغُوا۟,12,ر - ل,83,متجانسان,0 - 0
35,وَٱللَّهُ هُوَ,15,ه - ه,83,متماثلان,0 - 0
35,كَانَ نَكِيرِ,26,ن - ن,83,متماثلان,0 - 0
35,وَٱلْأَنْعَـٰمِ مُخْتَلِفٌ,28,م - م,83,متماثلان,0 - 0
35,خَلَـٰٓئِفَ فِى,39,ف - ف,83,متماثلان,0 - 0
36,نَحْنُ نُحْىِ,12,ن - ن,83,متماثلان,0 - 0
36,غَفَرَ لِى,27,ر - ل,83,متجانسان,0 - 0
36,قِيلَ لَهُمْ,47,ل - ل,83,متماثلان,0 - 0
36,قَالَ ٱلَّذِينَ,47,ل - ل,83,متماثلان,0 - 0
36,رَزَقَكُمُ,47,ق - ك,83,متجانسان,0 - 0
36,أَنُطْعِمُ مَن,47,م - م,83,متماثلان,0 - 0
36,يَسْتَطِيعُونَ نَصْرَهُمْ,75,ن - ن,83,متماثلان,0 - 0
36,نَعْلَمُ مَا,76,م - م,83,متماثلان,0 - 0
36,جَعَلَ لَكُم,80,ل - ل,83,متماثلان,0 - 0
36,يَقُولَ لَهُ,82,ل - ل,83,متماثلان,0 - 0
37,وَٱلصَّـٰٓفَّـٰتِ صَفًّا,1,ت - ص,84,متجانسان,0 - 0
37,فَٱلزَّٰجِرَٰتِ زَجْرًا,2,ت - ز,84,متجانسان,0 - 0
37,فَٱلتَّـٰلِيَـٰتِ ذِكْرًا,3,ت - ذ,84,متجانسان,0 - 0
37,ٱلْيَوْمَ مُسْتَسْلِمُونَ,26,م - م,84,متماثلان,0 - 0
37,قَوْلُ رَبِّنَآ,31,ل - ر,84,متجانسان,0 - 0
37,قِيلَ لَهُمْ,35,ل - ل,84,متماثلان,0 - 0
37,ذُرِّيَّتَهُ هُمُ,77,ه - ه,84,متماثلان,0 - 0
37,قَالَ لِأَبِيهِ,85,ل - ل,84,متماثلان,0 - 0
37,خَلَقَكُمْ,96,ق - ك,84,متجانسان,0 - 0
37,قَالَ لِقَوْمِهِٓ,124,ل - ل,84,متماثلان,0 - 0
38,خَزَآئِنُ رَحْمَةِ,9,ن - ر,84,متجانسان,0 - 0
38,وَتِسْعُونَ نَعْجَةً,23,ن - ن,84,متماثلان,0 - 0
38,قَالَ لَقَدْ,24,ل - ل,84,متماثلان,0 - 0
38,فَٱسْتَغْفَرَ رَبَّهُ,24,ر - ر,84,متماثلان,0 - 0
38,سُلَيْمَـٰنَ نِعْمَ,30,ن - ن,84,متماثلان,0 - 0
38,ذِكْرِ رَبِّى,32,ر - ر,84,متماثلان,0 - 0
38,قَالَ رَبِّ,35,ل - ر,84,متجانسان,0 - 0
38,ٱلْقَهَّارُ رَبُّ,65-66,ر - ر,84,متماثلان,0 - 0
38,قَالَ رَبُّكَ,71,ل - ر,84,متجانسان,0 - 0
38,قَالَ رَبِّ,79,ل - ر,84,متجانسان,0 - 0
38,أَقُولُ لَأَمْلَأَنَّ,84-85,ل - ل,84,متماثلان,0 - 0
38,جَهَنَّمَ مِنكَ,85,م - م,84,متماثلان,0 - 0
39,ٱلْكِتَـٰبَ بِٱلْحَقِّ,2,ب - ب,85,متماثلان,0 - 0
39,يَحْكُمُ بَيْنَهُمْ,3,م - ب,85,متجانسان,0 - 0
39,سُبْحَـٰنَهُ هُوَ,4,ه - ه,85,متماثلان,0 - 0
39,خَلَقَكُم,6,ق - ك,85,متجانسان,0 - 0
39,وَأَنزَلَ لَكُم,6,ل - ل,85,متماثلان,0 - 0
39,يَخْلُقُكُمْ,6,ق - ك,85,متجانسان,0 - 0
39,وَجَعَلَ لِلَّهِ,8,ل - ل,85,متماثلان,0 - 0
39,بِكُفْرِكَ قَلِيلًا,8,ك - ق,85,متجانسان,0 - 0
39,ٱلنَّارِ لَـٰكِنِ,19-20,ر - ل,85,متجانسان,0 - 0
39,وَقِيلَ لِلظَّـٰلِمِينَ,24,ل - ل,85,متماثلان,0 - 0
39,أَكْبَرُ لَوْ,26,ر - ل,85,متجانسان,0 - 0
39,أَظْلَمُ مِمَّن,32,م - م,85,متماثلان,0 - 0
39,وَكَذَّبَ بِٱلصِّدْقِ,32,ب - ب,85,متماثلان,0 - 0
39,جَهَنَّمَ مَثْوًى,32,م - م,85,متماثلان,0 - 0
39,جَهَنَّمَ مَثْوًى,60,م - م,85,متماثلان,0 - 0
39,ٱلشَّفَـٰعَةُ جَمِيعًا,44,ت - ج,85,متجانسان,0 - 0
39,تَحْكُمُ بَيْنَ,46,م - ب,85,متجانسان,0 - 0
39,إِنَّهُ هُوَ,53,ه - ه,85,متماثلان,0 - 0
39,ٱلْعَذَابُ بَغْتَةً,55,ب - ب,85,متماثلان,0 - 0
39,تَقُولَ لَوْ,57,ل - ل,85,متماثلان,0 - 0
39,أَنَّ ٱللَّهَ هَدَىٰنِى,57,ه - ه,85,متماثلان,0 - 0
39,ٱلْقِيَـٰمَةِ تَرَى,60,ت - ت,85,متماثلان,0 - 0
39,خَـٰلِقُ كُلِّ,62,ق - ك,85,متجانسان,0 - 0
39,بِنُورِ رَبِّهَا,69,ر - ر,85,متماثلان,0 - 0
39,أَعْلَمُ بِمَا,70,م - ب,85,متجانسان,0 - 0
39,وَقَالَ لَهُمْ,71,ل - ل,85,متماثلان,0 - 0
39,ٱلْجَنَّةِ زُمَرًا,73,ت - ز,85,متجانسان,0 - 0
39,وَقَالَ لَهُمْ,73,ل - ل,85,متماثلان,0 - 0
40,ٱلطَّوْلِ لَآ إِلَـٰهَ إِلَّا,3,ل - ل,86,متماثلان,0 - 0
40,بِٱلْبَـٰطِلِ لِيُدْحِضُوا۟,5,ل - ل,86,متماثلان,0 - 0
40,وَيُنَزِّلُ لَكُم,13,ل - ل,86,متماثلان,0 - 0
40,ٱلدَّرَجَـٰتِ ذُو,15,ت - ذ,86,متجانسان,0 - 0
40,إِنَّ ٱللَّهَ هُوَ,20,ه - ه,86,متماثلان,0 - 0
40,وَقَالَ رَجُلٌ,28,ل - ر,86,متجانسان,0 - 0
40,يَكُ كَـٰذِبًا,28,ك - ك,86,متماثلان,0 - 0
40,يُرِيدُ ظُلْمًا,31,د - ظ,86,متجانسان,0 - 0
40,هَلَكَ قُلْتُمْ,34,ك - ق,86,متجانسان,0 - 0
40,زُيِّنَ لِفِرْعَوْنَ,37,ن - ل,86,متجانسان,0 - 0
40,وَيَـٰقَوْمِ مَا لِىٓ,41,م - م,86,متماثلان,0 - 0
40,ٱلْغَفَّـٰرِ لَا جَرَمَ,42-43,ر - ل,86,متجانسان,0 - 0
40,أَقُولُ لَكُمْ,44,ل - ل,86,متماثلان,0 - 0
40,حَكَمَ بَيْنَ,48,م - ب,86,متجانسان,0 - 0
40,ٱلنَّارِ لِخَزَنَةِ,49,ر - ل,86,متجانسان,0 - 0
40,لِخَزَنَةِ جَهَنَّمَ,49,ت - ج,86,متجانسان,0 - 0
40,لَنَنصُرُ رُسُلَنَا,51,ر - ر,86,متماثلان,0 - 0
40,إِنَّهُ هُوَ,56,ه - ه,86,متماثلان,0 - 0
40,ٱلْبَصِيرُ لَخَلْقُ,56-57,ر - ل,86,متجانسان,0 - 0
40,وَقَالَ رَبُّكُمُ,60,ل - ر,86,متجانسان,0 - 0
40,جَعَلَ لَكُمُ,61,ل - ل,86,متماثلان,0 - 0
40,ٱلَّيْلَ لِتَسْكُنُوا۟,61,ل - ل,86,متماثلان,0 - 0
40,خَـٰلِقُ كُلِّ,62,ق - ك,86,متجانسان,0 - 0
40,جَعَلَ لَكُمُ,64,ل - ل,86,متماثلان,0 - 0
40,وَرَزَقَكُم مِّنَ,64,م - م,86,متماثلان,0 - 0
40,ٱلطَّيِّبَـٰتِ ذَٰلِكُمُ,64,ت - ذ,86,متجانسان,0 - 0
40,خَلَقَكُم,67,ق - ك,86,متجانسان,0 - 0
40,يَقُولُ لَهُ,68,ل - ل,86,متماثلان,0 - 0
40,قِيلَ لَهُمْ,73,ل - ل,86,متماثلان,0 - 0
40,جَعَلَ لَكُمُ,79,ل - ل,86,متماثلان,0 - 0
41,فَقَالَ لَهَا,11,ل - ل,87,متماثلان,0 - 0
41,أَنطَقَ كُلَّ,21,ق - ك,87,متجانسان,0 - 0
41,خَلَقَكُمْ,21,ق - ك,87,متجانسان,0 - 0
41,ٱلنَّارُ لَهُمْ,28,ر - ل,87,متجانسان,0 - 0
41,ٱلْخُلْدِ جَزَآءًۢ,28,د - ج,87,متجانسان,0 - 0
41,تُوعَدُونَ نَحْنُ,30-31,ن - ن,87,متماثلان,0 - 0
41,تَدَّعُونَ نُزُلًا,31,ن - ن,87,متماثلان,0 - 0
41,ٱلشَّيْطَـٰنِ نَزْغٌ,36,ن - ن,87,متماثلان,0 - 0
41,إِنَّهُ هُوَ,36,ه - ه,87,متماثلان,0 - 0
41,وَٱلْقَمَرُ لَا,37,ر - ل,87,متجانسان,0 - 0
41,بِٱلذِّكْرِ لَمَّا,41,ر - ل,87,متجانسان,0 - 0
41,يُقَالُ لَكَ,43,ل - ل,87,متماثلان,0 - 0
41,قِيلَ لِلرُّسُلِ,43,ل - ل,87,متماثلان,0 - 0
41,فَٱخْتُلِفَ فِيهِ,45,ف - ف,87,متماثلان,0 - 0
41,مِنۢ بَعْدِ ضَرَّآءَ,50,د - ض,87,متجانسان,0 - 0
41,يَتَبَيَّنَ لَهُمْ,53,ن - ل,87,متجانسان,0 - 0
42,إِنَّ ٱللَّهَ هُوَ,5,ه - ه,87,متماثلان,0 - 0
42,فَٱللَّهُ هُوَ,9,ه - ه,87,متماثلان,0 - 0
42,جَعَلَ لَكُم,11,ل - ل,87,متماثلان,0 - 0
42,ٱلْبَصِيرُ لَهُ,11-12,ر - ل,87,متجانسان,0 - 0
42,ٱلْكِتَـٰبَ بِٱلْحَقِّ,17,ب - ب,87,متماثلان,0 - 0
42,ٱلْفَصْلِ لَقُضِىَ,21,ل - ل,87,متماثلان,0 - 0
42,وَهُوَ وَاقِعٌۢ,22,و - و,87,متماثلان,0 - 0
42,وَيَعْلَمُ مَا,25,م - م,87,متماثلان,0 - 0
42,وَيَنشُرُ رَحْمَتَهُ,28,ر - ر,87,متماثلان,0 - 0
42,يَأْتِىَ يَوْمٌ,47,ي - ي,87,متماثلان,0 - 0
42,أَوْ يُرْسِلَ رَسُولًا,51,ل - ر,87,متجانسان,0 - 0
43,جَعَلَ لَكُمُ,10,ل - ل,88,متماثلان,0 - 0
43,وَجَعَلَ لَكُمْ,10,ل - ل,88,متماثلان,0 - 0
43,وَجَعَلَ لَكُم,12,ل - ل,88,متماثلان,0 - 0
43,وَٱلْأَنْعَـٰمِ مَا,12,م - م,88,متماثلان,0 - 0
43,سَخَّرَ لَنَا,13,ر - ل,88,متجانسان,0 - 0
43,ٱلرَّحْمَـٰنِ نُقَيِّضْ,36,ن - ن,88,متماثلان,0 - 0
43,رَسُولُ رَبِّ,46,ل - ر,88,متجانسان,0 - 0
43,مَرْيَمَ مَثَلًا,57,م - م,88,متماثلان,0 - 0
43,وَلِأُبَيِّنَ لَكُم,63,ن - ل,88,متجانسان,0 - 0
43,إِنَّ ٱللَّهَ هُوَ,64,ه - ه,88,متماثلان,0 - 0
43,فَٱعْبُدُوهُ هَـٰذَا,64,ه - ه,88,متماثلان,0 - 0
43,رَبُّكَ قَالَ,77,ك - ق,88,متجانسان,0 - 0
44,يُفْرَقُ كُلُّ,4,ق - ك,88,متجانسان,0 - 0
44,إِنَّهُ هُوَ,6,ه - ه,88,متماثلان,0 - 0
44,ٱلْبَحْرَ رَهْوًا,24,ر - ر,88,متماثلان,0 - 0
44,إِنَّهُ هُوَ,42,ه - ه,88,متماثلان,0 - 0
45,عَلِمَ مِنْ,9,م - م,88,متماثلان,0 - 0
45,سَخَّرَ لَكُمُ,12,ر - ل,88,متجانسان,0 - 0
45,وَسَخَّرَ لَكُم,13,ر - ل,88,متجانسان,0 - 0
45,بَصَـٰٓئِرُ لِلنَّاسِ,20,ر - ل,88,متجانسان,0 - 0
45,ٱلصَّـٰلِحَـٰتِ سَوَآءً,21,ت - س,88,متجانسان,0 - 0
45,إِلَـٰهَهُ هَوَىٰهُ,23,ه - ه,88,متماثلان,0 - 0
45,ٱتَّخَذْتُمْ ءَايَـٰتِ ٱللَّهِ هُزُوًا,35,ه - ه,88,متماثلان,0 - 0
46,ٱلْحَكِيمِ مَا,2-3,م - م,89,متماثلان,0 - 0
46,أَعْلَمُ بِمَا,8,م - ب,89,متجانسان,0 - 0
46,وَشَهِدَ شَاهِدٌ,10,د - ش,89,متجانسان,0 - 0
46,قَالَ رَبِّ,15,ل - ر,89,متجانسان,0 - 0
46,قَالَ لِوَٰلِدَيْهِ,17,ل - ل,89,متماثلان,0 - 0
46,بِأَمْرِ رَبِّهَا,25,ر - ر,89,متماثلان,0 - 0
46,ٱلْعَذَابَ بِمَا,34,ب - ب,89,متماثلان,0 - 0
46,ٱلْعَزْمِ مِنَ,35,م - م,89,متماثلان,0 - 0
47,ٱلصَّـٰلِحَـٰتِ جَنَّـٰتٍ,12,ت - ج,89,متجانسان,0 - 0
47,فَلَا نَاصِرَ لَهُمْ,13,ر - ل,89,متجانسان,0 - 0
47,زُيِّنَ لَهُ,14,ن - ل,89,متجانسان,0 - 0
47,عِندِكَ قَالُوا۟,16,ك - ق,89,متجانسان,0 - 0
47,ٱلْعِلْمَ مَاذَا,16,م - م,89,متماثلان,0 - 0
47,يَعْلَمُ مُتَقَلَّبَكُمْ,19,م - م,89,متماثلان,0 - 0
47,ٱلْقِتَالُ رَأَيْتَ,20,ل - ر,89,متجانسان,0 - 0
47,تَبَيَّنَ لَهُمُ,25,ن - ل,89,متجانسان,0 - 0
47,سَوَّلَ لَهُمْ,25,ل - ل,89,متماثلان,0 - 0
47,تَبَيَّنَ لَهُمُ,32,ن - ل,89,متجانسان,0 - 0
48,لِّيَغْفِرَ لَكَ,2,ر - ل,89,متجانسان,0 - 0
48,تَقَدَّمَ مِن ذَنۢبِكَ,2,م - م,89,متماثلان,0 - 0
48,وَٱلْمُؤْمِنَـٰتِ جَنَّـٰتٍ,5,ت - ج,89,متجانسان,0 - 0
48,سَيَقُولُ لَكَ,11,ل - ل,89,متماثلان,0 - 0
48,يَغْفِرُ لِمَن,14,ر - ل,89,متجانسان,0 - 0
48,وَيُعَذِّبُ مَن,14,ب - م,89,متجانسان,0 - 0
48,فَعَلِمَ مَا,18,م - م,89,متماثلان,0 - 0
48,فَعَجَّلَ لَكُمْ,20,ل - ل,90,متماثلان,0 - 0
48,فَعَلِمَ مَا,27,م - م,90,متماثلان,0 - 0
48,أَرْسَلَ رَسُولَهُ,28,ل - ر,90,متجانسان,0 - 0
48,ٱلْكُفَّارِ رُحَمَآءُ,29,ر - ر,90,متماثلان,0 - 0
48,ٱلسُّجُودِ ذَٰلِكَ,29,د - ذ,90,متجانسان,0 - 0
48,أَخْرَجَ شَطْـَٔهُ,29,ج - ش,90,متجانسان,0 - 0
49,مِّنَ ٱلْأَمْرِ لَعَنِتُّمْ,7,ر - ل,90,متجانسان,0 - 0
49,بِٱلْأَلْقَـٰبِ بِئْسَ,11,ب - ب,90,متماثلان,0 - 0
49,يَأْكُلَ لَحْمَ,12,ل - ل,90,متماثلان,0 - 0
49,وَقَبَآئِلَ لِتَعَارَفُوٓا۟,13,ل - ل,90,متماثلان,0 - 0
49,يَعْلَمُ مَا,16,م - م,90,متماثلان,0 - 0
50,وَنَعْلَمُ مَا,16,م - م,90,متماثلان,0 - 0
50,قَرِينُهُ هَـٰذَا,23,ه - ه,90,متماثلان,0 - 0
50,قَالَ لَا,28,ل - ل,90,متماثلان,0 - 0
50,ٱلْقَوْلُ لَدَىَّ,29,ل - ل,90,متماثلان,0 - 0
50,نَقُولُ لِجَهَنَّمَ,30,ل - ل,90,متماثلان,0 - 0
50,رَبِّكَ قَبْلَ,39,ك - ق,90,متجانسان,0 - 0
50,نَحْنُ نُحْىِ,43,ن - ن,90,متماثلان,0 - 0
50,أَعْلَمُ بِمَا,45,م - ب,90,متجانسان,0 - 0
51,وَٱلذَّٰرِيَـٰتِ ذَرْوًا,1,ت - ذ,90,متجانسان,0 - 0
51,أُفِكَ قُتِلَ,9-10,ك - ق,90,متجانسان,0 - 0
51,حَدِيثُ ضَيْفِ,24,ث - ض,90,متجانسان,0 - 0
51,كَذَٰلِكِ قَالَ,30,ك - ق,90,متجانسان,0 - 0
51,قَالَ رَبُّكِ,30,ل - ر,90,متجانسان,0 - 0
51,إِنَّهُ هُوَ,30,ه - ه,90,متماثلان,0 - 0
51,ٱلْعَقِيمَ مَا,41-42,م - م,90,متماثلان,0 - 0
51,قِيلَ لَهُمْ,43,ل - ل,90,متماثلان,0 - 0
51,أَمْرِ رَبِّهِمْ,44,ر - ر,91,متماثلان,0 - 0
51,إِنَّ ٱللَّهَ هُوَ,58,ه - ه,91,متماثلان,0 - 0
52,إِنَّهُ هُوَ,28,ه - ه,91,متماثلان,0 - 0
52,خَزَآئِنُ رَبِّكَ,37,ن - ر,91,متجانسان,0 - 0
53,ٱلْمَلَـٰٓئِكَةَ تَسْمِيَةَ,27,ت - ت,91,متماثلان,0 - 0
53,أَعْلَمُ بِمَن,30,م - ب,91,متجانسان,0 - 0
53,أَعْلَمُ بِمَن,30,م - ب,91,متجانسان,0 - 0
53,أَعْلَمُ بِكُمْ,32,م - ب,91,متجانسان,0 - 0
53,أَعْلَمُ بِمَنِ,32,م - ب,91,متجانسان,0 - 0
53,وَأَنَّهُ هُوَ أَضْحَكَ,43,ه - ه,91,متماثلان,0 - 0
53,وَأَنَّهُ هُوَ أَمَاتَ,44,ه - ه,91,متماثلان,0 - 0
53,وَأَنَّهُ هُوَ أَغْنَىٰ,48,ه - ه,91,متماثلان,0 - 0
53,وَأَنَّهُ هُوَ رَبُّ,49,ه - ه,91,متماثلان,0 - 0
53,ٱلْحَدِيثِ تَعْجَبُونَ,59,ث - ت,91,متجانسان,0 - 0
54,ءَالَ لُوطٍ,34,ل - ل,91,متماثلان,0 - 0
54,يَقُولُونَ نَحْنُ,44,ن - ن,91,متماثلان,0 - 0
54,مَقْعَدِ صِدْقٍ,55,د - ص,91,متجانسان,0 - 0
55,يُكَذِّبُ بِهَا,43,ب - ب,91,متماثلان,0 - 0
55,عَيْنَانِ نَضَّاخَتَانِ,66,ن - ن,91,متماثلان,0 - 0
56,ٱلدِّينِ نَحْنُ,56-57,ن - ن,92,متماثلان,0 - 0
56,ٱلْخَـٰلِقُونَ نَحْنُ,59-60,ن - ن,92,متماثلان,0 - 0
56,ٱلْمُنشِـُٔونَ نَحْنُ,72-73,ن - ن,92,متماثلان,0 - 0
56,أُقْسِمُ بِمَوَٰقِعِ,75,م - ب,92,متجانسان,0 - 0
56,وَتَصْلِيَةُ جَحِيمٍ,94,ت - ج,92,متجانسان,0 - 0
57,يَعْلَمُ مَا,4,م - م,92,متماثلان,0 - 0
57,فَضُرِبَ بَيْنَهُم,13,ب - ب,92,متماثلان,0 - 0
57,ٱلْعَظِيمِ مَآ,21-22,م - م,92,متماثلان,0 - 0
57,فَإِنَّ ٱللَّهَ هُوَ,24,ه - ه,92,متماثلان,0 - 0
58,فَتَحْرِيرُ رَقَبَةٍ,3,ر - ر,92,متماثلان,0 - 0
58,يَعْلَمُ مَا,7,م - م,92,متماثلان,0 - 0
58,ٱلَّذِينَ نُهُوا۟,8,ن - ن,92,متماثلان,0 - 0
58,قِيلَ لَكُمْ,11,ل - ل,92,متماثلان,0 - 0
58,أُو۟لَـٰٓئِكَ كَتَبَ,22,ك - ك,92,متماثلان,0 - 0
58,حِزْبَ ٱللَّهِ هُمُ,22,ه - ه,92,متماثلان,0 - 0
59,وَقَذَفَ فِى,2,ف - ف,92,متماثلان,0 - 0
59,ٱلَّذِينَ نَافَقُوا۟,11,ن - ن,92,متماثلان,0 - 0
59,قَالَ لِلْإِنسَـٰنِ,16,ل - ل,92,متماثلان,0 - 0
59,كَٱلَّذِينَ نَسُوا۟,19,ن - ن,92,متماثلان,0 - 0
59,ٱلْمُصَوِّرُ لَهُ,24,ر - ل,92,متجانسان,0 - 0
60,أَعْلَمُ بِمَآ,1,م - ب,93,متجانسان,0 - 0
60,ٱلْمَصِيرُ رَبَّنَا,4-5,ر - ر,93,متماثلان,0 - 0
60,فَإِنَّ ٱللَّهَ هُوَ,6,ه - ه,93,متماثلان,0 - 0
60,أَعْلَمُ بِإِيمَـٰنِهِنَّ,10,م - ب,93,متجانسان,0 - 0
60,ٱلْكُفَّارِ لَا هُنَّ,10,ر - ل,93,متجانسان,0 - 0
60,يَحْكُمُ بَيْنَكُمْ,10,م - ب,93,متجانسان,0 - 0
61,أَظْلَمُ مِمَّنِ,7,م - م,93,متماثلان,0 - 0
61,أَرْسَلَ رَسُولَهُ,9,ل - ر,93,متجانسان,0 - 0
61,ٱلْحَوَارِيُّونَ نَحْنُ,14,ن - ن,93,متماثلان,0 - 0
62,قَبْلُ لَفِى,2,ل - ل,93,متماثلان,0 - 0
62,ٱلْعَظِيمِ مَثَلُ,4-5,م - م,93,متماثلان,0 - 0
62,ٱلتَّوْرَىٰةَ ثُمَّ,5,ت - ث,93,متجانسان,0 - 0
62,مِّنَ ٱللَّهْوِ وَمِنَ,11,و - و,93,متماثلان,0 - 0
63,فَطُبِعَ عَلَىٰ,3,ع - ع,93,متماثلان,0 - 0
63,قِيلَ لَهُمْ,5,ل - ل,93,متماثلان,0 - 0
64,خَلَقَكُمْ,2,ق - ك,93,متجانسان,0 - 0
64,يَعْلَمُ مَا,4,م - م,93,متماثلان,0 - 0
64,وَيَعْلَمُ مَا,4,م - م,93,متماثلان,0 - 0
64,هُوَ وَعَلَى ٱللَّهِ,13,و - و,93,متماثلان,0 - 0
65,حَيْثُ سَكَنتُم,6,ث - س,94,متجانسان,0 - 0
65,أَمْرِ رَبِّهَا,8,ر - ر,94,متماثلان,0 - 0
66,تُحَرِّمُ مَآ,1,م - م,94,متماثلان,0 - 0
66,فَإِنَّ ٱللَّهَ هُوَ,4,ه - ه,94,متماثلان,0 - 0
66,طَلَّقَكُنَّ,5,ق - ك,94,متجانسان,0 - 0
67,تَكَادُ تَمَيَّزُ,8,د - ت,94,متجانسان,0 - 0
67,يَعْلَمُ مَنْ,14,م - م,94,متماثلان,0 - 0
67,جَعَلَ لَكُمُ,15,ل - ل,94,متماثلان,0 - 0
67,كَانَ نَكِيرِ,18,ن - ن,94,متماثلان,0 - 0
67,يَرْزُقُكُمْ,21,ق - ك,94,متجانسان,0 - 0
67,وَجَعَلَ لَكُمُ,23,ل - ل,94,متماثلان,0 - 0
68,أَعْلَمُ بِمَن,7,م - ب,94,متجانسان,0 - 0
68,أَعْلَمُ بِٱلْمُهْتَدِينَ,7,م - ب,94,متجانسان,0 - 0
68,أَكْبَرُ لَوْ,33,ر - ل,94,متجانسان,0 - 0
68,يُكَذِّبُ بِهَـٰذَا,44,ب - ب,94,متماثلان,0 - 0
68,ٱلْحَدِيثِ سَنَسْتَدْرِجُهُم,44,ث - س,94,متجانسان,0 - 0
69,فَهِىَ يَوْمَئِذٍ,16,ي - ي,94,متماثلان,0 - 0
69,فَلَآ أُقْسِمُ بِمَا,38,م - ب,94,متجانسان,0 - 0
69,لَقَوْلُ رَسُولٍ,40,ل - ر,94,متجانسان,0 - 0
69,ٱلْأَقَاوِيلِ لَأَخَذْنَا,44-45,ل - ل,94,متماثلان,0 - 0
70,ٱلْمَعَارِجِ تَعْرُجُ,3-4,ج - ت,94,متجانسان,0 - 0
70,فَلَآ أُقْسِمُ بِرَبِّ,40,م - ب,94,متجانسان,0 - 0
70,مِنَ ٱلْأَجْدَاثِ سِرَاعًا,43,ث - س,94,متجانسان,0 - 0
71,لَا يُؤَخَّرُ لَوْ,4,ر - ل,95,متجانسان,0 - 0
71,قَالَ رَبِّ,5,ل - ر,95,متجانسان,0 - 0
71,لِتَغْفِرَ لَهُمْ,7,ر - ل,95,متجانسان,0 - 0
71,خَلَقَكُمْ,14,ق - ك,95,متجانسان,0 - 0
71,ٱلشَّمْسَ سِرَاجًا,16,س - س,95,متماثلان,0 - 0
71,جَعَلَ لَكُمُ,19,ل - ل,95,متماثلان,0 - 0
73,عِندَ ٱللَّهِ هُوَ,20,ه - ه,95,متماثلان,0 - 0
74,سَقَرُ لَا,27-28,ر - ل,95,متجانسان,0 - 0
74,تَذَرُ لَوَّاحَةٌ,28-29,ر - ل,95,متجانسان,0 - 0
74,هُوَ وَمَا,31,و - و,95,متماثلان,0 - 0
74,لِّلْبَشَرِ لِمَن,36-37,ر - ل,95,متجانسان,0 - 0
74,سَلَكَكُمْ,42,ك - ك,95,متماثلان,0 - 0
74,نُكَذِّبُ بِيَوْمِ,46,ب - ب,95,متماثلان,0 - 0
74,ٱللَّهُ هُوَ,56,ه - ه,95,متماثلان,0 - 0
75,أُقْسِمُ بِيَوْمِ,1,م - ب,95,متجانسان,0 - 0
75,أُقْسِمُ بِٱلنَّفْسِ,2,م - ب,95,متجانسان,0 - 0
75,نَّجْمَعَ عِظَامَهُ,3,ع - ع,95,متماثلان,0 - 0
76,ٱلدَّهْرِ لَمْ,1,ر - ل,95,متجانسان,0 - 0
76,يَشْرَبُ بِهَا,6,ب - ب,95,متماثلان,0 - 0
76,نَحْنُ نَزَّلْنَا,23,ن - ن,95,متماثلان,0 - 0
77,فَٱلْمُلْقِيَـٰتِ ذِكْرًا,5,ت - ذ,96,متجانسان,0 - 0
77,ثَلَـٰثِ شُعَبٍ,30,ث - ش,96,متجانسان,0 - 0
77,وَلَا يُؤْذَنُ لَهُمْ,36,ن - ل,96,متجانسان,0 - 0
77,قِيلَ لَهُمُ,48,ل - ل,96,متماثلان,0 - 0
78,ٱلَّيْلَ لِبَاسًا,10,ل - ل,96,متماثلان,0 - 0
78,وَٱلْمَلَـٰٓئِكَةُ صَفًّا,38,ت - ص,96,متجانسان,0 - 0
78,أَذِنَ لَهُ,38,ن - ل,96,متجانسان,
79,وَٱلسَّـٰبِحَـٰتِ سَبْحًا,3,ت - س,96,متجانسان,
79,فَٱلسَّـٰبِقَـٰتِ سَبْقًا,4,ت - س,96,متجانسان,
79,ٱلرَّاجِفَةُ تَتْبَعُهَا,6-7,ت - ت,96,متماثلان,
81,ٱلنُّفُوسُ زُوِّجَتْ,7,س - ز,96,متجانسان,
81,ٱلْمَوْءُدَةُ سُئِلَتْ,8,ت - س,96,متجانسان,
81,أُقْسِمُ بِٱلْخُنَّسِ,15,م - ب,96,متجانسان,
81,لَقَوْلُ رَسُولٍ,19,ل - ر,96,متجانسان,
81,ٱلْغَيْبِ بِضَنِينٍ,24,ب - ب,97,متماثلان,
82,رَكَّبَكَ كَلَّا,8-9,ك - ك,97,متماثلان,
83,ٱلْفُجَّارِ لَفِى,7,ر - ل,97,متجانسان,
83,يُكَذِّبُ بِهِٓ,12,ب - ب,97,متماثلان,
83,كِتَـٰبَ ٱلْأَبْرَارِ لَفِى,18,ر - ل,97,متجانسان,
83,تَعْرِفُ فِى,24,ف - ف,97,متماثلان,
83,يَشْرَبُ بِهَا,28,ب - ب,97,متماثلان,
84,إِنَّكَ كَادِحٌ,6,ك - ك,97,متماثلان,
84,رَبِّكَ كَدْحًا,6,ك - ك,97,متماثلان,
84,أُقْسِمُ بِٱلشَّفَقِ,16,م - ب,97,متجانسان,
84,أَعْلَمُ بِمَا,23,م - ب,97,متجانسان,
85,وَٱلْمُؤْمِنَـٰتِ ثُمَّ,10,ت - ث,97,متجانسان,
85,إِنَّهُ هُوَ,13,ه - ه,97,متماثلان,
85,ٱلْوَدُودُ ذُو,14-15,د - ذ,97,متجانسان,
89,ذَٰلِكَ قَسَمٌ,5,ك - ق,97,متجانسان,
89,كَيْفَ فَعَلَ,6,ف - ف,97,متماثلان,
89,فَعَلَ رَبُّكَ,6,ل - ر,97,متجانسان,
89,فَيَقُولُ رَبِّىٓ,15,ل - ر,97,متجانسان,
89,فَيَقُولُ رَبِّىٓ,16,ل - ر,97,متجانسان,
90,لَآ أُقْسِمُ بِهَـٰذَا,1,م - ب,98,متجانسان,
91,فَقَالَ لَهُمْ,13,ل - ل,98,متماثلان,
92,وَكَذَّبَ بِٱلْحُسْنَىٰ,9,ب - ب,98,متماثلان,
96,عَلَّمَ بِٱلْقَلَمِ,4,م - ب,98,متجانسان,
97,ٱلْقَدْرِ لَيْلَةُ,2-3,ر - ل,98,متجانسان,
97,ٱلْفَجْرِ لَمْ,5-1,ر - ل,98,متجانسان,
98,ٱلْبَرِيَّةِ جَزَآؤُهُمْ,7-8,ت - ج,98,متجانسان,
100,وَٱلْعَـٰدِيَـٰتِ ضَبْحًا,1,ت - ض,98,متجانسان,
100,فَٱلْمُغِيرَٰتِ صُبْحًا,3,ت - ص,98,متجانسان,
100,ٱلْخَيْرِ لَشَدِيدٌ,8,ر - ل,98,متجانسان,
101,فَأُمُّهُ هَاوِيَةٌ,9,ه - ه,98,متماثلان,
102,تَطَّلِعُ عَلَى,7,ع - ع,99,متماثلان,
105,كَيْفَ فَعَلَ,1,ف - ف,99,متماثلان,
105,فَعَلَ رَبُّكَ,1,ل - ر,99,متجانسان,
106,وَٱلصَّيْفِ فَلْيَعْبُدُوا۟,2-3,ف - ف,99,متماثلان,
107,يُكَذِّبُ بِٱلدِّينِ,1,ب - ب,99,متماثلان,