باب المبتدأ والخبر,خبر > مبتدأ,جار ومجرور,اسم ظاهر,2,2,لَا رَيْبَ فِيهِ هُدًى لِلْمُتَّقِينَ,فِيهِ,هُدًى,البقرة,خبر [جار ومجرور] > مبتدأ [اسم ظاهر],خبر شبه جملة مقدم + مبتدأ مؤخر,فِيهِ هُدًى,
باب المبتدأ والخبر,خبر > مبتدأ,جار ومجرور,اسم ظاهر,3,4,إِنَّ الَّذِينَ كَفَرُوا بِآيَاتِ اللَّهِ لَهُمْ عَذَابٌ شَدِيدٌ,لهم,عذاب شديد,آل عمران,,إنَّ + اسمها + جملة اسمية خبرها: خبر مقدم + مبتدأ مؤخر,لَهُمْ عَذَابٌ شَدِيدٌ ,
باب المبتدأ والخبر,خبر > مبتدأ,جار ومجرور,اسم ظاهر,4,11,فَلَهُنَّ ثُلُثَا مَا تَرَكَ,لهن,ثلثا ما ترك,النساء,,جار ومجرور خبر مقدم + مبتدأ مؤخر,لَهُنَّ ثُلُثَا مَا تَرَكَ,
باب المبتدأ والخبر,خبر > مبتدأ,جار ومجرور,اسم ظاهر,5,9,لَهُمْ مَغْفِرَةٌ وَأَجْرٌ عَظِيمٌ,لهم,مغفرة وأجر عظيم,المائدة,,خبر شبه جملة مقدم + مبتدأ مؤخر ومعطوف عليه,لَهُمْ مَغْفِرَةٌ وَأَجْرٌ عَظِيمٌ,
باب المبتدأ والخبر,خبر > مبتدأ,جار ومجرور,اسم ظاهر,6,60,ثُمَّ إِلَيْهِ مَرْجِعُكُمْ,إليه,مرجعكم,الأنعام,,خبر شبه جملة مقدم + مبتدأ مؤخر,إِلَيْهِ مَرْجِعُكُمْ,
باب المبتدأ والخبر,خبر > مبتدأ,جار ومجرور,اسم ظاهر,7,24,وَلَكُمْ فِي الْأَرْضِ مُسْتَقَرٌّ وَمَتَاعٌ إِلَى حِينٍ,لكم,مستقر ومتاع,الأعراف,,خبر شبه جملة مقدم + حال مقدمة + مبتدأ مؤخر ومعطوف عليه,وَلَكُمْ,مُسْتَقَرٌّ وَمَتَاعٌ
باب المبتدأ والخبر,خبر > مبتدأ,جار ومجرور,اسم ظاهر,8,4,لَهُمْ دَرَجَاتٌ عِنْدَ رَبِّهِمْ وَمَغْفِرَةٌ وَرِزْقٌ كَرِيمٌ,الخبر المقدم المتعلق به «لهم»,المبتدأ «درجات» وما عطف عليه,الأنفال,,جار ومجرور خبر مقدم + مبتدأ مؤخر وما عطف عليه,لَهُمْ دَرَجَاتٌ,
باب المبتدأ والخبر,خبر > مبتدأ,جار ومجرور,اسم ظاهر,9,21,لَهُمْ فِيهَا نَعِيمٌ مُقِيمٌ,الخبر المقدم المتعلق به «لهم فيها»,المبتدأ «نعيم»,التوبة,,جاران ومجروران متعلقان بخبر مقدم + مبتدأ مؤخر,لَهُمْ فِيهَا نَعِيمٌ,
باب المبتدأ والخبر,خبر > مبتدأ,جار ومجرور,اسم ظاهر,2,7,وَعَلَى أَبْصَارِهِمْ غِشَاوَةٌ,على أبصارهم,غشاوة,البقرة,,خبر شبه جملة مقدم + مبتدأ مؤخر,عَلَى أَبْصَارِهِمْ غِشَاوَةٌ,
باب المبتدأ والخبر,خبر > مبتدأ,جار ومجرور,اسم ظاهر,3,7,مِنْهُ آيَاتٌ مُحْكَمَاتٌ,منه,آيات محكمات,آل عمران,,خبر مقدم + مبتدأ مؤخر,مِنْهُ آيَاتٌ مُحْكَمَاتٌ,
باب المبتدأ والخبر,خبر > مبتدأ,اسم استفهام,اسم ظاهر,3,165,قُلْتُمْ أَنَّى هَذَا,أنى,هذا,آل عمران,خبر [اسم استفهام] > مبتدأ [اسم ظاهر],خبر استفهامي مقدم + مبتدأ مؤخر, أَنَّى هَذَا ,
باب المبتدأ والخبر,خبر > مبتدأ,اسم استفهام,ضمير منفصل,2,68,قَالُوا ادْعُ لَنَا رَبَّكَ يُبَيِّنْ لَنَا مَا هِيَ,ما,هي,البقرة,خبر [اسم استفهام] > مبتدأ [ضمير منفصل],خبر استفهامي مقدم + مبتدأ مؤخر,مَا هِيَ,
باب المبتدأ والخبر,خبر > مبتدأ,اسم ظاهر,اسم استفهام,7,37,أَيْنَ مَا كُنْتُمْ تَدْعُونَ مِنْ دُونِ اللَّهِ,أين,ما كنتم تدعون من دون الله,الأعراف,خبر [اسم ظاهر] > مبتدأ [اسم استفهام],خبر استفهامي ظرفي مقدم + مبتدأ موصول مؤخر, مَا كُنْتُمْ تَدْعُونَ مِنْ دُونِ اللَّهِ,
باب المبتدأ والخبر,خبر > مبتدأ,اسم ظاهر,اسم ظاهر,2,69,قَالُوا ادْعُ لَنَا رَبَّكَ يُبَيِّنْ لَنَا مَا لَوْنُهَا,ما,لونها,البقرة,خبر [اسم ظاهر] > مبتدأ [اسم ظاهر],خبر استفهامي مقدم + مبتدأ مؤخر, مَا لَوْنُهَا,
باب المبتدأ والخبر,خبر > مبتدأ,اسم ظاهر,اسم ظاهر,3,15,لِلَّذِينَ اتَّقَوْا عِنْدَ رَبِّهِمْ جَنَّاتٌ,للذين اتقوا,جنات,آل عمران,,خبر مقدم + ظرف + مبتدأ مؤخر,لِلَّذِينَ اتَّقَوْا,جَنَّاتٌ
باب المبتدأ والخبر,خبر > مبتدأ,اسم ظاهر,اسم ظاهر,4,7,لِلرِّجَالِ نَصِيبٌ مِمَّا تَرَكَ الْوَالِدَانِ وَالْأَقْرَبُونَ,للرجال,نصيب,النساء,,جار ومجرور خبر مقدم + مبتدأ مؤخر,لِلرِّجَالِ نَصِيبٌ,
باب المبتدأ والخبر,خبر > مبتدأ,اسم ظاهر,اسم ظاهر,6,22,أَيْنَ شُرَكَاؤُكُمُ الَّذِينَ كُنْتُمْ تَزْعُمُونَ,أين,شركاؤكم,الأنعام,,خبر استفهامي مقدم + مبتدأ مؤخر,أَيْنَ شُرَكَاؤُكُمُ,
باب المبتدأ والخبر,خبر > مبتدأ,اسم ظاهر,اسم ظاهر,7,34,وَلِكُلِّ أُمَّةٍ أَجَلٌ,لكل أمة,أجل,الأعراف,,خبر شبه جملة مقدم + مبتدأ مؤخر,لِكُلِّ أُمَّةٍ أَجَلٌ,
باب المبتدأ والخبر,خبر > مبتدأ,اسم ظاهر,اسم ظاهر,9,47,وَفِيكُمْ سَمَّاعُونَ لَهُمْ,الخبر المقدم الذي تعلق به «فيكم»,المبتدأ «سماعون»,التوبة,,جار ومجرور متعلق بخبر مقدم + مبتدأ مؤخر,فِيكُمْ سَمَّاعُونَ ,
باب المبتدأ والخبر,خبر > مبتدأ,اسم ظاهر,اسم ظاهر,2,69,إِنَّهَا بَقَرَةٌ صَفْرَاءُ فَاقِعٌ لَوْنُهَا,فاقع,لونها,البقرة,,خبر مقدم + مبتدأ مؤخر، على أحد الأوجه, فَاقِعٌ لَوْنُهَا,
باب المبتدأ والخبر,خبر > مبتدأ,اسم ظاهر,اسم ظاهر,3,20,فَإِنَّمَا عَلَيْكَ الْبَلَاغُ,عليك,البلاغ,آل عمران,,خبر مقدم + مبتدأ مؤخر,عَلَيْكَ الْبَلَاغُ,
باب المبتدأ والخبر,خبر > مبتدأ,اسم ظاهر,اسم ظاهر,4,7,وَلِلنِّسَاءِ نَصِيبٌ مِمَّا تَرَكَ الْوَالِدَانِ وَالْأَقْرَبُونَ,للنساء,نصيب,النساء,,جار ومجرور خبر مقدم + مبتدأ مؤخر,لِلنِّسَاءِ نَصِيبٌ ,
باب المبتدأ والخبر,خبر > مبتدأ,اسم ظاهر,اسم ظاهر,6,52,وَمَا عَلَيْكَ مِنْ حِسَابِهِمْ مِنْ شَيْءٍ,عليك,حسابهم,الأنعام,,أداة نفي + خبر شبه جملة مقدم + مبتدأ مؤخر,عَلَيْكَ ,حِسَابِهِمْ
باب المبتدأ والخبر,خبر > مبتدأ,اسم ظاهر,اسم موصول,3,152,مِنْكُمْ مَنْ يُرِيدُ الدُّنْيَا,منكم,من يريد الدنيا,آل عمران,خبر [اسم ظاهر] > مبتدأ [اسم موصول],خبر مقدم + مبتدأ موصول مؤخر,مِنْكُمْ مَنْ يُرِيدُ الدُّنْيَا,
باب المبتدأ والخبر,خبر > مبتدأ,اسم ظاهر,اسم موصول,3,152,وَمِنْكُمْ مَنْ يُرِيدُ الْآخِرَةَ,منكم,من يريد الآخرة,آل عمران,,خبر مقدم + مبتدأ موصول مؤخر,وَمِنْكُمْ مَنْ يُرِيدُ الْآخِرَةَ,
باب المبتدأ والخبر,خبر > مبتدأ,اسم ظاهر,ضمير منفصل,2,70,قَالُوا ادْعُ لَنَا رَبَّكَ يُبَيِّنْ لَنَا مَا هِيَ,ما,هي,البقرة,خبر [اسم ظاهر] > مبتدأ [ضمير منفصل],خبر استفهامي مقدم + مبتدأ مؤخر, مَا هِيَ,
باب المبتدأ والخبر,خبر > مبتدأ,اسم ظاهر,ضمير منفصل,2,271,فَنِعِمَّا هِيَ,الجملة الفعلية «نعمّا»,هي,البقرة,,جملة فعلية خبر مقدم + مبتدأ مؤخر,نِعِمَّا هِيَ,
باب المبتدأ والخبر,خبر > مبتدأ,جار ومجرور,اسم استفهام,6,12,قُلْ لِمَنْ مَا فِي السَّمَاوَاتِ وَالْأَرْضِ,لمن,ما في السماوات والأرض,الأنعام,خبر [جار ومجرور] > مبتدأ [اسم استفهام],فعل قول + خبر شبه جملة مقدم + مبتدأ مؤخر,لِمَنْ مَا فِي السَّمَاوَاتِ وَالْأَرْضِ,
باب المبتدأ والخبر,خبر > مبتدأ,جار ومجرور,اسم شرط,2,253,وَمِنْهُمْ مَنْ كَفَرَ,منهم,من كفر,البقرة,خبر [جار ومجرور] > مبتدأ [اسم شرط],خبر شبه جملة مقدم + مبتدأ موصول مؤخر,وَمِنْهُمْ مَنْ كَفَرَ,
باب المبتدأ والخبر,خبر > مبتدأ,جار ومجرور,اسم موصول,2,8,وَمِنَ النَّاسِ مَنْ يَقُولُ آمَنَّا بِاللَّهِ وَبِالْيَوْمِ الْآخِرِ,من الناس,من يقول آمنا بالله وباليوم الآخر,البقرة,خبر [جار ومجرور] > مبتدأ [اسم موصول],خبر شبه جملة مقدم + مبتدأ موصول مؤخر,مِنَ النَّاسِ مَنْ يَقُولُ آمَنَّا بِاللَّهِ وَبِالْيَوْمِ الْآخِرِ,
باب المبتدأ والخبر,خبر > مبتدأ,جار ومجرور,اسم موصول,3,75,وَمِنْ أَهْلِ الْكِتَابِ مَنْ إِنْ تَأْمَنْهُ بِقِنْطَارٍ يُؤَدِّهِ إِلَيْكَ,من أهل الكتاب,من إن تأمنه بقنطار يؤده إليك,آل عمران,,خبر مقدم + مبتدأ موصول مؤخر,مِنْ أَهْلِ الْكِتَابِ مَنْ إِنْ تَأْمَنْهُ بِقِنْطَارٍ يُؤَدِّهِ إِلَيْكَ,
باب المبتدأ والخبر,خبر > مبتدأ,جار ومجرور,اسم موصول,4,55,فَمِنْهُمْ مَنْ آمَنَ بِهِ,منهم,من آمن به,النساء,,جار ومجرور خبر مقدم + مبتدأ موصول مؤخر,مِنْهُمْ مَنْ آمَنَ بِهِ,
باب المبتدأ والخبر,خبر > مبتدأ,جار ومجرور,اسم موصول,5,72,وَمَا لِلظَّالِمِينَ مِنْ أَنْصَارٍ,للظالمين,من أنصار,المائدة,,أداة نفي + خبر شبه جملة مقدم + مبتدأ مؤخر مجرور لفظًا, لِلظَّالِمِينَ مِنْ أَنْصَارٍ,
باب المبتدأ والخبر,خبر > مبتدأ,جار ومجرور,اسم موصول,6,13,وَلَهُ مَا سَكَنَ فِي اللَّيْلِ وَالنَّهَارِ,له,ما سكن في الليل والنهار,الأنعام,,خبر شبه جملة مقدم + مبتدأ موصول مؤخر,لَهُ مَا سَكَنَ فِي اللَّيْلِ وَالنَّهَارِ,
باب المبتدأ والخبر,خبر > مبتدأ,جار ومجرور,اسم موصول,7,59,مَا لَكُمْ مِنْ إِلَهٍ غَيْرُهُ,لكم,من إله غيره,الأعراف,,أداة نفي + خبر شبه جملة مقدم + مبتدأ مؤخر مجرور لفظًا,لَكُمْ مِنْ إِلَهٍ غَيْرُهُ,
باب المبتدأ والخبر,خبر > مبتدأ,جار ومجرور,اسم موصول,2,116,بَلْ لَهُ مَا فِي السَّمَاوَاتِ وَالْأَرْضِ,له,ما في السماوات والأرض,البقرة,,خبر شبه جملة مقدم + مبتدأ موصول مؤخر,لَهُ مَا فِي السَّمَاوَاتِ وَالْأَرْضِ ,
باب المبتدأ والخبر,خبر > مبتدأ,جار ومجرور,اسم موصول,3,109,وَلِلَّهِ مَا فِي السَّمَاوَاتِ وَمَا فِي الْأَرْضِ,لله,ما في السماوات وما في الأرض,آل عمران,,خبر مقدم + مبتدأ موصول مؤخر مع معطوفه,لِلَّهِ مَا فِي السَّمَاوَاتِ وَمَا فِي الْأَرْضِ,
باب المبتدأ والخبر,خبر > مبتدأ,جار ومجرور,اسم موصول,4,126,وَلِلَّهِ مَا فِي السَّمَاوَاتِ وَمَا فِي الْأَرْضِ,لله,ما في السماوات وما في الأرض,النساء,,جار ومجرور خبر مقدم + مبتدأ موصول مؤخر ومعطوفه,لِلَّهِ مَا فِي السَّمَاوَاتِ وَمَا فِي الْأَرْضِ,
باب المبتدأ والخبر,خبر > مبتدأ,جار ومجرور,اسم موصول,6,25,وَمِنْهُمْ مَنْ يَسْتَمِعُ إِلَيْكَ,منهم,من يستمع إليك,الأنعام,,خبر شبه جملة مقدم + مبتدأ موصول مؤخر,مِنْهُمْ مَنْ يَسْتَمِعُ إِلَيْكَ,
باب المبتدأ والخبر,خبر > مبتدأ,ظرف,اسم ظاهر,2,115,فَثَمَّ وَجْهُ اللَّهِ,ثم,وجه الله,البقرة,خبر [ظرف] > مبتدأ [اسم ظاهر],ظرف خبر مقدم + مبتدأ مؤخر,ثَمَّ وَجْهُ اللَّهِ,
باب المبتدأ والخبر,خبر > مبتدأ,ظرف,اسم ظاهر,3,14,وَاللَّهُ عِنْدَهُ حُسْنُ الْمَآبِ,عنده,حسن المآب,آل عمران,,مبتدأ + جملة اسمية خبرها: خبر مقدم + مبتدأ مؤخر,عِنْدَهُ حُسْنُ الْمَآبِ,
باب المبتدأ والخبر,خبر > مبتدأ,ظرف,اسم ظاهر,4,90,إِلَّا الَّذِينَ يَصِلُونَ إِلَى قَوْمٍ بَيْنَكُمْ وَبَيْنَهُمْ مِيثَاقٌ,بينكم وبينهم,ميثاق,النساء,,خبر شبه جملة مقدم + مبتدأ مؤخر,بَيْنَكُمْ وَبَيْنَهُمْ مِيثَاقٌ,
باب المبتدأ والخبر,خبر > مبتدأ,ظرف,اسم ظاهر,5,43,وَعِنْدَهُمُ التَّوْرَاةُ,عندهم,التوراة,المائدة,,خبر شبه جملة مقدم + مبتدأ مؤخر,عِنْدَهُمُ التَّوْرَاةُ,
باب المبتدأ والخبر,خبر > مبتدأ,ظرف,اسم ظاهر,6,50,عِنْدِي خَزَائِنُ اللَّهِ,عندي,خزائن الله,الأنعام,,خبر ظرفي مقدم + مبتدأ مؤخر,عِنْدِي خَزَائِنُ اللَّهِ,
باب المبتدأ والخبر,خبر > مبتدأ,ظرف,اسم ظاهر,7,46,وَبَيْنَهُمَا حِجَابٌ,بينهما,حجاب,الأعراف,,خبر ظرفي مقدم + مبتدأ مؤخر,بَيْنَهُمَا حِجَابٌ,
باب المبتدأ والخبر,خبر > مبتدأ,ظرف,اسم ظاهر,8,28,وَأَنَّ اللَّهَ عِنْدَهُ أَجْرٌ عَظِيمٌ,الخبر المقدم المتعلق به «عنده»,المبتدأ «أجر»,الأنفال,,أن واسمها + جملة اسمية خبرها: ظرف خبر مقدم + مبتدأ مؤخر,عِنْدَهُ أَجْرٌ,
باب المبتدأ والخبر,خبر > مبتدأ,ظرف,اسم ظاهر,9,22,إِنَّ اللَّهَ عِنْدَهُ أَجْرٌ عَظِيمٌ,الخبر المقدم المتعلق به «عنده»,المبتدأ «أجر»,التوبة,,إن واسمها + جملة خبرها: ظرف متعلق بخبر مقدم + مبتدأ مؤخر,عِنْدَهُ أَجْرٌ,
باب المبتدأ والخبر,خبر > مبتدأ,ظرف,اسم ظاهر,3,195,وَاللَّهُ عِنْدَهُ حُسْنُ الثَّوَابِ,عنده,حسن الثواب,آل عمران,,مبتدأ + جملة اسمية خبرها خبر مقدم ومبتدأ مؤخر,عِنْدَهُ حُسْنُ الثَّوَابِ,
باب المبتدأ والخبر,خبر > مبتدأ,ظرف,اسم ظاهر,4,92,وَإِنْ كَانَ مِنْ قَوْمٍ بَيْنَكُمْ وَبَيْنَهُمْ مِيثَاقٌ,بينكم وبينهم,ميثاق,النساء,,خبر شبه جملة مقدم + مبتدأ مؤخر داخل صفة «قوم», بَيْنَكُمْ وَبَيْنَهُمْ مِيثَاقٌ,
باب المبتدأ والخبر,خبر > مبتدأ,ظرف,اسم موصول,6,57,مَا عِنْدِي مَا تَسْتَعْجِلُونَ بِهِ,عندي,ما تستعجلون به,الأنعام,خبر [ظرف] > مبتدأ [اسم موصول],أداة نفي + خبر ظرفي مقدم + مبتدأ موصول مؤخر,عِنْدِي مَا تَسْتَعْجِلُونَ بِهِ,
باب المبتدأ والخبر,خبر > مبتدأ,ظرف,اسم موصول,6,148,قُلْ هَلْ عِنْدَكُمْ مِنْ عِلْمٍ,عندكم,من علم,الأنعام,,فعل قول + خبر ظرفي مقدم + مبتدأ مؤخر مجرور لفظًا,عِنْدَكُمْ مِنْ عِلْمٍ,
باب المبتدأ والخبر,مبتدأ > جملة فعلية واقعة خبرًا,اسم استفهام,جملة فعلية,4,109,فَمَنْ يُجَادِلُ اللَّهَ عَنْهُمْ يَوْمَ الْقِيَامَةِ,من,يجادل الله عنهم يوم القيامة,النساء,مبتدأ [اسم استفهام] > جملة فعلية واقعة خبرًا [جملة فعلية],اسم استفهام مبتدأ + جملة فعلية خبر,مَنْ يُجَادِلُ اللَّهَ عَنْهُمْ يَوْمَ الْقِيَامَةِ,
باب المبتدأ والخبر,مبتدأ > جملة فعلية واقعة خبرًا,اسم استفهام,جملة فعلية,5,17,فَمَنْ يَمْلِكُ مِنَ اللَّهِ شَيْئًا,من,جملة «يملك من الله شيئًا»,المائدة,,اسم استفهام معرب مبتدأ + جملة فعلية خبر,مَنْ يَمْلِكُ مِنَ اللَّهِ شَيْئًا,
باب المبتدأ والخبر,مبتدأ > جملة فعلية واقعة خبرًا,اسم استفهام,جملة فعلية,6,63,مَنْ يُنَجِّيكُمْ مِنْ ظُلُمَاتِ الْبَرِّ وَالْبَحْرِ,من,جملة «ينجيكم من ظلمات البر والبحر»,الأنعام,,اسم استفهام معرب مبتدأ + جملة فعلية خبر,مَنْ يُنَجِّيكُمْ مِنْ ظُلُمَاتِ الْبَرِّ وَالْبَحْرِ,
باب المبتدأ والخبر,مبتدأ > جملة فعلية واقعة خبرًا,اسم استفهام,جملة فعلية,7,32,قُلْ مَنْ حَرَّمَ زِينَةَ اللَّهِ الَّتِي أَخْرَجَ لِعِبَادِهِ,من,جملة «حرم زينة الله»,الأعراف,,اسم استفهام معرب مبتدأ + جملة فعلية خبر, مَنْ حَرَّمَ زِينَةَ اللَّهِ,
باب المبتدأ والخبر,مبتدأ > جملة فعلية واقعة خبرًا,اسم استفهام,جملة فعلية,4,109,أَمْ مَنْ يَكُونُ عَلَيْهِمْ وَكِيلًا,من,يكون عليهم وكيلًا,النساء,,اسم استفهام مبتدأ + جملة فعلية ناقصة خبر,مَنْ يَكُونُ عَلَيْهِمْ وَكِيلًا,
باب المبتدأ والخبر,مبتدأ > جملة فعلية واقعة خبرًا,اسم استفهام,جملة فعلية,6,91,مَنْ أَنْزَلَ الْكِتَابَ الَّذِي جَاءَ بِهِ مُوسَى,من,جملة «أنزل الكتاب الذي جاء به موسى»,الأنعام,,اسم استفهام معرب مبتدأ + جملة فعلية خبر,مَنْ أَنْزَلَ الْكِتَابَ الَّذِي جَاءَ بِهِ مُوسَى,
باب المبتدأ والخبر,مبتدأ > جملة فعلية واقعة خبرًا,اسم استفهام,جملة فعلية,6,109,وَمَا يُشْعِرُكُمْ أَنَّهَا إِذَا جَاءَتْ لَا يُؤْمِنُونَ,ما,جملة «يشعركم»,الأنعام,,اسم استفهام معرب مبتدأ + جملة فعلية خبر,مَا يُشْعِرُكُمْ,
باب المبتدأ والخبر,مبتدأ > جملة فعلية واقعة خبرًا,اسم شرط,جملة فعلية,3,144,وَمَنْ يَنْقَلِبْ عَلَى عَقِبَيْهِ فَلَنْ يَضُرَّ اللَّهَ شَيْئًا,من,جملتا «ينقلب» و«فلن يضر»,آل عمران,مبتدأ [اسم شرط] > جملة فعلية واقعة خبرًا [جملة فعلية],اسم شرط مبتدأ + فعل الشرط وجوابه خبر,مَنْ يَنْقَلِبْ,فَلَنْ يَضُرَّ
باب المبتدأ والخبر,مبتدأ > جملة فعلية واقعة خبرًا,اسم شرط,جملة فعلية,4,6,وَمَنْ كَانَ غَنِيًّا فَلْيَسْتَعْفِفْ,من,جملتا «كان غنيًّا» و«فليستعفف»,النساء,,اسم شرط مبتدأ + فعل الشرط وجوابه خبر,مَنْ كَانَ غَنِيًّا,فَلْيَسْتَعْفِفْ
باب المبتدأ والخبر,مبتدأ > جملة فعلية واقعة خبرًا,اسم شرط,جملة فعلية,5,3,فَمَنِ اضْطُرَّ فِي مَخْمَصَةٍ غَيْرَ مُتَجَانِفٍ لِإِثْمٍ فَإِنَّ اللَّهَ غَفُورٌ رَحِيمٌ,من,جملتا «اضطر في مخمصة» و«فإن الله غفور رحيم»,المائدة,,اسم شرط معرب مبتدأ + جملتا فعل الشرط وجوابه خبر,مَنِ اضْطُرَّ فِي مَخْمَصَةٍ,فَإِنَّ اللَّهَ غَفُورٌ رَحِيمٌ
باب المبتدأ والخبر,مبتدأ > جملة فعلية واقعة خبرًا,اسم شرط,جملة فعلية,6,16,مَنْ يُصْرَفْ عَنْهُ يَوْمَئِذٍ فَقَدْ رَحِمَهُ,من,جملتا «يصرف عنه يومئذ» و«فقد رحمه»,الأنعام,,اسم شرط معرب مبتدأ + جملتا الشرط والجواب خبر,مَنْ يُصْرَفْ عَنْهُ يَوْمَئِذٍ ,فَقَدْ رَحِمَهُ
باب المبتدأ والخبر,مبتدأ > جملة فعلية واقعة خبرًا,اسم شرط,جملة فعلية,7,8,فَمَنْ ثَقُلَتْ مَوَازِينُهُ فَأُولَئِكَ هُمُ الْمُفْلِحُونَ,من,جملتا «ثقلت موازينه» و«فأولئك هم المفلحون»,الأعراف,,اسم شرط معرب مبتدأ + جملتا الشرط والجواب خبر,مَنْ ثَقُلَتْ مَوَازِينُهُ,فَأُولَئِكَ هُمُ الْمُفْلِحُونَ
باب المبتدأ والخبر,مبتدأ > جملة فعلية واقعة خبرًا,اسم شرط,جملة فعلية,8,13,وَمَنْ يُشَاقِقِ اللَّهَ وَرَسُولَهُ فَإِنَّ اللَّهَ شَدِيدُ الْعِقَابِ,اسم الشرط «من» المعرب مبتدأ,جملة الشرط والجواب بوصفها الخبر,الأنفال,,مبتدأ شرطي + جملة الشرط والجواب خبر,وَمَنْ يُشَاقِقِ,
باب المبتدأ والخبر,مبتدأ > جملة فعلية واقعة خبرًا,اسم شرط,جملة فعلية,9,23,وَمَنْ يَتَوَلَّهُمْ مِنْكُمْ فَأُولَئِكَ هُمُ الظَّالِمُونَ,اسم الشرط «من» المعرب مبتدأ,جملة الشرط والجواب «يتولهم منكم فأولئك هم الظالمون»,التوبة,,مبتدأ شرطي + جملة الشرط والجواب خبر,مَنْ يَتَوَلَّهُمْ مِنْكُمْ فَأُولَئِكَ هُمُ الظَّالِمُونَ,
باب المبتدأ والخبر,مبتدأ > جملة فعلية واقعة خبرًا,اسم شرط,جملة فعلية,3,145,وَمَنْ يُرِدْ ثَوَابَ الدُّنْيَا نُؤْتِهِ مِنْهَا,من,جملتا «يرد» و«نؤته»,آل عمران,,اسم شرط مبتدأ + فعل الشرط وجوابه خبر,مَنْ يُرِدْ,نُؤْتِهِ
باب المبتدأ والخبر,مبتدأ > جملة فعلية واقعة خبرًا,اسم شرط,جملة فعلية,4,13,وَمَنْ يُطِعِ اللَّهَ وَرَسُولَهُ يُدْخِلْهُ جَنَّاتٍ,من,جملتا «يطع» و«يدخله»,النساء,,اسم شرط مبتدأ + جملتا الشرط والجواب خبر,مَنْ يُطِعِ,يُدْخِلْهُ
باب المبتدأ والخبر,مبتدأ > جملة فعلية واقعة خبرًا,اسم شرط,جملة فعلية,5,5,وَمَنْ يَكْفُرْ بِالْإِيمَانِ فَقَدْ حَبِطَ عَمَلُهُ,من,جملتا «يكفر بالإيمان» و«فقد حبط عمله»,المائدة,,اسم شرط معرب مبتدأ + جملتا فعل الشرط وجوابه خبر,مَنْ يَكْفُرْ بِالْإِيمَانِ فَقَدْ حَبِطَ عَمَلُهُ,
باب المبتدأ والخبر,مبتدأ > جملة فعلية واقعة خبرًا,اسم ظاهر,جملة فعلية,2,15,اللَّهُ يَسْتَهْزِئُ بِهِمْ,الله,الفعل يستهزئ,البقرة,مبتدأ [اسم ظاهر] > جملة فعلية واقعة خبرًا [جملة فعلية],اسم متقدم معرب مبتدأ + جملة فعلية خبر,للَّهُ يَسْتَهْزِئُ,
باب المبتدأ والخبر,مبتدأ > جملة فعلية واقعة خبرًا,اسم ظاهر,جملة فعلية,3,7,وَالرَّاسِخُونَ فِي الْعِلْمِ يَقُولُونَ آمَنَّا بِهِ,الراسخون في العلم,يقولون,آل عمران,,مبتدأ + جملة فعلية خبر,الرَّاسِخُونَ فِي الْعِلْمِ يَقُولُونَ,
باب المبتدأ والخبر,مبتدأ > جملة فعلية واقعة خبرًا,اسم ظاهر,جملة فعلية,4,17,فَأُولَئِكَ يَتُوبُ اللَّهُ عَلَيْهِمْ,أولئك,يتوب الله عليهم,النساء,,مبتدأ اسم إشارة + جملة فعلية خبر,أُولَئِكَ يَتُوبُ اللَّهُ عَلَيْهِمْ,
باب المبتدأ والخبر,مبتدأ > جملة فعلية واقعة خبرًا,اسم ظاهر,جملة فعلية,5,4,مَاذَا أُحِلَّ لَهُمْ,«ما» الاستفهامية في «ماذا»,جملة «أحل لهم»,المائدة,,اسم استفهام معرب مبتدأ + جملة فعلية مبنية للمجهول خبر,مَاذَا أُحِلَّ لَهُمْ,
باب المبتدأ والخبر,مبتدأ > جملة فعلية واقعة خبرًا,اسم ظاهر,جملة فعلية,6,1,ثُمَّ الَّذِينَ كَفَرُوا بِرَبِّهِمْ يَعْدِلُونَ,الذين كفروا,جملة «بربهم يعدلون»,الأنعام,,اسم موصول معرب مبتدأ + جملة فعلية خبر,الَّذِينَ كَفَرُوا بِرَبِّهِمْ يَعْدِلُونَ,
باب المبتدأ والخبر,مبتدأ > جملة فعلية واقعة خبرًا,اسم ظاهر,جملة فعلية,7,4,وَكَمْ مِنْ قَرْيَةٍ أَهْلَكْنَاهَا,كم من قرية,جملة «أهلكناها»,الأعراف,,«كم» الخبرية مع الجار والمجرور مبتدأ + جملة فعلية خبر,كَمْ مِنْ قَرْيَةٍ أَهْلَكْنَاهَا,
باب المبتدأ والخبر,مبتدأ > جملة فعلية واقعة خبرًا,اسم ظاهر,جملة فعلية,8,14,ذَلِكُمْ فَذُوقُوهُ,المسند إليه «ذلكم»,جملة «فذوقوه» بوصفها الخبر,الأنفال,,مبتدأ «ذلكم» + جملة فعلية خبر، على أحد الوجهين,ذَلِكُمْ فَذُوقُوهُ,
باب المبتدأ والخبر,مبتدأ > جملة فعلية واقعة خبرًا,اسم ظاهر,جملة فعلية,9,17,أُولَئِكَ حَبِطَتْ أَعْمَالُهُمْ,المسند إليه «أولئك» المعرب مبتدأ,جملة «حبطت أعمالهم» بوصفها الخبر,التوبة,,مبتدأ «أولئك» + جملة فعلية خبر,أُولَئِكَ حَبِطَتْ أَعْمَالُهُمْ,
باب المبتدأ والخبر,مبتدأ > جملة فعلية واقعة خبرًا,اسم ظاهر,جملة فعلية,2,26,وَأَمَّا الَّذِينَ كَفَرُوا فَيَقُولُونَ مَاذَا أَرَادَ اللَّهُ بِهَذَا مَثَلًا,الذين كفروا,فيقولون,البقرة,,مبتدأ موصول متقدم + جملة فعلية خبر,الَّذِينَ كَفَرُوا فَيَقُولُونَ,
باب المبتدأ والخبر,مبتدأ > جملة فعلية واقعة خبرًا,اسم ظاهر,جملة فعلية,3,13,وَاللَّهُ يُؤَيِّدُ بِنَصْرِهِ مَنْ يَشَاءُ,الله,يؤيد,آل عمران,,مبتدأ ظاهر + جملة فعلية خبر,اللَّهُ يُؤَيِّدُ,
باب المبتدأ والخبر,مبتدأ > جملة فعلية واقعة خبرًا,اسم موصول,جملة فعلية,2,26,فَأَمَّا الَّذِينَ آمَنُوا فَيَعْلَمُونَ أَنَّهُ الْحَقُّ مِنْ رَبِّهِمْ,الذين آمنوا,فيعلمون,البقرة,مبتدأ [اسم موصول] > جملة فعلية واقعة خبرًا [جملة فعلية],مبتدأ موصول متقدم + جملة فعلية خبر,الَّذِينَ آمَنُوا فَيَعْلَمُونَ,
باب المبتدأ والخبر,مبتدأ > جملة فعلية واقعة خبرًا,اسم موصول,جملة فعلية,3,7,فَأَمَّا الَّذِينَ فِي قُلُوبِهِمْ زَيْغٌ فَيَتَّبِعُونَ مَا تَشَابَهَ مِنْهُ,الذين في قلوبهم زيغ,فيتبعون,آل عمران,,مبتدأ موصول + جملة فعلية خبر,الَّذِينَ فِي قُلُوبِهِمْ زَيْغٌ فَيَتَّبِعُونَ,
باب المبتدأ والخبر,مبتدأ > جملة فعلية واقعة خبرًا,اسم موصول,جملة فعلية,4,33,وَالَّذِينَ عَقَدَتْ أَيْمَانُكُمْ فَآتُوهُمْ نَصِيبَهُمْ,الذين عقدت أيمانكم,فآتوهم نصيبهم,النساء,,مبتدأ موصول متضمن معنى الشرط + جملة الجواب خبر,الَّذِينَ عَقَدَتْ أَيْمَانُكُمْ فَآتُوهُمْ نَصِيبَهُمْ,
باب المبتدأ والخبر,مبتدأ > جملة فعلية واقعة خبرًا,اسم موصول,جملة فعلية,6,20,الَّذِينَ آتَيْنَاهُمُ الْكِتَابَ يَعْرِفُونَهُ,الذين آتيناهم الكتاب,جملة «يعرفونه»,الأنعام,,اسم موصول معرب مبتدأ + جملة فعلية خبر,الَّذِينَ آتَيْنَاهُمُ الْكِتَابَ يَعْرِفُونَهُ,
باب المبتدأ والخبر,مبتدأ > جملة فعلية واقعة خبرًا,اسم موصول,جملة فعلية,7,58,وَالَّذِي خَبُثَ لَا يَخْرُجُ إِلَّا نَكِدًا,الذي خبث,جملة «لا يخرج إلا نكدًا»,الأعراف,,اسم موصول معرب مبتدأ + جملة فعلية خبر,الَّذِي خَبُثَ لَا يَخْرُجُ إِلَّا نَكِدًا,
باب المبتدأ والخبر,مبتدأ > جملة فعلية واقعة خبرًا,اسم موصول,جملة فعلية,8,36,وَالَّذِينَ كَفَرُوا إِلَى جَهَنَّمَ يُحْشَرُونَ,المسند إليه «الذين كفروا» المعرب مبتدأ,جملة «إلى جهنم يحشرون» بوصفها الخبر,الأنفال,,مبتدأ موصول + جملة فعلية مبنية للمجهول خبر,الَّذِينَ كَفَرُوا إِلَى جَهَنَّمَ يُحْشَرُونَ,
باب المبتدأ والخبر,مبتدأ > جملة فعلية واقعة خبرًا,اسم موصول,جملة فعلية,9,79,الَّذِينَ يَلْمِزُونَ الْمُطَّوِّعِينَ مِنَ الْمُؤْمِنِينَ فِي الصَّدَقَاتِ وَالَّذِينَ لَا يَجِدُونَ إِلَّا جُهْدَهُمْ فَيَسْخَرُونَ مِنْهُمْ سَخِرَ اللَّهُ مِنْهُمْ,المبتدأ الموصول «الذين يلمزون...» وما عطف عليه,جملة «سخر الله منهم» بوصفها الخبر,التوبة,,مبتدأ موصول مقدم + جملة فعلية خبر مشتملة على ضمير عائد، على أحد الأوجه,الَّذِينَ يَلْمِزُونَ,سَخِرَ اللَّهُ مِنْهُمْ
باب المبتدأ والخبر,مبتدأ > جملة فعلية واقعة خبرًا,اسم موصول,جملة فعلية,2,275,الَّذِينَ يَأْكُلُونَ الرِّبَا لَا يَقُومُونَ إِلَّا كَمَا يَقُومُ الَّذِي يَتَخَبَّطُهُ الشَّيْطَانُ,الذين يأكلون الربا,لا يقومون,البقرة,,اسم موصول متقدم معرب مبتدأ + جملة فعلية خبر,الَّذِينَ يَأْكُلُونَ الرِّبَا لَا يَقُومُونَ,
باب المبتدأ والخبر,مبتدأ > جملة فعلية واقعة خبرًا,اسم موصول,جملة فعلية,4,76,الَّذِينَ آمَنُوا يُقَاتِلُونَ فِي سَبِيلِ اللَّهِ,الذين آمنوا,يقاتلون,النساء,,مبتدأ موصول + جملة فعلية خبر,الَّذِينَ آمَنُوا يُقَاتِلُونَ,
باب المبتدأ والخبر,مبتدأ > جملة فعلية واقعة خبرًا,اسم موصول,جملة فعلية,6,92,وَالَّذِينَ يُؤْمِنُونَ بِالْآخِرَةِ يُؤْمِنُونَ بِهِ,الذين يؤمنون بالآخرة,جملة «يؤمنون به»,الأنعام,,اسم موصول معرب مبتدأ + جملة فعلية خبر,الَّذِينَ يُؤْمِنُونَ بِالْآخِرَةِ يُؤْمِنُونَ بِهِ,
باب المبتدأ والخبر,مبتدأ > جملة فعلية واقعة خبرًا,ضمير منفصل,جملة فعلية,3,66,وَأَنْتُمْ لَا تَعْلَمُونَ,أنتم,لا تعلمون,آل عمران,مبتدأ [ضمير منفصل] > جملة فعلية واقعة خبرًا [جملة فعلية],مبتدأ ضمير + جملة فعلية خبر,أَنْتُمْ لَا تَعْلَمُونَ,
باب المبتدأ والخبر,مبتدأ > جملة فعلية واقعة خبرًا,ضمير منفصل,جملة فعلية,4,176,وَهُوَ يَرِثُهَا إِنْ لَمْ يَكُنْ لَهَا وَلَدٌ,هو,يرثها,النساء,,مبتدأ ضمير + جملة فعلية خبر,هُوَ يَرِثُهَا,
باب المبتدأ والخبر,مبتدأ > جملة فعلية واقعة خبرًا,ضمير منفصل,جملة فعلية,5,116,أَأَنْتَ قُلْتَ لِلنَّاسِ,أنت,جملة «قلت للناس»,المائدة,,همزة استفهام + مبتدأ + جملة فعلية خبر,أَنْتَ قُلْتَ لِلنَّاسِ,
باب المبتدأ والخبر,مبتدأ > جملة فعلية واقعة خبرًا,ضمير منفصل,جملة فعلية,6,2,ثُمَّ أَنْتُمْ تَمْتَرُونَ,أنتم,جملة «تمترون»,الأنعام,,مبتدأ + جملة فعلية خبر,أَنْتُمْ تَمْتَرُونَ,
باب المبتدأ والخبر,مبتدأ > جملة فعلية واقعة خبرًا,ضمير منفصل,جملة فعلية,7,35,وَلَا هُمْ يَحْزَنُونَ,هم,جملة «يحزنون»,الأعراف,,مبتدأ + جملة فعلية خبر,هُمْ يَحْزَنُونَ,
باب المبتدأ والخبر,مبتدأ > جملة فعلية واقعة خبرًا,ضمير منفصل,جملة فعلية,8,6,كَأَنَّمَا يُسَاقُونَ إِلَى الْمَوْتِ وَهُمْ يَنْظُرُونَ,المسند إليه «هم» المعرب مبتدأ,جملة «ينظرون» بوصفها الخبر,الأنفال,,مبتدأ «هم» + جملة فعلية خبر,هُمْ يَنْظُرُونَ,
باب المبتدأ والخبر,مبتدأ > جملة فعلية واقعة خبرًا,ضمير منفصل,جملة فعلية,9,13,وَهُمْ بَدَءُوكُمْ أَوَّلَ مَرَّةٍ,المسند إليه «هم» المعرب مبتدأ,جملة «بدؤوكم أول مرة» بوصفها الخبر,التوبة,,مبتدأ «هم» + جملة فعلية خبر,هُمْ بَدَءُوكُمْ أَوَّلَ مَرَّةٍ,
باب المبتدأ والخبر,مبتدأ > جملة فعلية واقعة خبرًا,ضمير منفصل,جملة فعلية,3,70,وَأَنْتُمْ تَشْهَدُونَ,أنتم,تشهدون,آل عمران,,مبتدأ ضمير + جملة فعلية خبر,أَنْتُمْ تَشْهَدُونَ,
باب المبتدأ والخبر,مبتدأ > جملة فعلية واقعة خبرًا,ضمير منفصل,جملة فعلية,6,12,فَهُمْ لَا يُؤْمِنُونَ,هم,جملة «لا يؤمنون»,الأنعام,,مبتدأ + جملة فعلية خبر,هُمْ لَا يُؤْمِنُونَ,
باب المبتدأ والخبر,مبتدأ > جملة فعلية واقعة خبرًا,ضمير منفصل,جملة فعلية,7,46,وَهُمْ يَطْمَعُونَ,هم,جملة «يطمعون»,الأعراف,,مبتدأ + جملة فعلية خبر,هُمْ يَطْمَعُونَ,
باب المفعول به,مفعول به > فعل,ضمير منفصل,فعل,1,4,إِيَّاكَ نَعْبُدُ,إياك,نعبد وفاعله المستتر,الفاتحة,مفعول به [ضمير منفصل] > فعل [فعل],مفعول به ضمير منفصل مقدم + فعل + فاعل مستتر,إِيَّاكَ نَعْبُدُ,
باب المفعول به,مفعول به > فعل,ضمير منفصل,فعل,2,40,وَإِيَّايَ فَارْهَبُونِ,إياي,فارهبون,البقرة,,مفعول به ضمير منفصل مقدم + فعل أمر + فاعله,إِيَّايَ فَارْهَبُونِ,
باب المفعول به,مفعول به > فعل,ضمير منفصل,فعل,6,41,بَلْ إِيَّاهُ تَدْعُونَ,إياه,تدعون,الأنعام,,ضمير مفعول به مقدم + فعل وفاعل,إِيَّاهُ تَدْعُونَ,
باب المفعول به,مفعول به > فعل,ضمير منفصل,فعل,1,4,وَإِيَّاكَ نَسْتَعِينُ,إياك,نستعين وفاعله المستتر,الفاتحة,,مفعول به ضمير منفصل مقدم + فعل + فاعل مستتر,إِيَّاكَ نَسْتَعِينُ,
باب المفعول به,مفعول به > فعل,ضمير منفصل,فعل,2,41,وَإِيَّايَ فَاتَّقُونِ,إياي,فاتقون,البقرة,,مفعول به ضمير منفصل مقدم + فعل أمر + فاعله,إِيَّايَ فَاتَّقُونِ,
باب المفعول به,مفعول به > فعل,ضمير منفصل,فعل,2,172,إِيَّاهُ تَعْبُدُونَ,إياه,تعبدون,البقرة,,مفعول به منفصل مقدم + فعل وفاعل,إِيَّاهُ تَعْبُدُونَ,
باب المفعول به,مفعول به > فعل,اسم استفهام,فعل,2,133,مَا تَعْبُدُونَ مِنْ بَعْدِي,ما,تعبدون,البقرة,مفعول به [اسم استفهام] > فعل [فعل],مفعول به استفهامي + فعل وفاعل,مَا تَعْبُدُونَ,
باب المفعول به,مفعول به > فعل,اسم استفهام,فعل,4,147,مَا يَفْعَلُ اللَّهُ بِعَذَابِكُمْ,ما,يفعل,النساء,,مفعول به استفهامي مقدم + فعل وفاعل,مَا يَفْعَلُ,
باب المفعول به,مفعول به > فعل,اسم شرط,فعل,2,106,مَا نَنْسَخْ مِنْ آيَةٍ,ما,ننسخ,البقرة,مفعول به [اسم شرط] > فعل [فعل],مفعول به شرطي مقدم + فعل وفاعل,مَا نَنْسَخْ,
باب المفعول به,مفعول به > فعل,اسم شرط,فعل,3,115,وَمَا يَفْعَلُوا مِنْ خَيْرٍ,ما,يفعلوا,آل عمران,,مفعول به شرطي مقدم + فعل عامل فيه,مَا يَفْعَلُوا,
باب المفعول به,مفعول به > فعل,اسم شرط,فعل,4,52,وَمَنْ يَلْعَنِ اللَّهُ فَلَنْ تَجِدَ لَهُ نَصِيرًا,من,يلعن,النساء,,مفعول به شرطي مقدم + فعل عامل فيه,مَنْ يَلْعَنِ,
باب المفعول به,مفعول به > فعل,اسم شرط,فعل,2,110,وَمَا تُقَدِّمُوا لِأَنْفُسِكُمْ مِنْ خَيْرٍ تَجِدُوهُ عِنْدَ اللَّهِ,ما,تقدموا,البقرة,,مفعول به شرطي مقدم + فعل وفاعل,مَا تُقَدِّمُوا,
باب المفعول به,مفعول به > فعل,اسم شرط,فعل,3,192,مَنْ تُدْخِلِ النَّارَ فَقَدْ أَخْزَيْتَهُ,من,تدخل,آل عمران,,مفعول به شرطي مقدم + فعل عامل فيه,مَنْ تُدْخِلِ,
باب المفعول به,مفعول به > فعل,اسم شرط,فعل,4,88,وَمَنْ يُضْلِلِ اللَّهُ فَلَنْ تَجِدَ لَهُ سَبِيلًا,من,يضلل,النساء,,مفعول به شرطي مقدم + فعل عامل فيه,مَنْ يُضْلِلِ,
باب المفعول به,مفعول به > فعل,اسم شرط,فعل,2,215,مَا أَنْفَقْتُمْ مِنْ خَيْرٍ,ما,أنفقتم,البقرة,,مفعول به شرطي مقدم + فعل وفاعل,مَا أَنْفَقْتُمْ,
باب المفعول به,مفعول به > فعل,اسم شرط,فعل,4,127,وَمَا تَفْعَلُوا مِنْ خَيْرٍ,ما,تفعلوا,النساء,,مفعول به شرطي مقدم + فعل عامل فيه,مَا تَفْعَلُوا,
باب المفعول به,مفعول به > فعل,اسم شرط,فعل,2,215,وَمَا تَفْعَلُوا مِنْ خَيْرٍ,ما,تفعلوا,البقرة,,مفعول به شرطي مقدم + فعل وفاعل,مَا تَفْعَلُوا,
باب المفعول به,مفعول به > فعل,اسم شرط,فعل,2,270,وَمَا أَنْفَقْتُمْ مِنْ نَفَقَةٍ,ما,أنفقتم,البقرة,,مفعول به شرطي مقدم + فعل وفاعل,مَا أَنْفَقْتُمْ,
باب المفعول به,مفعول به > فاعل,اسم ظاهر,اسم ظاهر,2,124,وَإِذِ ابْتَلَى إِبْرَاهِيمَ رَبُّهُ,إبراهيم,ربه,البقرة,مفعول به [اسم ظاهر] > فاعل [اسم ظاهر],فعل + مفعول به اسم ظاهر مقدم + فاعل ظاهر,إِبْرَاهِيمَ رَبُّهُ,
باب المفعول به,مفعول به > فاعل,اسم ظاهر,اسم ظاهر,3,7,وَمَا يَعْلَمُ تَأْوِيلَهُ إِلَّا اللَّهُ,تأويله,الله,آل عمران,,فعل + مفعول به اسم ظاهر مضاف إلى ضمير + فاعل ظاهر,تَأْوِيلَهُ,اللَّهُ
باب المفعول به,مفعول به > فاعل,اسم ظاهر,اسم ظاهر,4,8,وَإِذَا حَضَرَ الْقِسْمَةَ أُولُو الْقُرْبَى وَالْيَتَامَى وَالْمَسَاكِينُ,القسمة,أولو القربى واليتامى والمساكين,النساء,,فعل + مفعول به اسم ظاهر + فاعل ظاهر + معطوفان عليه,الْقِسْمَةَ أُولُو الْقُرْبَى وَالْيَتَامَى وَالْمَسَاكِينُ,
باب المفعول به,مفعول به > فاعل,اسم ظاهر,اسم ظاهر,5,106,إِذَا حَضَرَ أَحَدَكُمُ الْمَوْتُ,أحدكم,الموت,المائدة,,فعل + مفعول به مقدم + فاعل مؤخر,أَحَدَكُمُ الْمَوْتُ,
باب المفعول به,مفعول به > فاعل,اسم ظاهر,اسم ظاهر,6,61,حَتَّى إِذَا جَاءَ أَحَدَكُمُ الْمَوْتُ,أحدكم,الموت,الأنعام,,فعل + مفعول به مقدم + فاعل مؤخر,أَحَدَكُمُ الْمَوْتُ,
باب المفعول به,مفعول به > فاعل,اسم ظاهر,اسم ظاهر,7,95,قَدْ مَسَّ آباءَنَا الضَّرّاءُ وَالسَّرّاءُ,«آباءنا»,«الضراء والسراء»,الأعراف,,فعل + مفعول به ظاهر مقدم + فاعل ظاهر مؤخر,آباءَنَا الضَّرّاءُ وَالسَّرّاءُ,
باب المفعول به,مفعول به > فاعل,اسم ظاهر,اسم ظاهر,8,49,غَرَّ هَؤُلَاءِ دِينُهُمْ,«هؤلاء»,الفاعل «دينهم»,الأنفال,,فعل + مفعول به ظاهر مقدم + فاعل ظاهر مؤخر,هَؤُلَاءِ دِينُهُمْ,
باب المفعول به,مفعول به > فاعل,اسم ظاهر,اسم ظاهر,9,18,إِنَّمَا يَعْمُرُ مَسَاجِدَ اللَّهِ مَنْ آمَنَ بِاللَّهِ وَالْيَوْمِ الْآخِرِ,«مساجد الله»,الفاعل الموصول «من آمن بالله واليوم الآخر»,التوبة,,فعل + مفعول به ظاهر مقدم + فاعل موصول مؤخر,مَسَاجِدَ اللَّهِ مَنْ آمَنَ بِاللَّهِ وَالْيَوْمِ الْآخِرِ,
باب المفعول به,مفعول به > فاعل,اسم ظاهر,اسم ظاهر,2,133,إِذْ حَضَرَ يَعْقُوبَ الْمَوْتُ,يعقوب,الموت,البقرة,,فعل + مفعول به اسم ظاهر مقدم + فاعل ظاهر,يَعْقُوبَ الْمَوْتُ,
باب المفعول به,مفعول به > فاعل,اسم ظاهر,اسم ظاهر,3,140,فَقَدْ مَسَّ الْقَوْمَ قَرْحٌ مِثْلُهُ,القوم,قرح مثله,آل عمران,,فعل + مفعول به اسم ظاهر + فاعل ظاهر,الْقَوْمَ قَرْحٌ مِثْلُهُ,
باب المفعول به,مفعول به > فاعل,اسم ظاهر,اسم موصول,5,64,وَلَيَزِيدَنَّ كَثِيرًا مِنْهُمْ مَا أُنْزِلَ إِلَيْكَ مِنْ رَبِّكَ طُغْيَانًا وَكُفْرًا,كثيرًا منهم,ما أنزل إليك من ربك,المائدة,مفعول به [اسم ظاهر] > فاعل [اسم موصول],فعل + مفعول به مقدم + فاعل موصول مؤخر,كَثِيرًا مِنْهُمْ مَا أُنْزِلَ إِلَيْكَ مِنْ رَبِّكَ,
باب المفعول به,مفعول به > فعل,اسم ظاهر,اسم موصول,5,68,وَلَيَزِيدَنَّ كَثِيرًا مِنْهُمْ مَا أُنْزِلَ إِلَيْكَ مِنْ رَبِّكَ طُغْيَانًا وَكُفْرًا,كثيرًا منهم,ما أنزل إليك من ربك,المائدة,,فعل + مفعول به مقدم + فاعل موصول مؤخر,كَثِيرًا مِنْهُمْ مَا أُنْزِلَ إِلَيْكَ مِنْ رَبِّكَ,
باب المفعول به,مفعول به > فعل,اسم ظاهر,فعل,2,26,مَاذَا أَرَادَ اللَّهُ بِهَذَا مَثَلًا,ماذا، على إعرابها اسم استفهام مفعولًا به,أراد الله,البقرة,مفعول به [اسم ظاهر] > فعل [فعل],مفعول به استفهامي + فعل + فاعل,مَاذَا أَرَادَ اللَّه,
باب المفعول به,مفعول به > فعل,اسم ظاهر,فعل,3,117,وَلَكِنْ أَنْفُسَهُمْ يَظْلِمُونَ,أنفسهم,يظلمون,آل عمران,,مفعول به + فعل عامل فيه,أَنْفُسَهُمْ يَظْلِمُونَ,
باب المفعول به,مفعول به > فعل,اسم ظاهر,فعل,4,95,وَكُلًّا وَعَدَ اللَّهُ الْحُسْنَى,كلًّا,وعد,النساء,,مفعول به مقدم + فعل مفسر + فاعل,وَكُلًّا وَعَدَ اللَّهُ,
باب المفعول به,مفعول به > فعل,اسم ظاهر,فعل,5,50,أَفَحُكْمَ الْجَاهِلِيَّةِ يَبْغُونَ,حكم الجاهلية,يبغون,المائدة,,مفعول به مقدم + فعل وفاعل,حُكْمَ الْجَاهِلِيَّةِ يَبْغُونَ,
باب المفعول به,مفعول به > فعل,اسم ظاهر,فعل,6,6,أَلَمْ يَرَوْا كَمْ أَهْلَكْنَا مِنْ قَبْلِهِمْ مِنْ قَرْنٍ,كم,أهلكنا,الأنعام,,فعل رؤية + مفعول استفهامي/خبري مقدم + فعله, كَمْ أَهْلَكْنَا,
باب المفعول به,مفعول به > فعل,اسم ظاهر,فعل,7,30,فَرِيقًا هَدَى,فريقًا,هدى,الأعراف,,مفعول به مقدم + فعل مفسر متأخر,فَرِيقًا هَدَى,
باب المفعول به,مفعول به > فعل,اسم ظاهر,فعل,8,60,وَمَا تُنْفِقُوا مِنْ شَيْءٍ فِي سَبِيلِ اللَّهِ يُوَفَّ إِلَيْكُمْ,اسم الشرط «ما»,الفعل «تنفقوا»,الأنفال,,اسم شرط في محل نصب مفعول به مقدم + فعل الشرط,مَا تُنْفِقُوا,
باب المفعول به,مفعول به > فعل,اسم ظاهر,فعل,9,70,وَلَكِنْ كَانُوا أَنْفُسَهُمْ يَظْلِمُونَ,«أنفسهم»,الفعل «يظلمون»,التوبة,,كان واسمها + مفعول به مقدم + فعل متأخر,أَنْفُسَهُمْ يَظْلِمُونَ,
باب المفعول به,مفعول به > فعل,اسم ظاهر,فعل,2,57,وَمَا ظَلَمُونَا وَلَكِنْ كَانُوا أَنْفُسَهُمْ يَظْلِمُونَ,أنفسهم,يظلمون,البقرة,,كان واسمها + مفعول به اسم ظاهر مضاف إلى ضمير مقدم + فعل + فاعل ضمير متصل,أَنْفُسَهُمْ يَظْلِمُونَ,
باب المفعول به,مفعول به > فعل,اسم ظاهر,فعل,4,164,وَرُسُلًا قَدْ قَصَصْنَاهُمْ عَلَيْكَ مِنْ قَبْلُ,رسلًا,قصصناهم,النساء,,مفعول به مقدم مشغول عنه بالضمير + فعل مفسر,رُسُلًا,قَصَصْنَاهُمْ
باب المفعول به,مفعول به > فاعل,اسم موصول,اسم ظاهر,5,73,لَيَمَسَّنَّ الَّذِينَ كَفَرُوا مِنْهُمْ عَذَابٌ أَلِيمٌ,الذين كفروا منهم,عذاب أليم,المائدة,مفعول به [اسم موصول] > فاعل [اسم ظاهر],فعل + مفعول به مقدم + فاعل مؤخر,الَّذِينَ كَفَرُوا مِنْهُمْ عَذَابٌ أَلِيمٌ,
باب المفعول به,مفعول به > فاعل,اسم موصول,اسم ظاهر,6,124,سَيُصِيبُ الَّذِينَ أَجْرَمُوا صَغَارٌ عِنْدَ اللَّهِ وَعَذَابٌ شَدِيدٌ,الذين أجرموا,صغار عند الله وعذاب شديد,الأنعام,,فعل + مفعول به موصول مقدم + فاعل مؤخر ومعطوف عليه,الَّذِينَ أَجْرَمُوا صَغَارٌ عِنْدَ اللَّهِ وَعَذَابٌ شَدِيدٌ,
باب المفعول به,مفعول به > فعل,اسم موصول,فعل,2,32,قَالُوا سُبْحَانَكَ لَا عِلْمَ لَنَا إِلَّا مَا عَلَّمْتَنَا,ما، على إعرابها مفعولًا به مقدمًا,علّمتنا,البقرة,مفعول به [اسم موصول] > فعل [فعل],اسم موصول مفعول به + فعل + فاعل + مفعول متصل,مَا عَلَّمْتَنَا,
باب المفعول به,مفعول به > فعل,اسم موصول,فعل,2,68,فَافْعَلُوا مَا تُؤْمَرُونَ,ما,تؤمرون,البقرة,,اسم موصول مفعول به مقدم + فعل مبني للمجهول,مَا تُؤْمَرُونَ,
باب المفعول به,مفعول به > فعل,اسم موصول,فعل,2,102,وَاتَّبَعُوا مَا تَتْلُو الشَّيَاطِينُ,ما,تتلو الشياطين,البقرة,,مفعول به موصول + فعل + فاعل، على وجه,مَا تَتْلُو الشَّيَاطِينُ,
باب المفعول به,مفعول به > فاعل,ضمير متصل,اسم ظاهر,2,10,فَزَادَهُمُ اللَّهُ مَرَضًا,ضمير الغائب «هم» في «زادهم»، وهو المفعول به الأول,الله، وهو الفاعل,البقرة,مفعول به [ضمير متصل] > فاعل [اسم ظاهر],فعل + مفعول به أول متصل + فاعل ظاهر + مفعول به ثان اسم ظاهر,هُمُ اللَّهُ,
باب المفعول به,مفعول به > فاعل,ضمير متصل,اسم ظاهر,3,11,فَأَخَذَهُمُ اللَّهُ بِذُنُوبِهِمْ,هم,الله,آل عمران,,فعل + مفعول به متصل + فاعل ظاهر,هُمُ اللَّهُ,
باب المفعول به,مفعول به > فاعل,ضمير متصل,اسم ظاهر,4,11,يُوصِيكُمُ اللَّهُ فِي أَوْلَادِكُمْ,الكاف والميم في «يوصيكم»,الله,النساء,,فعل + مفعول به متصل + فاعل ظاهر,يُوصِيكُمُ اللَّهُ,
باب المفعول به,مفعول به > فاعل,ضمير متصل,اسم ظاهر,5,2,وَلَا يَجْرِمَنَّكُمْ شَنَآنُ قَوْمٍ,ضمير المخاطبين «كم» في «يجرمنكم»,شنآن قوم,المائدة,,فعل + مفعول به متصل + فاعل ظاهر,كُمْ شَنَآنُ قَوْمٍ,
باب المفعول به,مفعول به > فاعل,ضمير متصل,اسم ظاهر,6,5,فَسَوْفَ يَأْتِيهِمْ أَنْبَاءُ مَا كَانُوا بِهِ يَسْتَهْزِئُونَ,ضمير الغائبين «هم» في «يأتيهم»,أنباء ما كانوا به يستهزئون,الأنعام,,فعل + مفعول به متصل مقدم + فاعل ظاهر,هِمْ أَنْبَاءُ مَا كَانُوا بِهِ يَسْتَهْزِئُونَ,
باب المفعول به,مفعول به > فاعل,ضمير متصل,اسم ظاهر,7,4,فَجَاءَهَا بَأْسُنَا,ضمير الغائبة «ها» في «جاءها»,بأسنا,الأعراف,,فعل + مفعول به متصل مقدم + فاعل ظاهر,هَا بَأْسُنَا,
باب المفعول به,مفعول به > فاعل,ضمير متصل,اسم ظاهر,8,19,فَقَدْ جَاءَكُمُ الْفَتْحُ,الكاف في «جاءكم»,الفاعل «الفتح»,الأنفال,,فعل + مفعول به متصل مقدم + فاعل ظاهر مؤخر,جَاءَكُمُ الْفَتْحُ,
باب المفعول به,مفعول به > فاعل,ضمير متصل,اسم ظاهر,9,14,قَاتِلُوهُمْ يُعَذِّبْهُمُ اللَّهُ بِأَيْدِيكُمْ,ضمير الغائبين «هم» في «يعذبهم»,الفاعل «الله»,التوبة,,فعل + مفعول به متصل مقدم + فاعل ظاهر مؤخر,هُمُ اللَّهُ,
باب المفعول به,مفعول به > فاعل,ضمير متصل,اسم ظاهر,2,36,فَأَزَلَّهُمَا الشَّيْطَانُ عَنْهَا,ضمير التثنية «هما» في «أزلهما»,الشيطان,البقرة,,فعل + مفعول به متصل + فاعل ظاهر + جار ومجرور,هُمَا الشَّيْطَانُ,
باب المفعول به,مفعول به > فاعل,ضمير متصل,اسم ظاهر,3,19,إِلَّا مِنْ بَعْدِ مَا جَاءَهُمُ الْعِلْمُ,هم,العلم,آل عمران,,فعل + مفعول به متصل + فاعل ظاهر,هُمُ الْعِلْمُ,
باب المفعول به,مفعول به > فاعل,ضمير متصل,اسم موصول,2,89,فَلَمَّا جَاءَهُمْ مَا عَرَفُوا كَفَرُوا بِهِ,ضمير «هم» في جاءهم,ما عرفوا,البقرة,مفعول به [ضمير متصل] > فاعل [اسم موصول],فعل + مفعول به متصل + فاعل موصول,هُمْ مَا عَرَفُوا,
باب المفعول به,مفعول به > فاعل,ضمير متصل,اسم موصول,3,24,وَغَرَّهُمْ فِي دِينِهِمْ مَا كَانُوا يَفْتَرُونَ,هم,ما كانوا يفترون,آل عمران,,فعل + مفعول به متصل + جار ومجرور + فاعل موصول,هِمْ مَا كَانُوا يَفْتَرُونَ,
باب المفعول به,مفعول به > فاعل,ضمير متصل,اسم موصول,4,83,لَعَلِمَهُ الَّذِينَ يَسْتَنْبِطُونَهُ مِنْهُمْ,الهاء في «لعلمه»,الذين يستنبطونه منهم,النساء,,فعل + مفعول به متصل + فاعل موصول,هُ الَّذِينَ يَسْتَنْبِطُونَهُ مِنْهُمْ,
باب المفعول به,مفعول به > فاعل,ضمير متصل,اسم موصول,5,19,مَا جَاءَنَا مِنْ بَشِيرٍ وَلَا نَذِيرٍ,ضمير المتكلمين «نا» في «جاءنا»,من بشير ولا نذير,المائدة,,فعل + مفعول به متصل + فاعل مجرور لفظًا بمن الزائدة,نَا مِنْ بَشِيرٍ وَلَا نَذِيرٍ,
باب المفعول به,مفعول به > فاعل,ضمير متصل,اسم موصول,6,4,وَمَا تَأْتِيهِمْ مِنْ آيَةٍ مِنْ آيَاتِ رَبِّهِمْ,ضمير الغائبين «هم» في «تأتيهم»,من آية من آيات ربهم,الأنعام,,فعل + مفعول به متصل مقدم + فاعل مجرور لفظًا بمن الزائدة,هِمْ مِنْ آيَةٍ مِنْ آيَاتِ رَبِّهِمْ,
باب المفعول به,مفعول به > فاعل,ضمير متصل,اسم موصول,9,127,هل يراكم من أحد,ضمير المخاطبين «كم» في «يراكم»,«أحد» المجرور لفظًا بـ«من» الزائدة والمرفوع محلًا,التوبة,,فعل + مفعول به متصل مقدم + فاعل مؤخر مجرور لفظًا,يراكم من أحد,
باب المفعول به,مفعول به > فاعل,ضمير متصل,اسم موصول,3,176,وَلَا يَحْزُنْكَ الَّذِينَ يُسَارِعُونَ فِي الْكُفْرِ,الكاف في «يحزنك»,الذين يسارعون في الكفر,آل عمران,,فعل + مفعول به متصل + فاعل موصول,كَ الَّذِينَ يُسَارِعُونَ فِي الْكُفْرِ,
باب المفعول به,مفعول به > فاعل,ضمير متصل,اسم موصول,4,101,أَنْ يَفْتِنَكُمُ الَّذِينَ كَفَرُوا,الكاف والميم في «يفتنكم»,الذين كفروا,النساء,,فعل + مفعول به متصل + فاعل موصول,كُمُ الَّذِينَ كَفَرُوا,
باب المفعول به,مفعول به > فاعل,ضمير متصل,اسم موصول,5,41,لَا يَحْزُنْكَ الَّذِينَ يُسَارِعُونَ فِي الْكُفْرِ,ضمير المخاطب «ك» في «يحزنك»,الذين يسارعون,المائدة,,فعل + مفعول به متصل + فاعل موصول,كَ الَّذِينَ يُسَارِعُونَ,
باب المفعول به,مفعول به > فاعل,ضمير متصل,اسم موصول,6,33,قَدْ نَعْلَمُ إِنَّهُ لَيَحْزُنُكَ الَّذِي يَقُولُونَ,ضمير المخاطب «ك» في «ليحزنك»,الذي يقولون,الأنعام,,فعل + مفعول به متصل مقدم + فاعل موصول مؤخر,كَ الَّذِي يَقُولُونَ,
باب المفعول به,مفعول به > فاعل,ضمير متصل,ضمير منفصل,6,59,لَا يَعْلَمُهَا إِلَّا هُوَ,ضمير الغائبة «ها» في «يعلمها»,هو,الأنعام,مفعول به [ضمير متصل] > فاعل [ضمير منفصل],فعل + مفعول به متصل + أداة حصر + فاعل على أحد الوجهين,هَا,هُوَ
باب المفعول به,مفعول به > فاعل,ضمير متصل,مصدر مؤول,3,124,أَلَنْ يَكْفِيَكُمْ أَنْ يُمِدَّكُمْ رَبُّكُمْ,الكاف والميم في «يكفيكم»,المصدر المؤول «أن يمدكم ربكم»,آل عمران,مفعول به [ضمير متصل] > فاعل [مصدر مؤول],فعل + مفعول به متصل + فاعل مصدر مؤول,كُمْ أَنْ يُمِدَّكُمْ رَبُّكُمْ,
باب المفعول به,مفعول به موصول > فاعل,اسم موصول,اسم ظاهر,8,50,إِذْ يَتَوَفَّى الَّذِينَ كَفَرُوا الْمَلَائِكَةُ,«الذين كفروا»,الفاعل «الملائكة»,الأنفال,مفعول به موصول [اسم موصول] > فاعل [اسم ظاهر],فعل + مفعول به موصول مقدم + فاعل ظاهر مؤخر, الَّذِينَ كَفَرُوا الْمَلَائِكَةُ,
باب المفعول به,مفعول به موصول > فعل,اسم موصول,فعل,3,30,مَا عَمِلَتْ مِنْ خَيْرٍ,ما,عملت,آل عمران,مفعول به موصول [اسم موصول] > فعل [فعل],مفعول موصول + فعل عامل فيه,مَا عَمِلَتْ,
باب المفعول به,مفعول به موصول > فعل,اسم موصول,فعل,4,43,حَتَّى تَعْلَمُوا مَا تَقُولُونَ,ما,تقولون,النساء,,مفعول موصول + فعل عامل فيه داخل الصلة,مَا تَقُولُونَ,
باب المفعول به,مفعول به موصول > فعل,اسم موصول,فعل,5,99,مَا تُبْدُونَ,ما,تبدون,المائدة,,مفعول به موصول مقدم + فعل وفاعل,مَا تُبْدُونَ,
باب المفعول به,مفعول به موصول > فعل,اسم موصول,فعل,3,30,وَمَا عَمِلَتْ مِنْ سُوءٍ,ما,عملت,آل عمران,,مفعول موصول + فعل عامل فيه,مَا عَمِلَتْ,
باب المفعول به,مفعول به موصول > فعل,اسم موصول,فعل,5,99,وَمَا تَكْتُمُونَ,ما,تكتمون,المائدة,,مفعول به موصول مقدم + فعل وفاعل,مَا تَكْتُمُونَ,
باب المتعلقات والظروف,جار ومجرور > خبر كان,جار ومجرور,اسم ظاهر,4,38,وَمَنْ يَكُنِ الشَّيْطَانُ لَهُ قَرِينًا,له,قرينًا,النساء,جار ومجرور [جار ومجرور] > خبر كان [اسم ظاهر],يكن + اسمها + جار ومجرور + خبرها, لَهُ قَرِينًا,
باب المتعلقات والظروف,جار ومجرور > فاعل,جار ومجرور,اسم ظاهر,2,25,تَجْرِي مِنْ تَحْتِهَا الْأَنْهَارُ,من تحتها,الأنهار,البقرة,جار ومجرور [جار ومجرور] > فاعل [اسم ظاهر],فعل + جار ومجرور + فاعل ظاهر,مِنْ تَحْتِهَا الْأَنْهَارُ,
باب المتعلقات والظروف,جار ومجرور > فاعل,جار ومجرور,اسم ظاهر,3,5,إِنَّ اللَّهَ لَا يَخْفَى عَلَيْهِ شَيْءٌ فِي الْأَرْضِ وَلَا فِي السَّمَاءِ,عليه,شيء,آل عمران,,فعل + جار ومجرور + فاعل,عَلَيْهِ شَيْءٌ,
باب المتعلقات والظروف,جار ومجرور > فاعل,جار ومجرور,اسم ظاهر,4,13,جَنَّاتٍ تَجْرِي مِنْ تَحْتِهَا الْأَنْهَارُ,من تحتها,الأنهار,النساء,,فعل + جار ومجرور + فاعل, مِنْ تَحْتِهَا الْأَنْهَارُ,
باب المتعلقات والظروف,جار ومجرور > فاعل,جار ومجرور,اسم ظاهر,5,15,قَدْ جَاءَكُمْ مِنَ اللَّهِ نُورٌ وَكِتَابٌ مُبِينٌ,من الله,نور وكتاب مبين,المائدة,,فعل + مفعول به متصل + جار ومجرور + فاعل ظاهر,مِنَ اللَّهِ نُورٌ وَكِتَابٌ مُبِينٌ,
باب المتعلقات والظروف,جار ومجرور > فاعل,جار ومجرور,اسم ظاهر,6,35,وَإِنْ كَانَ كَبُرَ عَلَيْكَ إِعْرَاضُهُمْ,عليك,إعراضهم,الأنعام,,فعل + جار ومجرور + فاعل ظاهر,عَلَيْكَ إِعْرَاضُهُمْ,
باب المتعلقات والظروف,جار ومجرور > فاعل,جار ومجرور,اسم ظاهر,7,20,فَوَسْوَسَ لَهُمَا الشَّيْطَانُ,لهما,الشيطان,الأعراف,,فعل + جار ومجرور + فاعل ظاهر, لَهُمَا الشَّيْطَانُ,
باب المتعلقات والظروف,جار ومجرور > فاعل,جار ومجرور,اسم ظاهر,8,10,وَلِتَطْمَئِنَّ بِهِ قُلُوبُكُمْ,«به»,الفاعل «قلوبكم»,الأنفال,,فعل + جار ومجرور مقدم + فاعل ظاهر مؤخر, بِهِ قُلُوبُكُمْ,
باب المتعلقات والظروف,جار ومجرور > فاعل,جار ومجرور,اسم ظاهر,9,25,وَضَاقَتْ عَلَيْكُمُ الْأَرْضُ بِمَا رَحُبَتْ,«عليكم»,الفاعل «الأرض»,التوبة,,فعل + جار ومجرور مقدم + فاعل ظاهر مؤخر, عَلَيْكُمُ الْأَرْضُ,
باب المتعلقات والظروف,جار ومجرور > فاعل,جار ومجرور,اسم ظاهر,2,60,فَانْفَجَرَتْ مِنْهُ اثْنَتَا عَشْرَةَ عَيْنًا,منه,اثنتا عشرة عينًا,البقرة,,فعل + جار ومجرور + فاعل, مِنْهُ اثْنَتَا عَشْرَةَ عَيْنًا,
باب المتعلقات والظروف,جار ومجرور > فاعل,جار ومجرور,اسم ظاهر,3,10,لَنْ تُغْنِيَ عَنْهُمْ أَمْوَالُهُمْ وَلَا أَوْلَادُهُمْ مِنَ اللَّهِ شَيْئًا,عنهم,أموالهم ولا أولادهم,آل عمران,,فعل + جار ومجرور في معنى المفعول به + فاعل,عَنْهُمْ أَمْوَالُهُمْ وَلَا أَوْلَادُهُمْ,
باب المتعلقات والظروف,جار ومجرور > فاعل,جار ومجرور,اسم موصول,3,83,وَلَهُ أَسْلَمَ مَنْ فِي السَّمَاوَاتِ وَالْأَرْضِ,له,من في السماوات والأرض,آل عمران,جار ومجرور [جار ومجرور] > فاعل [اسم موصول],جار ومجرور + فعل + فاعل موصول,لَهُ,مَنْ فِي السَّمَاوَاتِ وَالْأَرْضِ
باب المتعلقات والظروف,جار ومجرور > فاعل,جار ومجرور,اسم موصول,6,10,فَحَاقَ بِالَّذِينَ سَخِرُوا مِنْهُمْ مَا كَانُوا بِهِ يَسْتَهْزِئُونَ,بالذين سخروا منهم,ما كانوا به يستهزئون,الأنعام,,فعل + جار ومجرور + فاعل موصول مؤخر,بِالَّذِينَ سَخِرُوا مِنْهُمْ مَا كَانُوا بِهِ يَسْتَهْزِئُونَ,
باب المتعلقات والظروف,جار ومجرور > فاعل,جار ومجرور,اسم موصول,6,28,بَلْ بَدَا لَهُمْ مَا كَانُوا يُخْفُونَ مِنْ قَبْلُ,لهم,ما كانوا يخفون من قبل,الأنعام,,فعل + جار ومجرور + فاعل موصول مؤخر, لَهُمْ مَا كَانُوا يُخْفُونَ مِنْ قَبْلُ,
باب المتعلقات والظروف,جار ومجرور > فاعل,جار ومجرور,مصدر مؤول,4,19,لَا يَحِلُّ لَكُمْ أَنْ تَرِثُوا النِّسَاءَ كَرْهًا,لكم,المصدر المؤول «أن ترثوا النساء»,النساء,جار ومجرور [جار ومجرور] > فاعل [مصدر مؤول],فعل + جار ومجرور + فاعل مصدر مؤول, لَكُمْ أَنْ تَرِثُوا النِّسَاءَ,
باب المتعلقات والظروف,جار ومجرور > فاعل,جار ومجرور,مصدر مؤول,7,13,فَمَا يَكُونُ لَكَ أَنْ تَتَكَبَّرَ فِيهَا,لك,المصدر المؤول من «أن تتكبر فيها»,الأعراف,,يكون التامة + جار ومجرور + فاعل مصدر مؤول, لَكَ أَنْ تَتَكَبَّرَ فِيهَا,
باب المتعلقات والظروف,جار ومجرور > فاعل,جار ومجرور,مصدر مؤول,8,67,مَا كَانَ لِنَبِيٍّ أَنْ يَكُونَ لَهُ أَسْرَى,«لنبي»,المصدر المؤول «أن يكون له أسرى»,الأنفال,,كان التامة + جار ومجرور مقدم + فاعل مصدر مؤول مؤخر, لِنَبِيٍّ أَنْ يَكُونَ لَهُ أَسْرَى,
باب المتعلقات والظروف,جار ومجرور > فاعل,جار ومجرور,مصدر مؤول,9,17,مَا كَانَ لِلْمُشْرِكِينَ أَنْ يَعْمُرُوا مَسَاجِدَ اللَّهِ,«للمشركين»,المصدر المؤول «أن يعمروا مساجد الله»,التوبة,,كان التامة + جار ومجرور مقدم + فاعل مصدر مؤول مؤخر, لِلْمُشْرِكِينَ أَنْ يَعْمُرُوا مَسَاجِدَ اللَّهِ,
باب المتعلقات والظروف,جار ومجرور > فاعل,جار ومجرور,مصدر مؤول,4,140,وَقَدْ نَزَّلَ عَلَيْكُمْ فِي الْكِتَابِ أَنْ إِذَا سَمِعْتُمْ آيَاتِ اللَّهِ يُكْفَرُ بِهَا وَيُسْتَهْزَأُ بِهَا,عليكم وفي الكتاب,المصدر المؤول من «أن» وما بعدها,النساء,,فعل + شبه جملتين + فاعل مصدر مؤول,عَلَيْكُمْ فِي الْكِتَابِ أَنْ إِذَا سَمِعْتُمْ آيَاتِ اللَّهِ يُكْفَرُ بِهَا وَيُسْتَهْزَأُ بِهَا,
باب المتعلقات والظروف,جار ومجرور > فاعل,جار ومجرور,مصدر مؤول,7,100,أَوَلَمْ يَهْدِ لِلَّذِينَ يَرِثُونَ الْأَرْضَ مِنْ بَعْدِ أَهْلِها أَنْ لَوْ نَشاءُ أَصَبْناهُمْ بِذُنُوبِهِمْ,«للذين يرثون الأرض»,المصدر المؤول «أن لو نشاء أصبناهم بذنوبهم»,الأعراف,,فعل + جار ومجرور مقدم + فاعل مصدر مؤول مؤخر, لِلَّذِينَ يَرِثُونَ الْأَرْضَ,أَنْ لَوْ نَشاءُ أَصَبْناهُمْ بِذُنُوبِهِمْ
باب المتعلقات والظروف,جار ومجرور > فاعل,جار ومجرور,مصدر مؤول,9,113,مَا كَانَ لِلنَّبِيِّ وَالَّذِينَ آمَنُوا أَنْ يَسْتَغْفِرُوا لِلْمُشْرِكِينَ,«للنبي والذين آمنوا»,المصدر المؤول «أن يستغفروا للمشركين»,التوبة,,كان التامة + جار ومجرور مقدم ومعطوف عليه + فاعل مصدر مؤول مؤخر, لِلنَّبِيِّ وَالَّذِينَ آمَنُوا أَنْ يَسْتَغْفِرُوا لِلْمُشْرِكِينَ,
باب المتعلقات والظروف,جار ومجرور > فاعل,جار ومجرور,مصدر مؤول,9,113,مِنْ بَعْدِ مَا تَبَيَّنَ لَهُمْ أَنَّهُمْ أَصْحَابُ الْجَحِيمِ,«لهم»,المصدر المؤول «أنهم أصحاب الجحيم»,التوبة,,فعل + جار ومجرور مقدم + فاعل مصدر مؤول مؤخر, لَهُمْ أَنَّهُمْ أَصْحَابُ الْجَحِيمِ,
باب المتعلقات والظروف,جار ومجرور > فاعل,جار ومجرور,مصدر مؤول,9,114,فَلَمَّا تَبَيَّنَ لَهُ أَنَّهُ عَدُوٌّ لِلَّهِ تَبَرَّأَ مِنْهُ,«له»,المصدر المؤول «أنه عدو لله»,التوبة,,فعل + جار ومجرور مقدم + فاعل مصدر مؤول مؤخر, لَهُ أَنَّهُ عَدُوٌّ لِلَّهِ,
باب المتعلقات والظروف,جار ومجرور > فاعل,جار ومجرور,مصدر مؤول,9,120,ما كان لأهل المدينة ومن حولهم من الأعراب أن يتخلفوا عن رسول الله,شبه الجملة «لأهل المدينة» وما عطف على مجرورها: «من حولهم من الأعراب»,المصدر المؤول «أن يتخلفوا عن رسول الله»,التوبة,,كان التامة + جار ومجرور مقدم + معطوف على مجروره + فاعل مصدر مؤول مؤخر,لأهل المدينة ومن حولهم من الأعراب أن يتخلفوا عن رسول الله,
باب المتعلقات والظروف,جار ومجرور > مفعول به,جار ومجرور,اسم ظاهر,3,151,سَنُلْقِي فِي قُلُوبِ الَّذِينَ كَفَرُوا الرُّعْبَ,في قلوب الذين كفروا,الرعب,آل عمران,جار ومجرور [جار ومجرور] > مفعول به [اسم ظاهر],فعل + جار ومجرور + مفعول به, فِي قُلُوبِ الَّذِينَ كَفَرُوا الرُّعْبَ,
باب المتعلقات والظروف,جار ومجرور > مفعول به,جار ومجرور,اسم ظاهر,4,1,وَخَلَقَ مِنْهَا زَوْجَهَا,منها,زوجها,النساء,,فعل + جار ومجرور + مفعول به, مِنْهَا زَوْجَهَا,
باب المتعلقات والظروف,جار ومجرور > مفعول به,جار ومجرور,اسم ظاهر,5,3,الْيَوْمَ أَكْمَلْتُ لَكُمْ دِينَكُمْ,لكم,دينكم,المائدة,,ظرف زمان + فعل + جار ومجرور + مفعول به, لَكُمْ دِينَكُمْ,
باب المتعلقات والظروف,جار ومجرور > مفعول به,جار ومجرور,اسم ظاهر,6,12,كَتَبَ عَلَى نَفْسِهِ الرَّحْمَةَ,على نفسه,الرحمة,الأنعام,,فعل + جار ومجرور + مفعول به,عَلَى نَفْسِهِ الرَّحْمَةَ,
باب المتعلقات والظروف,جار ومجرور > مفعول به,جار ومجرور,اسم ظاهر,7,10,وَجَعَلْنَا لَكُمْ فِيهَا مَعَايِشَ,لكم، وفيها,معايش,الأعراف,,فعل وفاعل + جاران ومجروران + مفعول به, لَكُمْ فِيهَا مَعَايِشَ,
باب المتعلقات والظروف,جار ومجرور > مفعول به,جار ومجرور,اسم ظاهر,8,11,وَيُنَزِّلُ عَلَيْكُمْ مِنَ السَّمَاءِ مَاءً,«عليكم»,المفعول به «ماء»,الأنفال,,فعل وفاعل مستتر + جار ومجرور مقدم + جار ومجرور + مفعول به مؤخر,عَلَيْكُمْ,مَاءً
باب المتعلقات والظروف,جار ومجرور > مفعول به,جار ومجرور,اسم ظاهر,9,4,وَلَمْ يُظَاهِرُوا عَلَيْكُمْ أَحَدًا,«عليكم»,المفعول به «أحدًا»,التوبة,,فعل وفاعل + جار ومجرور مقدم + مفعول به مؤخر,عَلَيْكُمْ أَحَدًا,
باب المتعلقات والظروف,جار ومجرور > مفعول به,جار ومجرور,اسم ظاهر,3,151,مَا لَمْ يُنَزِّلْ بِهِ سُلْطَانًا,به,سلطانًا,آل عمران,,فعل + جار ومجرور + مفعول به, بِهِ سُلْطَانًا,
باب المتعلقات والظروف,جار ومجرور > مفعول به,جار ومجرور,اسم ظاهر,4,1,وَبَثَّ مِنْهُمَا رِجَالًا كَثِيرًا وَنِسَاءً,منهما,رجالًا كثيرًا ونساءً,النساء,,فعل + جار ومجرور + مفعول به, مِنْهُمَا رِجَالًا كَثِيرًا وَنِسَاءً,
باب المتعلقات والظروف,جار ومجرور > مفعول به,جار ومجرور,اسم ظاهر,5,3,وَأَتْمَمْتُ عَلَيْكُمْ نِعْمَتِي,عليكم,نعمتي,المائدة,,فعل + جار ومجرور + مفعول به, عَلَيْكُمْ نِعْمَتِي,
باب المتعلقات والظروف,جار ومجرور > مفعول به,جار ومجرور,اسم موصول,3,154,يُخْفُونَ فِي أَنْفُسِهِمْ مَا لَا يُبْدُونَ لَكَ,في أنفسهم,ما لا يبدون لك,آل عمران,جار ومجرور [جار ومجرور] > مفعول به [اسم موصول],فعل + جار ومجرور + مفعول به موصول, فِي أَنْفُسِهِمْ مَا لَا يُبْدُونَ لَكَ,
باب المتعلقات والظروف,جار ومجرور > مفعول به,جار ومجرور,اسم موصول,5,6,مَا يُرِيدُ اللَّهُ لِيَجْعَلَ عَلَيْكُمْ مِنْ حَرَجٍ,عليكم,من حرج,المائدة,,فعل + جار ومجرور + مفعول به مجرور لفظًا بمن الزائدة,عَلَيْكُمْ مِنْ حَرَجٍ,
باب المتعلقات والظروف,جار ومجرور > مفعول به,جار ومجرور,اسم موصول,6,81,أَنَّكُمْ أَشْرَكْتُمْ بِاللَّهِ مَا لَمْ يُنَزِّلْ بِهِ عَلَيْكُمْ سُلْطَانًا,بالله,ما لم ينزل به عليكم سلطانًا,الأنعام,,فعل وفاعل + جار ومجرور + مفعول به موصول, بِاللَّهِ مَا لَمْ يُنَزِّلْ بِهِ عَلَيْكُمْ سُلْطَانًا,
باب المتعلقات والظروف,جار ومجرور > مفعول به,جار ومجرور,اسم موصول,7,145,وَكَتَبْنَا لَهُ فِي الْأَلْوَاحِ مِنْ كُلِّ شَيْءٍ مَوْعِظَةً وَتَفْصِيلًا,«له» و«في الألواح»,«كل» في «من كل شيء»، المجرور لفظًا والمنصوب محلًا مفعولًا به,الأعراف,,فعل وفاعل + جاران ومجروران + مفعول به مجرور لفظًا مؤخر, فِي الْأَلْوَاحِ مِنْ كُلِّ شَيْءٍ,
باب المتعلقات والظروف,جار ومجرور > مفعول به,جار ومجرور,اسم موصول,6,88,يَهْدِي بِهِ مَنْ يَشَاءُ مِنْ عِبَادِهِ,به,من يشاء,الأنعام,,فعل وفاعل مستتر + جار ومجرور + مفعول به موصول, بِهِ مَنْ يَشَاءُ,
باب المتعلقات والظروف,جار ومجرور > مفعول به,جار ومجرور,اسم موصول,7,102,وَمَا وَجَدْنَا لِأَكْثَرِهِمْ مِنْ عَهْدٍ,«لأكثرهم»,«عهد» المجرور لفظًا بـ«من» الزائدة والمنصوب محلًا,الأعراف,,فعل وفاعل + جار ومجرور مقدم + مفعول به مؤخر مجرور لفظًا, لِأَكْثَرِهِمْ مِنْ عَهْدٍ,
باب المتعلقات والظروف,جار ومجرور > مفعول به,جار ومجرور,اسم موصول,6,91,مَا أَنْزَلَ اللَّهُ عَلَى بَشَرٍ مِنْ شَيْءٍ,على بشر,من شيء,الأنعام,,فعل + فاعل + جار ومجرور + مفعول به مجرور لفظًا,عَلَى بَشَرٍ مِنْ شَيْءٍ,
باب المتعلقات والظروف,جار ومجرور > مفعول به,جار ومجرور,اسم موصول,6,119,وَقَدْ فَصَّلَ لَكُمْ مَا حَرَّمَ عَلَيْكُمْ,لكم,ما حرم عليكم,الأنعام,,فعل + جار ومجرور + مفعول به موصول, لَكُمْ مَا حَرَّمَ عَلَيْكُمْ,
باب المتعلقات والظروف,جار ومجرور > مفعول به,جار ومجرور,اسم موصول,6,133,وَيَسْتَخْلِفْ مِنْ بَعْدِكُمْ مَا يَشَاءُ,من بعدكم,ما يشاء,الأنعام,,فعل وفاعل مستتر + جار ومجرور + مفعول به موصول, مِنْ بَعْدِكُمْ مَا يَشَاءُ,
باب المتعلقات والظروف,جار ومجرور > مفعول به,جار ومجرور,اسم ظاهر,7,16,لَأَقْعُدَنَّ لَهُمْ صِرَاطَكَ الْمُسْتَقِيمَ,لهم,صراطك المستقيم,الأعراف,جار ومجرور [جار ومجرور] > مفعول به أو ظرف [اسم ظاهر],فعل وفاعل مستتر + جار ومجرور + مفعول به أو ظرف, لَهُمْ صِرَاطَكَ الْمُسْتَقِيمَ,
باب المتعلقات والظروف,جار ومجرور > نائب فاعل,جار ومجرور,اسم ظاهر,2,48,وَلَا يُقْبَلُ مِنْهَا شَفَاعَةٌ,منها,شفاعة,البقرة,جار ومجرور [جار ومجرور] > نائب فاعل [اسم ظاهر],فعل مبني للمجهول + جار ومجرور + نائب فاعل, مِنْهَا شَفَاعَةٌ,
باب المتعلقات والظروف,جار ومجرور > نائب فاعل,جار ومجرور,اسم ظاهر,3,14,زُيِّنَ لِلنَّاسِ حُبُّ الشَّهَوَاتِ,للناس,حب الشهوات,آل عمران,,فعل مبني للمجهول + جار ومجرور + نائب فاعل, لِلنَّاسِ حُبُّ الشَّهَوَاتِ,
باب المتعلقات والظروف,جار ومجرور > نائب فاعل,جار ومجرور,اسم ظاهر,4,23,حُرِّمَتْ عَلَيْكُمْ أُمَّهَاتُكُمْ,عليكم,أمهاتكم,النساء,,فعل مبني للمجهول + جار ومجرور + نائب فاعل,عَلَيْكُمْ أُمَّهَاتُكُمْ,
باب المتعلقات والظروف,جار ومجرور > نائب فاعل,جار ومجرور,اسم ظاهر,5,1,أُحِلَّتْ لَكُمْ بَهِيمَةُ الْأَنْعَامِ,لكم,بهيمة الأنعام,المائدة,,فعل مبني للمجهول + جار ومجرور + نائب فاعل, لَكُمْ بَهِيمَةُ الْأَنْعَامِ,
باب المتعلقات والظروف,جار ومجرور > نائب فاعل,جار ومجرور,اسم ظاهر,6,8,لَوْلَا أُنْزِلَ عَلَيْهِ مَلَكٌ,عليه,ملك,الأنعام,,فعل مبني للمجهول + جار ومجرور + نائب فاعل,عَلَيْهِ مَلَكٌ,
باب المتعلقات والظروف,جار ومجرور > نائب فاعل,جار ومجرور,اسم ظاهر,7,40,لَا تُفَتَّحُ لَهُمْ أَبْوَابُ السَّمَاءِ,لهم,أبواب السماء,الأعراف,,فعل مبني للمجهول + جار ومجرور + نائب فاعل, لَهُمْ أَبْوَابُ السَّمَاءِ,
باب المتعلقات والظروف,جار ومجرور > نائب فاعل,جار ومجرور,اسم ظاهر,8,31,وَإِذَا تُتْلَى عَلَيْهِمْ آيَاتُنَا,«عليهم»,نائب الفاعل «آياتنا»,الأنفال,,فعل مبني للمجهول + جار ومجرور مقدم + نائب فاعل مؤخر,عَلَيْهِمْ آيَاتُنَا,
باب المتعلقات والظروف,جار ومجرور > نائب فاعل,جار ومجرور,اسم ظاهر,9,54,أَنْ تُقْبَلَ مِنْهُمْ نَفَقَاتُهُمْ,«منهم»,نائب الفاعل «نفقاتهم»,التوبة,,فعل مبني للمجهول + جار ومجرور مقدم + نائب فاعل مؤخر, مِنْهُمْ نَفَقَاتُهُمْ,
باب المتعلقات والظروف,جار ومجرور > نائب فاعل,جار ومجرور,اسم ظاهر,2,48,وَلَا يُؤْخَذُ مِنْهَا عَدْلٌ,منها,عدل,البقرة,,فعل مبني للمجهول + جار ومجرور + نائب فاعل, مِنْهَا عَدْلٌ,
باب المتعلقات والظروف,جار ومجرور > نائب فاعل,جار ومجرور,اسم ظاهر,3,88,لَا يُخَفَّفُ عَنْهُمُ الْعَذَابُ,عنهم,العذاب,آل عمران,,فعل مبني للمجهول + جار ومجرور + نائب فاعل,عَنْهُمُ الْعَذَابُ,
باب المتعلقات والظروف,جار ومجرور > نائب فاعل,جار ومجرور,اسم موصول,4,24,وَأُحِلَّ لَكُمْ مَا وَرَاءَ ذَلِكُمْ,لكم,ما وراء ذلكم,النساء,جار ومجرور [جار ومجرور] > نائب فاعل [اسم موصول],فعل مبني للمجهول + جار ومجرور + نائب فاعل موصول, مَا وَرَاءَ ذَلِكُمْ,
باب المتعلقات والظروف,جار ومجرور > نائب فاعل,جار ومجرور,اسم موصول,6,122,كَذَلِكَ زُيِّنَ لِلْكَافِرِينَ مَا كَانُوا يَعْمَلُونَ,للكافرين,ما كانوا يعملون,الأنعام,,فعل مبني للمجهول + جار ومجرور + نائب فاعل موصول, لِلْكَافِرِينَ مَا كَانُوا يَعْمَلُونَ,
باب المتعلقات والظروف,جار ومجرور > فاعل,جار ومجرور,اسم ظاهر,8,19,وَلَنْ تُغْنِيَ عَنْكُمْ فِئَتُكُمْ شَيْئًا,«عنكم»,الفاعل «فئتكم»,الأنفال,جار ومجرور قائم مقام المفعول به [جار ومجرور] > فاعل [اسم ظاهر],فعل + شبه جملة قائم مقام المفعول به مقدم + فاعل مؤخر,عَنْكُمْ فِئَتُكُمْ ,
باب المتعلقات والظروف,شبه جملة > مفعول به,جار ومجرور,اسم ظاهر,3,154,ثُمَّ أَنْزَلَ عَلَيْكُمْ مِنْ بَعْدِ الْغَمِّ أَمَنَةً نُعَاسًا,عليكم من بعد الغم,أمنة,آل عمران,شبه جملة [جار ومجرور] > مفعول به [اسم ظاهر],فعل + شبه جملتين + مفعول به,عَلَيْكُمْ مِنْ بَعْدِ الْغَمِّ أَمَنَةً,
باب المتعلقات والظروف,شبه جملة > مفعول به,جار ومجرور,اسم ظاهر,4,75,وَاجْعَلْ لَنَا مِنْ لَدُنْكَ وَلِيًّا,لنا ومن لدنك,وليًّا,النساء,,فعل + شبه جملتين + مفعول به, لَنَا مِنْ لَدُنْكَ وَلِيًّا,
باب المتعلقات والظروف,شبه جملة > مفعول به,جار ومجرور,اسم ظاهر,4,75,وَاجْعَلْ لَنَا مِنْ لَدُنْكَ نَصِيرًا,لنا ومن لدنك,نصيرًا,النساء,,فعل + شبه جملتين + مفعول به, لَنَا مِنْ لَدُنْكَ نَصِيرًا,
باب المتعلقات والظروف,شبه جملة > مفعول به,جار ومجرور,اسم ظاهر,4,123,وَلَا يَجِدْ لَهُ مِنْ دُونِ اللَّهِ وَلِيًّا وَلَا نَصِيرًا,له ومن دون الله,وليًّا ولا نصيرًا,النساء,,فعل + شبه جملتين + مفعول به ومعطوفه, لَهُ مِنْ دُونِ اللَّهِ وَلِيًّا وَلَا نَصِيرًا,
باب المتعلقات والظروف,شبه جملة > مفعول به,جار ومجرور,اسم ظاهر,4,173,وَلَا يَجِدُونَ لَهُمْ مِنْ دُونِ اللَّهِ وَلِيًّا وَلَا نَصِيرًا,لهم ومن دون الله,وليًّا ولا نصيرًا,النساء,,فعل + شبه جملتين + مفعول به ومعطوفه, لَهُمْ مِنْ دُونِ اللَّهِ وَلِيًّا وَلَا نَصِيرًا,
باب المتعلقات والظروف,ظرف > العامل المتعلَّق به,ظرف,اسم ظاهر,7,127,وَإِنَّا فَوْقَهُمْ قَاهِرُونَ,«فوقهم»,خبر إن «قاهرون»,الأعراف,ظرف [ظرف] > العامل المتعلَّق به [اسم ظاهر],إن + اسمها + ظرف مقدم على متعلقه + خبرها, فَوْقَهُمْ قَاهِرُونَ,
باب المتعلقات والظروف,ظرف > فاعل,ظرف,اسم ظاهر,2,282,وَلْيَكْتُبْ بَيْنَكُمْ كَاتِبٌ بِالْعَدْلِ,بينكم,كاتب,البقرة,ظرف [ظرف] > فاعل [اسم ظاهر],فعل + ظرف + فاعل, بَيْنَكُمْ كَاتِبٌ,
باب المتعلقات والظروف,ظرف > فاعل,ظرف,اسم ظاهر,3,146,وَكَأَيِّنْ مِنْ نَبِيٍّ قَاتَلَ مَعَهُ رِبِّيُّونَ كَثِيرٌ,معه,ربيون كثير,آل عمران,,فعل + ظرف + فاعل, مَعَهُ رِبِّيُّونَ كَثِيرٌ,
باب المتعلقات والظروف,ظرف > فاعل,ظرف,اسم ظاهر,9,100,جَنَّاتٍ تَجْرِي تَحْتَهَا الْأَنْهَارُ,«تحتها»,الفاعل «الأنهار»,التوبة,,فعل + ظرف مقدم + فاعل ظاهر مؤخر, تَحْتَهَا الْأَنْهَارُ,
باب المتعلقات والظروف,ظرف > مفعول به,ظرف,اسم ظاهر,4,139,أَيَبْتَغُونَ عِنْدَهُمُ الْعِزَّةَ,عندهم,العزة,النساء,ظرف [ظرف] > مفعول به [اسم ظاهر],فعل + ظرف + مفعول به,عِنْدَهُمُ الْعِزَّةَ,
باب المتعلقات والظروف,ظرف > مفعول به,ظرف,اسم ظاهر,5,14,فَأَغْرَيْنَا بَيْنَهُمُ الْعَدَاوَةَ وَالْبَغْضَاءَ,بينهم,العداوة والبغضاء,المائدة,,فعل وفاعل + ظرف + مفعول به, بَيْنَهُمُ الْعَدَاوَةَ وَالْبَغْضَاءَ,
باب المتعلقات والظروف,ظرف > مفعول به,ظرف,اسم ظاهر,7,105,فَأَرْسِلْ مَعِيَ بَنِي إِسْرَائِيلَ,«معي»,المفعول به «بني إسرائيل»,الأعراف,,فعل + ظرف مقدم + مفعول به مؤخر, مَعِيَ بَنِي إِسْرَائِيلَ,
باب المتعلقات والظروف,ظرف > مفعول به,ظرف,اسم ظاهر,4,154,وَرَفَعْنَا فَوْقَهُمُ الطُّورَ بِمِيثَاقِهِمْ,فوقهم,الطور,النساء,,فعل + ظرف + مفعول به, فَوْقَهُمُ الطُّورَ,
باب المتعلقات والظروف,ظرف > مفعول به,ظرف,اسم ظاهر,5,64,وَأَلْقَيْنَا بَيْنَهُمُ الْعَدَاوَةَ وَالْبَغْضَاءَ,بينهم,العداوة والبغضاء,المائدة,,فعل وفاعل + ظرف مكان + مفعول به, بَيْنَهُمُ الْعَدَاوَةَ وَالْبَغْضَاءَ,
باب المتعلقات والظروف,ظرف > مفعول به,ظرف,اسم ظاهر,7,134,وَلَنُرْسِلَنَّ مَعَكَ بَنِي إِسْرَائِيلَ,«معك»,المفعول به «بني إسرائيل»,الأعراف,,فعل وفاعل + ظرف مقدم + مفعول به مؤخر, مَعَكَ بَنِي إِسْرَائِيلَ,
باب المتعلقات والظروف,ظرف > مفعول به,ظرف,اسم ظاهر,5,91,أَنْ يُوقِعَ بَيْنَكُمُ الْعَدَاوَةَ وَالْبَغْضَاءَ,بينكم,العداوة والبغضاء,المائدة,,فعل وفاعل مستتر + ظرف مكان + مفعول به ومعطوف عليه, بَيْنَكُمُ الْعَدَاوَةَ وَالْبَغْضَاءَ,
باب المتعلقات والظروف,"متعلّق (جار ومجرور أو ظرف) > العامل المتعلَّق به
",جار ومجرور,اسم ظاهر,2,20,إِنَّ اللَّهَ عَلَى كُلِّ شَيْءٍ قَدِيرٌ,على كل شيء,قدير,البقرة,متعلّق (جار ومجرور أو ظرف) [جار ومجرور] > العامل المتعلَّق به [اسم ظاهر],إن + اسمها + جار ومجرور مقدم على متعلقه + خبرها,عَلَى كُلِّ شَيْءٍ قَدِيرٌ,
باب المتعلقات والظروف,"متعلّق (جار ومجرور أو ظرف) > العامل المتعلَّق به
",جار ومجرور,اسم ظاهر,3,26,إِنَّكَ عَلَى كُلِّ شَيْءٍ قَدِيرٌ,على كل شيء,قدير,آل عمران,,إنَّ + اسمها + جار ومجرور + خبر,عَلَى كُلِّ شَيْءٍ قَدِيرٌ,
باب المتعلقات والظروف,"متعلّق (جار ومجرور أو ظرف) > العامل المتعلَّق به
",جار ومجرور,اسم ظاهر,4,1,إِنَّ اللَّهَ كَانَ عَلَيْكُمْ رَقِيبًا,عليكم,رقيبًا,النساء,,إنَّ + اسمها + كان + جار ومجرور + خبر متعلق به,عَلَيْكُمْ رَقِيبًا,
باب المتعلقات والظروف,"متعلّق (جار ومجرور أو ظرف) > العامل المتعلَّق به
",جار ومجرور,اسم ظاهر,5,17,وَاللَّهُ عَلَى كُلِّ شَيْءٍ قَدِيرٌ,على كل شيء,قدير,المائدة,,مبتدأ + جار ومجرور + خبر, عَلَى كُلِّ شَيْءٍ قَدِيرٌ,
باب المتعلقات والظروف,"متعلّق (جار ومجرور أو ظرف) > العامل المتعلَّق به
",جار ومجرور,اسم ظاهر,6,5,مَا كَانُوا بِهِ يَسْتَهْزِئُونَ,به,يستهزئون,الأنعام,,كان واسمها + جار ومجرور + جملة فعلية خبر, بِهِ يَسْتَهْزِئُونَ,
باب المتعلقات والظروف,"متعلّق (جار ومجرور أو ظرف) > العامل المتعلَّق به
",جار ومجرور,اسم ظاهر,7,21,إِنِّي لَكُمَا لَمِنَ النَّاصِحِينَ,لكما,الناصحين، أو الخبر المقدر «ناصح»,الأعراف,,إن واسمها + جار ومجرور + خبرها,لَكُمَا,النَّاصِحِينَ
باب المتعلقات والظروف,"متعلّق (جار ومجرور أو ظرف) > العامل المتعلَّق به
",جار ومجرور,اسم ظاهر,8,39,فَإِنَّ اللَّهَ بِمَا يَعْمَلُونَ بَصِيرٌ,«بما يعملون»,خبر إن «بصير»,الأنفال,,إن + اسمها + جار ومجرور مقدم على متعلقه + خبرها, بِمَا يَعْمَلُونَ بَصِيرٌ,
باب المتعلقات والظروف,"متعلّق (جار ومجرور أو ظرف) > العامل المتعلَّق به
",جار ومجرور,اسم ظاهر,9,59,إِنَّا إِلَى اللَّهِ رَاغِبُونَ,«إلى الله»,خبر إن «راغبون»,التوبة,,إن + اسمها + جار ومجرور مقدم على متعلقه + خبرها, إِلَى اللَّهِ رَاغِبُونَ,
باب المتعلقات والظروف,"متعلّق (جار ومجرور أو ظرف) > العامل المتعلَّق به
",جار ومجرور,اسم ظاهر,2,25,وَهُمْ فِيهَا خَالِدُونَ,فيها,خالدون,البقرة,,مبتدأ + جار ومجرور + خبر متعلق به الجار والمجرور, فِيهَا خَالِدُونَ,
باب المتعلقات والظروف,"متعلّق (جار ومجرور أو ظرف) > العامل المتعلَّق به
",جار ومجرور,اسم ظاهر,3,85,وَهُوَ فِي الْآخِرَةِ مِنَ الْخَاسِرِينَ,في الآخرة,الخاسرين,آل عمران,,مبتدأ + جار ومجرور مقدم + خبر متعلق به,فِي الْآخِرَةِ,الْخَاسِرِينَ
باب المتعلقات والظروف,"متعلّق (جار ومجرور أو ظرف) > العامل المتعلَّق به
",جار ومجرور,جار ومجرور,2,130,وَإِنَّهُ فِي الْآخِرَةِ لَمِنَ الصَّالِحِينَ,في الآخرة,لمن الصالحين، وهو خبر إن,البقرة,متعلّق (جار ومجرور أو ظرف) [جار ومجرور] > العامل المتعلَّق به [جار ومجرور],إن + اسمها + جار ومجرور مقدم على الخبر المتعلق به, فِي الْآخِرَةِ لَمِنَ الصَّالِحِينَ,
باب المتعلقات والظروف,"متعلّق (جار ومجرور أو ظرف) > العامل المتعلَّق به
",جار ومجرور,جار ومجرور,5,5,وَهُوَ فِي الْآخِرَةِ مِنَ الْخَاسِرِينَ,في الآخرة,من الخاسرين,المائدة,,مبتدأ + جار ومجرور مقدم + خبر شبه جملة, فِي الْآخِرَةِ مِنَ الْخَاسِرِينَ,
باب المتعلقات والظروف,"متعلّق (جار ومجرور أو ظرف) > العامل المتعلَّق به
",جار ومجرور,جار ومجرور,2,198,وَإِنْ كُنْتُمْ مِنْ قَبْلِهِ لَمِنَ الضَّالِّينَ,من قبله,لمن الضالين، وهو خبر كان,البقرة,,كان واسمها + جار ومجرور مقدم على الخبر المقيد به + خبرها, مِنْ قَبْلِهِ لَمِنَ الضَّالِّينَ,
باب المتعلقات والظروف,"متعلّق (جار ومجرور أو ظرف) > العامل المتعلَّق به
",جار ومجرور,ظرف,6,4,إِلَّا كَانُوا عَنْهَا مُعْرِضِينَ,عنها,معرضين,الأنعام,متعلّق (جار ومجرور أو ظرف) [جار ومجرور] > العامل المتعلَّق به [ظرف],كان واسمها + جار ومجرور + خبرها,عَنْهَا مُعْرِضِينَ,
باب المتعلقات والظروف,"متعلّق (جار ومجرور أو ظرف) > العامل المتعلَّق به
",جار ومجرور,فعل,2,3,وَمِمَّا رَزَقْنَاهُمْ يُنْفِقُونَ,مما رزقناهم,ينفقون,البقرة,متعلّق (جار ومجرور أو ظرف) [جار ومجرور] > العامل المتعلَّق به [فعل],جار ومجرور + فعل + فاعل,مِمَّا رَزَقْنَاهُمْ يُنْفِقُونَ,
باب المتعلقات والظروف,"متعلّق (جار ومجرور أو ظرف) > العامل المتعلَّق به
",جار ومجرور,فعل,3,122,وَعَلَى اللَّهِ فَلْيَتَوَكَّلِ الْمُؤْمِنُونَ,على الله,يتوكل,آل عمران,,جار ومجرور + فعل عامل فيه + فاعل,عَلَى اللَّه,يَتَوَكَّلِ
باب المتعلقات والظروف,"متعلّق (جار ومجرور أو ظرف) > العامل المتعلَّق به
",جار ومجرور,فعل,4,33,وَلِكُلٍّ جَعَلْنَا مَوَالِيَ مِمَّا تَرَكَ الْوَالِدَانِ وَالْأَقْرَبُونَ,لكل,جعلنا,النساء,,جار ومجرور + فعل عامل فيه + مفعول به,لِكُلٍّ جَعَلْنَا,
باب المتعلقات والظروف,"متعلّق (جار ومجرور أو ظرف) > العامل المتعلَّق به
",جار ومجرور,فعل,5,11,وَعَلَى اللَّهِ فَلْيَتَوَكَّلِ الْمُؤْمِنُونَ,على الله,فليتوكل,المائدة,,جار ومجرور + فعل + فاعل,عَلَى اللَّهِ فَلْيَتَوَكَّلِ,
باب المتعلقات والظروف,"متعلّق (جار ومجرور أو ظرف) > العامل المتعلَّق به
",جار ومجرور,فعل,6,38,إِلَى رَبِّهِمْ يُحْشَرُونَ,إلى ربهم,يحشرون,الأنعام,,جار ومجرور + فعل مبني للمجهول + نائب فاعل متصل,إِلَى رَبِّهِمْ يُحْشَرُونَ,
باب المتعلقات والظروف,"متعلّق (جار ومجرور أو ظرف) > العامل المتعلَّق به
",جار ومجرور,فعل,7,89,عَلَى اللَّهِ تَوَكَّلْنا,«على الله»,الفعل «توكلنا»,الأعراف,,جار ومجرور مقدم + فعل وفاعل,عَلَى اللَّهِ تَوَكَّلْنا,
باب المتعلقات والظروف,"متعلّق (جار ومجرور أو ظرف) > العامل المتعلَّق به
",جار ومجرور,فعل,8,2,وَعَلَى رَبِّهِمْ يَتَوَكَّلُونَ,«على ربهم»,الفعل «يتوكلون»,الأنفال,,جار ومجرور مقدم + فعل متأخر هو متعلقه,عَلَى رَبِّهِمْ يَتَوَكَّلُونَ,
باب المتعلقات والظروف,"متعلّق (جار ومجرور أو ظرف) > العامل المتعلَّق به
",جار ومجرور,فعل,9,49,أَلَا فِي الْفِتْنَةِ سَقَطُوا,«في الفتنة»,الفعل «سقطوا»,التوبة,,جار ومجرور مقدم + فعل متأخر هو متعلقه, فِي الْفِتْنَةِ سَقَطُوا,
باب المتعلقات والظروف,"متعلّق (جار ومجرور أو ظرف) > العامل المتعلَّق به
",جار ومجرور,فعل,2,4,وَبِالْآخِرَةِ هُمْ يُوقِنُونَ,بالآخرة,يوقنون,البقرة,,جار ومجرور + مبتدأ + خبر فعلي,بِالْآخِرَةِ ,يُوقِنُونَ
باب المتعلقات والظروف,"متعلّق (جار ومجرور أو ظرف) > العامل المتعلَّق به
",جار ومجرور,فعل,3,158,وَلَئِنْ مُتُّمْ أَوْ قُتِلْتُمْ لَإِلَى اللَّهِ تُحْشَرُونَ,إلى الله,تحشرون,آل عمران,,جار ومجرور + فعل مبني للمجهول,إِلَى اللَّهِ تُحْشَرُونَ,
باب المتعلقات والظروف,متعلقات الفعل > نائب فاعل,تركيب متعدد العناصر,اسم ظاهر,2,187,أُحِلَّ لَكُمْ لَيْلَةَ الصِّيَامِ الرَّفَثُ إِلَى نِسَائِكُمْ,لكم، وليلة الصيام,الرفث,البقرة,متعلقات الفعل [تركيب متعدد العناصر] > نائب فاعل [اسم ظاهر],فعل مبني للمجهول + جار ومجرور + ظرف + نائب فاعل, لَكُمْ لَيْلَةَ الصِّيَامِ الرَّفَثُ,
باب الشرط,شبه جملة وجملة شرط > نائب فاعل,تركيب مركب,اسم ظاهر,2,180,كُتِبَ عَلَيْكُمْ إِذَا حَضَرَ أَحَدَكُمُ الْمَوْتُ إِنْ تَرَكَ خَيْرًا الْوَصِيَّةُ,عليكم، وجملة «إذا حضر... إن ترك خيرًا»,الوصية,البقرة,شبه جملة وجملة شرط [تركيب مركب] > نائب فاعل [اسم ظاهر],فعل مبني للمجهول + جار ومجرور + شرط وقيوده + نائب فاعل مؤخر,عَلَيْكُمْ إِذَا حَضَرَ أَحَدَكُمُ الْمَوْتُ إِنْ تَرَكَ خَيْرًا الْوَصِيَّةُ,
باب الشرط,متعلّق شرطي > الشرط أو جوابه,اسم شرط,جملة جواب الشرط,4,78,أَيْنَمَا تَكُونُوا يُدْرِكْكُمُ الْمَوْتُ,أينما,جواب الشرط «يدرككم الموت»,النساء,متعلّق شرطي [اسم شرط] > الشرط أو جوابه [جملة جواب الشرط],اسم شرط ظرفي مقدم + فعلا الشرط والجواب,أَيْنَمَا, يُدْرِكْكُمُ الْمَوْتُ
باب الشرط,جواب الشرط > جملة الشرط,جملة جواب الشرط,جملة شرطية,7,70,فَأْتِنا بِما تَعِدُنا إِنْ كُنْتَ مِنَ الصّادِقِينَ,«فأتنا بما تعدنا»,«إن كنت من الصادقين»,الأعراف,جواب الشرط [جملة جواب الشرط] > جملة الشرط [جملة شرطية],جواب الشرط المتقدم + الشرط المتأخر,فَأْتِنا بِما تَعِدُنا إِنْ كُنْتَ مِنَ الصّادِقِينَ,
باب الشرط,جواب الشرط > جملة الشرط,جملة جواب الشرط,جملة شرطية,8,19,وَلَنْ تُغْنِيَ عَنْكُمْ فِئَتُكُمْ شَيْئًا وَلَوْ كَثُرَتْ,«ولن تغني عنكم فئتكم شيئًا»,«لو كثرت»,الأنفال,,معنى جواب الشرط مقدم + الشرط مؤخر,وَلَنْ تُغْنِيَ عَنْكُمْ فِئَتُكُمْ شَيْئًا ,لَوْ كَثُرَتْ
باب الشرط,جواب الشرط > جملة الشرط,جملة جواب الشرط,جملة شرطية,9,13,فَاللَّهُ أَحَقُّ أَنْ تَخْشَوْهُ إِنْ كُنْتُمْ مُؤْمِنِينَ,«فالله أحق أن تخشوه»,«إن كنتم مؤمنين»,التوبة,,معنى جواب الشرط مقدم + الشرط مؤخر,فَاللَّهُ أَحَقُّ أَنْ تَخْشَوْهُ إِنْ كُنْتُمْ مُؤْمِنِينَ,
باب الشرط,جواب الشرط > جملة الشرط,جملة جواب الشرط,جملة شرطية,7,77,فَأْتِنا بِما تَعِدُنا إِنْ كُنْتَ مِنَ الْمُرْسَلِينَ,«فأتنا بما تعدنا»,«إن كنت من المرسلين»,الأعراف,,جواب الشرط المتقدم + الشرط المتأخر,فَأْتِنا بِما تَعِدُنا إِنْ كُنْتَ مِنَ الْمُرْسَلِينَ,
باب الشرط,جواب الشرط > جملة الشرط,جملة جواب الشرط,جملة شرطية,8,24,اسْتَجِيبُوا لِلَّهِ وَلِلرَّسُولِ إِذَا دَعَاكُمْ لِمَا يُحْيِيكُمْ,«استجيبوا لله وللرسول»,«إذا دعاكم لما يحييكم»,الأنفال,,معنى جواب الشرط مقدم + ظرف الشرط وجملته مؤخران,اسْتَجِيبُوا لِلَّهِ وَلِلرَّسُولِ إِذَا دَعَاكُمْ لِمَا يُحْيِيكُمْ,
باب الشرط,جواب الشرط > جملة الشرط,جملة جواب الشرط,جملة شرطية,9,23,لَا تَتَّخِذُوا آبَاءَكُمْ وَإِخْوَانَكُمْ أَوْلِيَاءَ إِنِ اسْتَحَبُّوا الْكُفْرَ عَلَى الْإِيمَانِ,«لا تتخذوا آباءكم وإخوانكم أولياء»,«إن استحبوا الكفر على الإيمان»,التوبة,,معنى جواب الشرط مقدم + الشرط مؤخر,لَا تَتَّخِذُوا آبَاءَكُمْ وَإِخْوَانَكُمْ أَوْلِيَاءَ إِنِ اسْتَحَبُّوا الْكُفْرَ عَلَى الْإِيمَانِ,
باب الشرط,جواب الشرط > جملة الشرط,جملة جواب الشرط,جملة شرطية,7,85,ذلِكُمْ خَيْرٌ لَكُمْ إِنْ كُنْتُمْ مُؤْمِنِينَ,«ذلكم خير لكم»,«إن كنتم مؤمنين»,الأعراف,,معنى جواب الشرط مقدم + الشرط المتأخر,ذلِكُمْ خَيْرٌ لَكُمْ إِنْ كُنْتُمْ مُؤْمِنِينَ,
باب الشرط,جواب الشرط > جملة الشرط,جملة جواب الشرط,جملة شرطية,8,41,فَأَنَّ لِلَّهِ خُمُسَهُ وَلِلرَّسُولِ وَلِذِي الْقُرْبَى وَالْيَتَامَى وَالْمَسَاكِينِ وَابْنِ السَّبِيلِ إِنْ كُنْتُمْ آمَنْتُمْ بِاللَّهِ,الجملة السابقة الدالة على وجوب الخمس ومصارفه,«إن كنتم آمنتم بالله»,الأنفال,,معنى جواب الشرط مقدم + الشرط مؤخر,إِنْ كُنْتُمْ آمَنْتُمْ بِاللَّهِ,
باب الشرط,جواب الشرط > جملة الشرط,جملة جواب الشرط,جملة شرطية,9,28,فَسَوْفَ يُغْنِيكُمُ اللَّهُ مِنْ فَضْلِهِ إِنْ شَاءَ,«فسوف يغنيكم الله من فضله»,«إن شاء»,التوبة,,معنى جواب الشرط مقدم + الشرط مؤخر,فَسَوْفَ يُغْنِيكُمُ اللَّهُ مِنْ فَضْلِهِ إِنْ شَاءَ,
باب الشرط,جواب الشرط > جملة الشرط,جملة جواب الشرط,جملة شرطية,7,89,قَدِ افْتَرَيْنا عَلَى اللَّهِ كَذِبًا إِنْ عُدْنا فِي مِلَّتِكُمْ,«قد افترينا على الله كذبًا»,«إن عدنا في ملتكم»,الأعراف,,جواب الشرط المتقدم + الشرط المتأخر,قَدِ افْتَرَيْنا عَلَى اللَّهِ كَذِبًا إِنْ عُدْنا فِي مِلَّتِكُمْ,
باب الاشتغال,مفعول به مشغول عنه > فعل مفسر,اسم ظاهر,فعل,7,140,قَالَ أَغَيْرَ اللَّهِ أَبْغِيكُمْ إِلَهًا,«غير الله»,الفعل المفسر «أبغيكم»,الأعراف,مفعول به مشغول عنه [اسم ظاهر] > فعل مفسر [فعل],مفعول به مشغول عنه متقدم + فعل مفسر متأخر,غَيْرَ اللَّهِ أَبْغِيكُمْ,
باب الاشتغال,مفعول به مشغول عنه > فعل مفسر,اسم ظاهر,فعل,7,160,وَلَكِنْ كَانُوا أَنْفُسَهُمْ يَظْلِمُونَ,«أنفسهم»,الفعل المفسر «يظلمون»,الأعراف,,فعل ناقص واسمه + مفعول به مشغول عنه مقدم + فعل مفسر متأخر, أَنْفُسَهُمْ يَظْلِمُونَ,
باب الاشتغال,مفعول به مشغول عنه > فعل مفسر,اسم ظاهر,فعل,7,177,وَأَنْفُسَهُمْ كَانُوا يَظْلِمُونَ,«أنفسهم»,الفعل المفسر «يظلمون»,الأعراف,,مفعول به مشغول عنه مقدم + فعل مفسر متأخر,أَنْفُسَهُمْ,يَظْلِمُونَ
باب الاشتغال,مفعول به مشغول عنه > فعل مفسر,اسم ظاهر,فعل,7,192,وَلَا أَنْفُسَهُمْ يَنْصُرُونَ,«أنفسهم»,الفعل المفسر «ينصرون»,الأعراف,,مفعول به مشغول عنه مقدم + فعل مفسر مؤخر,أَنْفُسَهُمْ يَنْصُرُونَ,
باب الاشتغال,مفعول به مشغول عنه > فعل مفسر,اسم ظاهر,فعل,7,197,وَلَا أَنْفُسَهُمْ يَنْصُرُونَ,«أنفسهم»,الفعل المفسر «ينصرون»,الأعراف,,مفعول به مشغول عنه مقدم + فعل مفسر مؤخر,أَنْفُسَهُمْ يَنْصُرُونَ,
باب الاشتغال,اسم مرفوع مشغول عنه > فعل مفسر,اسم ظاهر,فعل,9,6,وَإِنْ أَحَدٌ مِنَ الْمُشْرِكِينَ اسْتَجَارَكَ فَأَجِرْهُ,«أحد»,الفعل الظاهر «استجارك»,التوبة,اسم مرفوع مشغول عنه [اسم ظاهر] > فعل مفسر [فعل],اسم مرفوع + فعل ظاهر مفسر متأخر, أَحَدٌ,اسْتَجَارَكَ
باب النواسخ,أنَّ,اسم ظاهر,اسم ظاهر,8,66,وَعَلِمَ أَنَّ فِيكُمْ ضَعْفًا,الخبر المقدم الذي تعلق به «فيكم»,اسم أن «ضعفًا»,الأنفال,خبر الناسخ [اسم ظاهر] > اسم الناسخ [اسم ظاهر],أن + جار ومجرور متعلق بخبر مقدم + اسم أن مؤخر, فِيكُمْ ضَعْفًا,
باب النواسخ,أنَّ,جار ومجرور,اسم موصول,5,36,لَوْ أَنَّ لَهُمْ مَا فِي الْأَرْضِ جَمِيعًا,لهم,ما في الأرض,المائدة,خبر الناسخ [جار ومجرور] > اسم الناسخ [اسم موصول],أن + خبر شبه جملة مقدم + اسم مؤخر, لَهُمْ مَا فِي الْأَرْضِ,
باب النواسخ,كان وأخواتها,اسم ظاهر,اسم ظاهر,2,272,لَيْسَ عَلَيْكَ هُدَاهُمْ,عليك,هداهم,البقرة,خبر الناسخ [اسم ظاهر] > اسم الناسخ [اسم ظاهر],ليس + خبرها شبه الجملة مقدم + اسمها مؤخر,عَلَيْكَ هُدَاهُمْ,
باب النواسخ,كان وأخواتها,اسم ظاهر,اسم ظاهر,3,104,وَلْتَكُنْ مِنْكُمْ أُمَّةٌ,منكم,أمة,آل عمران,,فعل ناقص + خبر مقدم + اسم مؤخر, مِنْكُمْ أُمَّةٌ,
باب النواسخ,كان وأخواتها,اسم ظاهر,اسم ظاهر,8,65,إِنْ يَكُنْ مِنْكُمْ عِشْرُونَ صَابِرُونَ يَغْلِبُوا مِائَتَيْنِ,الخبر المقدم الذي تعلق به «منكم»,اسم يكن «عشرون»,الأنفال,,يكن + جار ومجرور متعلق بخبر مقدم + اسم يكن مؤخر, مِنْكُمْ عِشْرُونَ,
باب النواسخ,كان وأخواتها,اسم ظاهر,اسم ظاهر,9,7,كَيْفَ يَكُونُ لِلْمُشْرِكِينَ عَهْدٌ عِنْدَ اللَّهِ وَعِنْدَ رَسُولِهِ,الخبر المقدم الذي تعلق به «للمشركين»,اسم يكون «عهد»,التوبة,,يكون + جار ومجرور متعلق بخبر مقدم + اسم يكون مؤخر,لِلْمُشْرِكِينَ عَهْدٌ,
باب النواسخ,كان وأخواتها,اسم ظاهر,اسم ظاهر,8,65,وَإِنْ يَكُنْ مِنْكُمْ مِائَةٌ يَغْلِبُوا أَلْفًا,الخبر المقدم الذي تعلق به «منكم»,اسم يكن «مائة»,الأنفال,,يكن + جار ومجرور متعلق بخبر مقدم + اسم يكن مؤخر,مِنْكُمْ مِائَةٌ,
باب النواسخ,كان وأخواتها,اسم ظاهر,اسم ظاهر,8,66,فَإِنْ يَكُنْ مِنْكُمْ مِائَةٌ صَابِرَةٌ يَغْلِبُوا مِائَتَيْنِ,الخبر المقدم الذي تعلق به «منكم»,اسم يكن «مائة»,الأنفال,,يكن + جار ومجرور متعلق بخبر مقدم + اسم يكن مؤخر,مِنْكُمْ مِائَةٌ,
باب النواسخ,كان وأخواتها,اسم ظاهر,اسم ظاهر,8,66,وَإِنْ يَكُنْ مِنْكُمْ أَلْفٌ يَغْلِبُوا أَلْفَيْنِ,الخبر المقدم الذي تعلق به «منكم»,اسم يكن «ألف»,الأنفال,,يكن + جار ومجرور متعلق بخبر مقدم + اسم يكن مؤخر,مِنْكُمْ أَلْفٌ,
باب النواسخ,كان وأخواتها,اسم ظاهر,ضمير متصل,4,97,قَالُوا فِيمَ كُنْتُمْ,فيم,التاء في «كنتم»,النساء,خبر الناسخ [اسم ظاهر] > اسم الناسخ [ضمير متصل],خبر كان استفهامي مقدم + اسمها ضمير متصل, فِيمَ كُنْتُمْ,
باب النواسخ,كان وأخواتها,اسم ظاهر,مصدر مؤول,2,177,لَيْسَ الْبِرَّ أَنْ تُوَلُّوا وُجُوهَكُمْ قِبَلَ الْمَشْرِقِ وَالْمَغْرِبِ,البر,المصدر المؤول من «أن تولوا وجوهكم»,البقرة,خبر الناسخ [اسم ظاهر] > اسم الناسخ [مصدر مؤول],ليس + خبرها مقدم + اسمها المصدر المؤول مؤخر, الْبِرَّ أَنْ تُوَلُّوا وُجُوهَكُمْ,
باب النواسخ,كان وأخواتها,اسم ظاهر,مصدر مؤول,3,79,مَا كَانَ لِبَشَرٍ أَنْ يُؤْتِيَهُ اللَّهُ الْكِتَابَ وَالْحُكْمَ وَالنُّبُوَّةَ,لبشر,أن يؤتيه الله الكتاب والحكم والنبوة,آل عمران,,كان + خبر مقدم + اسم مصدر مؤول مؤخر, لِبَشَرٍ أَنْ يُؤْتِيَهُ اللَّهُ الْكِتَابَ وَالْحُكْمَ وَالنُّبُوَّةَ,
باب النواسخ,كان وأخواتها,اسم ظاهر,مصدر مؤول,4,92,وَمَا كَانَ لِمُؤْمِنٍ أَنْ يَقْتُلَ مُؤْمِنًا إِلَّا خَطَأً,لمؤمن,المصدر المؤول «أن يقتل مؤمنًا»,النساء,,كان + خبر جار ومجرور مقدم + اسم مصدر مؤول مؤخر, لِمُؤْمِنٍ أَنْ يَقْتُلَ مُؤْمِنًا ,
باب النواسخ,كان وأخواتها,اسم ظاهر,مصدر مؤول,7,5,فَمَا كَانَ دَعْوَاهُمْ إِذْ جَاءَهُمْ بَأْسُنَا إِلَّا أَنْ قَالُوا إِنَّا كُنَّا ظَالِمِينَ,دعواهم,المصدر المؤول من «أن قالوا إنا كنا ظالمين»,الأعراف,,كان + خبر مقدم على أحد الوجهين + اسم مؤخر مصدر مؤول,دَعْوَاهُمْ,أَنْ قَالُوا إِنَّا كُنَّا ظَالِمِينَ
باب النواسخ,كان وأخواتها,اسم ظاهر,مصدر مؤول,3,145,وَمَا كَانَ لِنَفْسٍ أَنْ تَمُوتَ,لنفس,المصدر المؤول «أن تموت»,آل عمران,,كان + خبر مقدم + اسم مصدر مؤول مؤخر,لِنَفْسٍ أَنْ تَمُوتَ,
باب النواسخ,كان وأخواتها,اسم ظاهر,مصدر مؤول,3,147,وَمَا كَانَ قَوْلَهُمْ إِلَّا أَنْ قَالُوا,قولهم,المصدر المؤول «أن قالوا»,آل عمران,,كان + خبر مقدم + اسم مصدر مؤول مؤخر,قَوْلَهُمْ, أَنْ قَالُوا
باب النواسخ,كان وأخواتها,اسم ظاهر,مصدر مؤول,3,161,وَمَا كَانَ لِنَبِيٍّ أَنْ يَغُلَّ,لنبي,المصدر المؤول «أن يغل»,آل عمران,,كان + خبر مقدم + اسم مصدر مؤول مؤخر, لِنَبِيٍّ أَنْ يَغُلَّ,
باب النواسخ,كان وأخواتها,جار ومجرور,اسم ظاهر,2,94,إِنْ كَانَتْ لَكُمُ الدَّارُ الْآخِرَةُ عِنْدَ اللَّهِ خَالِصَةً,لكم,الدار الآخرة,البقرة,خبر الناسخ [جار ومجرور] > اسم الناسخ [اسم ظاهر],كان + خبرها شبه الجملة مقدم + اسمها مؤخر, لَكُمُ الدَّارُ الْآخِرَةُ,
باب النواسخ,كان وأخواتها,جار ومجرور,اسم ظاهر,3,13,قَدْ كَانَ لَكُمْ آيَةٌ فِي فِئَتَيْنِ الْتَقَتَا,لكم,آية,آل عمران,,كان + خبر مقدم + اسم مؤخر, لَكُمْ آيَةٌ,
باب النواسخ,كان وأخواتها,جار ومجرور,اسم ظاهر,4,11,فَإِنْ كَانَ لَهُ وَلَدٌ,له,ولد,النساء,,كان + خبر مقدم + اسم مؤخر, لَهُ وَلَدٌ,
باب النواسخ,كان وأخواتها,جار ومجرور,اسم ظاهر,5,44,وَكَانُوا عَلَيْهِ شُهَدَاءَ,عليه,شهداء,المائدة,,كان واسمها + جار ومجرور + خبرها,عَلَيْهِ شُهَدَاءَ,
باب النواسخ,كان وأخواتها,جار ومجرور,اسم ظاهر,6,11,ثُمَّ انْظُرُوا كَيْفَ كَانَ عَاقِبَةُ الْمُكَذِّبِينَ,كيف,عاقبة المكذبين,الأنعام,,فعل أمر + خبر كان الاستفهامي مقدم + كان + اسمها المؤخر,كَيْفَ,عَاقِبَةُ الْمُكَذِّبِينَ
باب النواسخ,كان وأخواتها,جار ومجرور,اسم ظاهر,7,2,فَلَا يَكُنْ فِي صَدْرِكَ حَرَجٌ مِنْهُ,في صدرك,حرج,الأعراف,,يكن + خبر شبه جملة مقدم + اسم يكن مؤخر, فِي صَدْرِكَ حَرَجٌ,
باب النواسخ,كان وأخواتها,جار ومجرور,اسم ظاهر,8,67,أَنْ يَكُونَ لَهُ أَسْرَى,الخبر المقدم الذي تعلق به «له»,اسم يكون «أسرى»,الأنفال,,يكون + جار ومجرور متعلق بخبر مقدم + اسم يكون مؤخر, لَهُ أَسْرَى,
باب النواسخ,كان وأخواتها,جار ومجرور,اسم ظاهر,9,91,لَيْسَ عَلَى الضُّعَفَاءِ وَلَا عَلَى الْمَرْضَى وَلَا عَلَى الَّذِينَ لَا يَجِدُونَ مَا يُنْفِقُونَ حَرَجٌ,خبر ليس المقدم المتعلق به «على الضعفاء» وما عطف عليه,اسم ليس «حرج»,التوبة,,ليس + خبر مقدم تعلق به شبه الجملة ومعطوفاته + اسم ليس مؤخر,عَلَى الضُّعَفَاءِ,حَرَجٌ
باب النواسخ,كان وأخواتها,جار ومجرور,اسم ظاهر,2,150,لِئَلَّا يَكُونَ لِلنَّاسِ عَلَيْكُمْ حُجَّةٌ,للناس,حجة,البقرة,,يكون + خبرها شبه الجملة مقدم + حال مقدمة + اسمها مؤخر, لِلنَّاسِ,حُجَّةٌ
باب النواسخ,كان وأخواتها,جار ومجرور,اسم ظاهر,3,47,أَنَّى يَكُونُ لِي وَلَدٌ,لي,ولد,آل عمران,,فعل ناقص + خبر مقدم + اسم مؤخر, لِي وَلَدٌ,
باب النواسخ,كان وأخواتها,جار ومجرور,ضمير متصل,4,94,كَذَلِكَ كُنْتُمْ مِنْ قَبْلُ,كذلك,التاء في «كنتم»,النساء,خبر الناسخ [جار ومجرور] > اسم الناسخ [ضمير متصل],خبر كان مقدم + اسمها ضمير متصل,كَذَلِكَ كُنْتُمْ ,
باب النواسخ,كان وأخواتها,جار ومجرور,مصدر مؤول,7,89,وَما يَكُونُ لَنا أَنْ نَعُودَ فِيها,«لنا»,المصدر المؤول «أن نعود فيها»,الأعراف,خبر الناسخ [جار ومجرور] > اسم الناسخ [مصدر مؤول],يكون + خبرها المقدم «لنا» + اسمها المؤخر المصدر المؤول, لَنا أَنْ نَعُودَ فِيها,
باب النواسخ,كان وأخواتها,ظرف,اسم ظاهر,4,73,كَأَنْ لَمْ تَكُنْ بَيْنَكُمْ وَبَيْنَهُ مَوَدَّةٌ,بينكم وبينه,مودة,النساء,خبر الناسخ [ظرف] > اسم الناسخ [اسم ظاهر],تكن + خبر شبه جملة مقدم + اسم مؤخر, بَيْنَكُمْ وَبَيْنَهُ مَوَدَّةٌ,
باب النواسخ,إنَّ,اسم ظاهر,اسم ظاهر,4,72,وَإِنَّ مِنْكُمْ لَمَنْ لَيُبَطِّئَنَّ,منكم,لمن ليبطئن,النساء,خبر الناسخ [اسم ظاهر] > اسم الناسخ [اسم ظاهر],إنَّ + خبر مقدم + اسم موصول مؤخر, مِنْكُمْ لَمَنْ لَيُبَطِّئَنَّ,
باب النواسخ,إنَّ,جار ومجرور,اسم ظاهر,2,248,إِنَّ فِي ذَلِكَ لَآيَةً لَكُمْ,في ذلك,آية,البقرة,خبر الناسخ [جار ومجرور] > اسم الناسخ [اسم ظاهر],إن + خبرها شبه الجملة مقدم + اسمها مؤخر,فِي ذَلِكَ,آيَةً
باب النواسخ,إنَّ,جار ومجرور,اسم ظاهر,3,13,إِنَّ فِي ذَلِكَ لَعِبْرَةً لِأُولِي الْأَبْصَارِ,في ذلك,لعبرة,آل عمران,,إنَّ + خبر مقدم + اسم مؤخر, فِي ذَلِكَ لَعِبْرَةً,
باب النواسخ,إنَّ,جار ومجرور,اسم ظاهر,5,22,إِنَّ فِيهَا قَوْمًا جَبَّارِينَ,فيها,قومًا,المائدة,,إن + خبر شبه جملة مقدم + اسم إن مؤخر,فِيهَا قَوْمًا,
باب النواسخ,إنَّ,جار ومجرور,اسم ظاهر,6,99,إِنَّ فِي ذَلِكُمْ لَآيَاتٍ لِقَوْمٍ يُؤْمِنُونَ,في ذلكم,آيات,الأنعام,,إن + خبر شبه جملة مقدم + اسم إن مؤخر,فِي ذَلِكُمْ,آيَاتٍ
باب النواسخ,إنَّ,جار ومجرور,اسم ظاهر,7,113,إِنَّ لَنَا لَأَجْرًا,الخبر المقدم الذي تعلق به «لنا»,اسم إن «أجرًا»,الأعراف,,إن + جار ومجرور متعلق بخبر مقدم + اسم إن مؤخر,لَنَا,أَجْرًا
باب النواسخ,إنَّ,جار ومجرور,اسم ظاهر,3,49,إِنَّ فِي ذَلِكَ لَآيَةً لَكُمْ إِنْ كُنْتُمْ مُؤْمِنِينَ,في ذلك,لآية,آل عمران,,إنَّ + خبر مقدم + اسم مؤخر, فِي ذَلِكَ لَآيَةً,
باب النواسخ,إنَّ,جار ومجرور,اسم ظاهر,3,78,وَإِنَّ مِنْهُمْ لَفَرِيقًا يَلْوُونَ أَلْسِنَتَهُمْ بِالْكِتَابِ,منهم,لفريقًا,آل عمران,,إنَّ + خبر مقدم + اسم مؤخر,مِنْهُمْ لَفَرِيقًا,
باب النواسخ,إنَّ,جار ومجرور,اسم ظاهر,3,190,إِنَّ فِي خَلْقِ السَّمَاوَاتِ وَالْأَرْضِ وَاخْتِلَافِ اللَّيْلِ وَالنَّهَارِ لَآيَاتٍ لِأُولِي الْأَلْبَابِ,في خلق السماوات والأرض واختلاف الليل والنهار,لآيات,آل عمران,,إنَّ + خبر مقدم + اسم مؤخر, فِي خَلْقِ السَّمَاوَاتِ وَالْأَرْضِ وَاخْتِلَافِ اللَّيْلِ وَالنَّهَارِ لَآيَاتٍ,
باب النواسخ,إنَّ,جار ومجرور,اسم ظاهر,3,199,وَإِنَّ مِنْ أَهْلِ الْكِتَابِ لَمَنْ يُؤْمِنُ بِاللَّهِ,من أهل الكتاب,لمن يؤمن بالله,آل عمران,,إنَّ + خبر مقدم + اسم موصول مؤخر, مِنْ أَهْلِ الْكِتَابِ لَمَنْ يُؤْمِنُ بِاللَّهِ,
باب النواسخ,إنَّ,جار ومجرور,اسم موصول,2,61,فَإِنَّ لَكُمْ مَا سَأَلْتُمْ,لكم,ما سألتم,البقرة,خبر الناسخ [جار ومجرور] > اسم الناسخ [اسم موصول],إن + خبرها شبه الجملة + اسمها الموصول المؤخر, لَكُمْ مَا سَأَلْتُمْ,
باب النواسخ,إنَّ,جار ومجرور,اسم موصول,4,170,فَإِنَّ لِلَّهِ مَا فِي السَّمَاوَاتِ وَالْأَرْضِ,لله,ما في السماوات والأرض,النساء,,إنَّ + خبر مقدم + اسم موصول مؤخر, لِلَّهِ مَا فِي السَّمَاوَاتِ وَالْأَرْضِ,
باب النواسخ,إنَّ,جار ومجرور,اسم موصول,2,74,وَإِنَّ مِنَ الْحِجَارَةِ لَمَا يَتَفَجَّرُ مِنْهُ الْأَنْهَارُ,من الحجارة,ما يتفجر منه الأنهار,البقرة,,إن + خبر شبه جملة مقدم + اسم موصول مؤخر, مِنَ الْحِجَارَةِ,مَا يَتَفَجَّرُ مِنْهُ الْأَنْهَارُ
باب النواسخ,إنَّ,جار ومجرور,اسم موصول,2,74,وَإِنَّ مِنْهَا لَمَا يَشَّقَّقُ فَيَخْرُجُ مِنْهُ الْمَاءُ,منها,ما يشقق,البقرة,,إن + خبر شبه جملة مقدم + اسم موصول مؤخر, مِنْهَا,مَا يَشَّقَّقُ
باب النواسخ,إنَّ,جار ومجرور,اسم موصول,2,74,وَإِنَّ مِنْهَا لَمَا يَهْبِطُ مِنْ خَشْيَةِ اللَّهِ,منها,ما يهبط من خشية الله,البقرة,,إن + خبر شبه جملة مقدم + اسم موصول مؤخر,مِنْهَا,مَا يَهْبِطُ مِنْ خَشْيَةِ اللَّهِ
باب النواسخ,إنَّ,ظرف,اسم ظاهر,6,19,أَئِنَّكُمْ لَتَشْهَدُونَ أَنَّ مَعَ اللَّهِ آلِهَةً أُخْرَى,مع الله,آلهة أخرى,الأنعام,خبر الناسخ [ظرف] > اسم الناسخ [اسم ظاهر],أن + خبر شبه جملة مقدم + اسم أن مؤخر, مَعَ اللَّهِ آلِهَةً أُخْرَى,
باب النواسخ,إنَّ,ظرف,اسم موصول,6,58,لَوْ أَنَّ عِنْدِي مَا تَسْتَعْجِلُونَ بِهِ,عندي,ما تستعجلون به,الأنعام,خبر الناسخ [ظرف] > اسم الناسخ [اسم موصول],لو + أن + خبر ظرفي مقدم + اسم أن مؤخر,عِنْدِي مَا تَسْتَعْجِلُونَ بِهِ,
