الهمزة المفردة,الساكنة,الهمزة الساكنة بعد همزة الوصل,همزة وصل مكسورة + همزة أصلية ساكنة,10,15,وَإِذَا تُتْلَىٰ عَلَيْهِمْ ءَايَاتُنَا بَيِّنَـٰتٍ ۙ قَالَ ٱلَّذِينَ لَا يَرْجُونَ لِقَآءَنَا ٱئْتِ بِقُرْءَانٍ غَيْرِ هَـٰذَآ أَوْ بَدِّلْهُ ۚ قُلْ مَا يَكُونُ لِىٓ أَنْ أُبَدِّلَهُۥ مِن تِلْقَآئِ نَفْسِىٓ ۖ إِنْ أَتَّبِعُ إِلَّا مَا يُوحَىٰٓ إِلَىَّ ۖ إِنِّىٓ أَخَافُ إِنْ عَصَيْتُ رَبِّى عَذَابَ يَوْمٍ عَظِيمٍ,ٱئْتِ,يونس
الهمزة المفردة,الساكنة,الهمزة الساكنة بعد همزة الوصل,همزة وصل مكسورة + همزة أصلية ساكنة,12,50,وَقَالَ ٱلْمَلِكُ ٱئْتُونِى بِهِۦ ۖ فَلَمَّا جَآءَهُ ٱلرَّسُولُ قَالَ ٱرْجِعْ إِلَىٰ رَبِّكَ فَسْـَٔلْهُ مَا بَالُ ٱلنِّسْوَةِ ٱلَّـٰتِى قَطَّعْنَ أَيْدِيَهُنَّ ۚ إِنَّ رَبِّى بِكَيْدِهِنَّ عَلِيمٌ,ٱئْتُونِى,يوسف
الهمزة المفردة,الساكنة,الهمزة الساكنة بعد همزة الوصل,همزة وصل مكسورة + همزة أصلية ساكنة,12,54,وَقَالَ ٱلْمَلِكُ ٱئْتُونِى بِهِۦٓ أَسْتَخْلِصْهُ لِنَفْسِى ۖ فَلَمَّا كَلَّمَهُۥ قَالَ إِنَّكَ ٱلْيَوْمَ لَدَيْنَا مَكِينٌ أَمِينٌ,ٱئْتُونِى,يوسف
الهمزة المفردة,الساكنة,أصل,ضمة سابقة + همزة ساكنة,2,226,لِّلَّذِينَ يُؤْلُونَ مِن نِّسَآئِهِمْ تَرَبُّصُ أَرْبَعَةِ أَشْهُرٍ ۖ فَإِن فَآءُو فَإِنَّ ٱللَّهَ غَفُورٌ رَّحِيمٌ,يُؤْلُونَ,البقرة
الهمزة المفردة,الساكنة,أصل,ضمة سابقة + همزة ساكنة,33,51,تُرْجِى مَن تَشَآءُ مِنْهُنَّ وَتُـْٔوِىٓ إِلَيْكَ مَن تَشَآءُ ۖ وَمَنِ ٱبْتَغَيْتَ مِمَّنْ عَزَلْتَ فَلَا جُنَاحَ عَلَيْكَ ۚ ذَٰلِكَ أَدْنَىٰٓ أَن تَقَرَّ أَعْيُنُهُنَّ وَلَا يَحْزَنَّ وَيَرْضَيْنَ بِمَآ ءَاتَيْتَهُنَّ كُلُّهُنَّ ۚ وَٱللَّهُ يَعْلَمُ مَا فِى قُلُوبِكُمْ ۚ وَكَانَ ٱللَّهُ عَلِيمًا حَلِيمًا,تُـْٔوِى,الأحزاب
الهمزة المفردة,الساكنة,أصل,ضمة سابقة + همزة ساكنة,70,13,وَفَصِيلَتِهِ ٱلَّتِى تُـْٔوِيهِ,تُـْٔوِيهِ,المعارج
الهمزة المفردة,الساكنة,أصل,ضمة سابقة + همزة ساكنة,90,20,عَلَيْهِمْ نَارٌ مُّؤْصَدَةٌۢ,مُّؤْصَدَةٌ,البلد
الهمزة المفردة,الساكنة,أصل,ضمة سابقة + همزة ساكنة,102,8,إِنَّهَا عَلَيْهِم مُّؤْصَدَةٌ,مُّؤْصَدَةٌ,الهمزة
الهمزة المفردة,الساكنة,أصل,ضمة سابقة + همزة ساكنة,20,36,قَالَ قَدْ أُوتِيتَ سُؤْلَكَ يَـٰمُوسَىٰ,سُؤْلَكَ,طه
الهمزة المفردة,الساكنة,أصل,ضمة سابقة + همزة ساكنة,53,53,وَٱلْمُؤْتَفِكَةَ أَهْوَىٰ,ٱلْمُؤْتَفِكَةَ,النجم
الهمزة المفردة,الساكنة,أصل,فتحة سابقة + همزة ساكنة,18,16,وَإِذِ ٱعْتَزَلْتُمُوهُمْ وَمَا يَعْبُدُونَ إِلَّا ٱللَّهَ فَأْوُۥٓا۟ إِلَى ٱلْكَهْفِ يَنشُرْ لَكُمْ رَبُّكُم مِّن رَّحْمَتِهِۦ وَيُهَيِّئْ لَكُم مِّنْ أَمْرِكُم مِّرْفَقًا,فَأْوُۥٓا۟,الكهف
الهمزة المفردة,الساكنة,أصل,فتحة سابقة + همزة ساكنة,18,94,قَالُوا۟ يَـٰذَا ٱلْقَرْنَيْنِ إِنَّ يَأْجُوجَ وَمَأْجُوجَ مُفْسِدُونَ فِى ٱلْأَرْضِ فَهَلْ نَجْعَلُ لَكَ خَرْجًا عَلَىٰٓ أَن تَجْعَلَ بَيْنَنَا وَبَيْنَهُمْ سَدًّا,يَأْجُوجَ,الكهف
الهمزة المفردة,الساكنة,أصل,فتحة سابقة + همزة ساكنة,18,94,قَالُوا۟ يَـٰذَا ٱلْقَرْنَيْنِ إِنَّ يَأْجُوجَ وَمَأْجُوجَ مُفْسِدُونَ فِى ٱلْأَرْضِ فَهَلْ نَجْعَلُ لَكَ خَرْجًا عَلَىٰٓ أَن تَجْعَلَ بَيْنَنَا وَبَيْنَهُمْ سَدًّا,مَأْجُوجَ,الكهف
الهمزة المفردة,الساكنة,أصل,فتحة سابقة + همزة ساكنة,21,96,حَتَّىٰٓ إِذَا فُتِحَتْ يَأْجُوجُ وَمَأْجُوجُ وَهُم مِّن كُلِّ حَدَبٍ يَنسِلُونَ,يَأْجُوجُ,الأنبياء
الهمزة المفردة,الساكنة,أصل,فتحة سابقة + همزة ساكنة,21,96,حَتَّىٰٓ إِذَا فُتِحَتْ يَأْجُوجُ وَمَأْجُوجُ وَهُم مِّن كُلِّ حَدَبٍ يَنسِلُونَ,مَأْجُوجُ,الأنبياء
الهمزة المفردة,الساكنة,أصل,فتحة سابقة + همزة ساكنة,2,72,وَإِذْ قَتَلْتُمْ نَفْسًا فَٱدَّٰرَْٰٔتُمْ فِيهَا ۖ وَٱللَّهُ مُخْرِجٌ مَّا كُنتُمْ تَكْتُمُونَ,فَٱدَّٰرَْٰٔتُمْ,البقرة
الهمزة المفردة,الساكنة,أصل,فتحة سابقة + همزة ساكنة,28,63,قَالَ ٱلَّذِينَ حَقَّ عَلَيْهِمُ ٱلْقَوْلُ رَبَّنَا هَـٰٓؤُلَآءِ ٱلَّذِينَ أَغْوَيْنَآ أَغْوَيْنَـٰهُمْ كَمَا غَوَيْنَا ۖ تَبَرَّأْنَآ إِلَيْكَ ۖ مَا كَانُوٓا۟ إِيَّانَا يَعْبُدُونَ,تَبَرَّأْنَا,القصص
الهمزة المفردة,الساكنة,أصل,كسرة سابقة + همزة ساكنة,19,74,وَكَمْ أَهْلَكْنَا قَبْلَهُم مِّن قَرْنٍ هُمْ أَحْسَنُ أَثَـٰثًا وَرِءْيًا,وَرِءْيًا,مريم
الهمزة المفردة,المتحركة,تنوين,تنوين ضم + همزة مفتوحة,71,2-3,قَالَ يَـٰقَوْمِ إِنِّى لَكُمْ نَذِيرٌ مُّبِينٌ ,مُّبِينٌ أَنِ,نوح
الهمزة المفردة,المتحركة,تنوين,تنوين فتح + همزة مفتوحة,112,4,وَلَمْ يَكُن لَّهُۥ كُفُوًا أَحَدٌۢ,كُفُوًا أَحَدٌۢ,الإخلاص
الهمزة المفردة,المتحركة,تنوين,تنوين ضم + همزة مفتوحة,101,11 - 1,نَارٌ حَامِيَةٌۢ ,حَامِيَةٌۢ ,القارعة ← التكاثر
الهمزة المفردة,المتحركة,تنوين,تنوين فتح + همزة مفتوحة,10,2,أَكَانَ لِلنَّاسِ عَجَبًا أَنْ أَوْحَيْنَآ إِلَىٰ رَجُلٍ مِّنْهُمْ أَنْ أَنذِرِ ٱلنَّاسَ وَبَشِّرِ ٱلَّذِينَ ءَامَنُوٓا۟ أَنَّ لَهُمْ قَدَمَ صِدْقٍ عِندَ رَبِّهِمْ ۗ قَالَ ٱلْكَـٰفِرُونَ إِنَّ هَـٰذَا لَسَـٰحِرٌ مُّبِينٌ,عَجَبًا أَنْ,يونس
الهمزة المفردة,المتحركة,تنوين,تنوين كسر + همزة مكسورة,7,94,وَمَآ أَرْسَلْنَا فِى قَرْيَةٍ مِّن نَّبِىٍّ إِلَّآ أَخَذْنَآ أَهْلَهَا بِٱلْبَأْسَآءِ وَٱلضَّرَّآءِ لَعَلَّهُمْ يَضَّرَّعُونَ,نَّبِىٍّ إِلَّآ,الأعراف
الهمزة المفردة,الساكنة,سكون البناء,فتحة سابقة + همزة ساكنة,17,14,ٱقْرَأْ كِتَـٰبَكَ كَفَىٰ بِنَفْسِكَ ٱلْيَوْمَ عَلَيْكَ حَسِيبًا,ٱقْرَأْ,الإسراء
الهمزة المفردة,الساكنة,سكون البناء,فتحة سابقة + همزة ساكنة,96,1,بِسْمِ ٱللَّهِ ٱلرَّحْمَـٰنِ ٱلرَّحِيمِ ٱقْرَأْ بِٱسْمِ رَبِّكَ ٱلَّذِى خَلَقَ,ٱقْرَأْ,العلق
الهمزة المفردة,الساكنة,سكون البناء,فتحة سابقة + همزة ساكنة,96,3,ٱقْرَأْ وَرَبُّكَ ٱلْأَكْرَمُ,ٱقْرَأْ,العلق
الهمزة المفردة,الساكنة,سكون البناء,كسرة سابقة + همزة ساكنة,2,33,قَالَ يَـٰٓـَٔادَمُ أَنۢبِئْهُم بِأَسْمَآئِهِمْ ۖ فَلَمَّآ أَنۢبَأَهُم بِأَسْمَآئِهِمْ قَالَ أَلَمْ أَقُل لَّكُمْ إِنِّىٓ أَعْلَمُ غَيْبَ ٱلسَّمَـٰوَٰتِ وَٱلْأَرْضِ وَأَعْلَمُ مَا تُبْدُونَ وَمَا كُنتُمْ تَكْتُمُونَ,أَنۢبِئْهُم,البقرة
الهمزة المفردة,الساكنة,سكون البناء,كسرة سابقة + همزة ساكنة,7,111,قَالُوٓا۟ أَرْجِهْ وَأَخَاهُ وَأَرْسِلْ فِى ٱلْمَدَآئِنِ حَـٰشِرِينَ,أَرْجِهْ,الأعراف
الهمزة المفردة,الساكنة,سكون البناء,كسرة سابقة + همزة ساكنة,12,36,وَدَخَلَ مَعَهُ ٱلسِّجْنَ فَتَيَانِ ۖ قَالَ أَحَدُهُمَآ إِنِّىٓ أَرَىٰنِىٓ أَعْصِرُ خَمْرًا ۖ وَقَالَ ٱلْءَاخَرُ إِنِّىٓ أَرَىٰنِىٓ أَحْمِلُ فَوْقَ رَأْسِى خُبْزًا تَأْكُلُ ٱلطَّيْرُ مِنْهُ ۖ نَبِّئْنَا بِتَأْوِيلِهِۦٓ ۖ إِنَّا نَرَىٰكَ مِنَ ٱلْمُحْسِنِينَ,نَبِّئْنَا,يوسف
الهمزة المفردة,الساكنة,سكون البناء,كسرة سابقة + همزة ساكنة,15,49,نَبِّئْ عِبَادِىٓ أَنِّىٓ أَنَا ٱلْغَفُورُ ٱلرَّحِيمُ,نَبِّئْ,الحجر
الهمزة المفردة,الساكنة,سكون البناء,كسرة سابقة + همزة ساكنة,15,51,وَنَبِّئْهُمْ عَن ضَيْفِ إِبْرَٰهِيمَ,نَبِّئْهُمْ,الحجر
الهمزة المفردة,الساكنة,سكون البناء,كسرة سابقة + همزة ساكنة,18,10,إِذْ أَوَى ٱلْفِتْيَةُ إِلَى ٱلْكَهْفِ فَقَالُوا۟ رَبَّنَآ ءَاتِنَا مِن لَّدُنكَ رَحْمَةً وَهَيِّئْ لَنَا مِنْ أَمْرِنَا رَشَدًا,هَيِّئْ,الكهف
الهمزة المفردة,الساكنة,سكون البناء,كسرة سابقة + همزة ساكنة,26,36,قَالُوٓا۟ أَرْجِهْ وَأَخَاهُ وَٱبْعَثْ فِى ٱلْمَدَآئِنِ حَـٰشِرِينَ,أَرْجِهْ,الشعراء
الهمزة المفردة,الساكنة,سكون البناء,كسرة سابقة + همزة ساكنة,54,28,وَنَبِّئْهُمْ أَنَّ ٱلْمَآءَ قِسْمَةٌۢ بَيْنَهُمْ ۖ كُلُّ شِرْبٍ مُّحْتَضَرٌ,نَبِّئْهُمْ,القمر
الهمزة المفردة,الساكنة,سكون الجزم,ضمة سابقة + همزة ساكنة,3,120,إِن تَمْسَسْكُمْ حَسَنَةٌ تَسُؤْهُمْ وَإِن تُصِبْكُمْ سَيِّئَةٌ يَفْرَحُوا۟ بِهَا ۖ وَإِن تَصْبِرُوا۟ وَتَتَّقُوا۟ لَا يَضُرُّكُمْ كَيْدُهُمْ شَيْـًٔا ۗ إِنَّ ٱللَّهَ بِمَا يَعْمَلُونَ مُحِيطٌ,تَسُؤْهُمْ,آل عمران
الهمزة المفردة,الساكنة,سكون الجزم,ضمة سابقة + همزة ساكنة,5,101,يَـٰٓأَيُّهَا ٱلَّذِينَ ءَامَنُوا۟ لَا تَسْـَٔلُوا۟ عَنْ أَشْيَآءَ إِن تُبْدَ لَكُمْ تَسُؤْكُمْ وَإِن تَسْـَٔلُوا۟ عَنْهَا حِينَ يُنَزَّلُ ٱلْقُرْءَانُ تُبْدَ لَكُمْ عَفَا ٱللَّهُ عَنْهَا ۗ وَٱللَّهُ غَفُورٌ حَلِيمٌ,تَسُؤْكُمْ,المائدة
الهمزة المفردة,الساكنة,سكون الجزم,ضمة سابقة + همزة ساكنة,9,50,إِن تُصِبْكَ حَسَنَةٌ تَسُؤْهُمْ ۖ وَإِن تُصِبْكَ مُصِيبَةٌ يَقُولُوا۟ قَدْ أَخَذْنَآ أَمْرَنَا مِن قَبْلُ وَيَتَوَلَّوا۟ وَّهُمْ فَرِحُونَ,تَسُؤْهُمْ,التوبة
الهمزة المفردة,الساكنة,سكون الجزم,فتحة سابقة + همزة ساكنة,4,133,إِن يَشَأْ يُذْهِبْكُمْ أَيُّهَا ٱلنَّاسُ وَيَأْتِ بِـَٔاخَرِينَ ۚ وَكَانَ ٱللَّهُ عَلَىٰ ذَٰلِكَ قَدِيرًا,يَشَأْ,النساء
الهمزة المفردة,الساكنة,سكون الجزم,فتحة سابقة + همزة ساكنة,6,39,وَٱلَّذِينَ كَذَّبُوا۟ بِـَٔايَـٰتِنَا صُمٌّ وَبُكْمٌ فِى ٱلظُّلُمَـٰتِ ۗ مَن يَشَإِ ٱللَّهُ يُضْلِلْهُ وَمَن يَشَأْ يَجْعَلْهُ عَلَىٰ صِرَٰطٍ مُّسْتَقِيمٍ,يَشَإِ,الأنعام
الهمزة المفردة,الساكنة,سكون الجزم,فتحة سابقة + همزة ساكنة,6,39,وَٱلَّذِينَ كَذَّبُوا۟ بِـَٔايَـٰتِنَا صُمٌّ وَبُكْمٌ فِى ٱلظُّلُمَـٰتِ ۗ مَن يَشَإِ ٱللَّهُ يُضْلِلْهُ وَمَن يَشَأْ يَجْعَلْهُ عَلَىٰ صِرَٰطٍ مُّسْتَقِيمٍ,يَشَأْ,الأنعام
الهمزة المفردة,الساكنة,سكون الجزم,فتحة سابقة + همزة ساكنة,6,133,وَرَبُّكَ ٱلْغَنِىُّ ذُو ٱلرَّحْمَةِ ۚ إِن يَشَأْ يُذْهِبْكُمْ وَيَسْتَخْلِفْ مِنۢ بَعْدِكُم مَّا يَشَآءُ كَمَآ أَنشَأَكُم مِّن ذُرِّيَّةِ قَوْمٍ ءَاخَرِينَ,يَشَأْ,الأنعام
الهمزة المفردة,الساكنة,سكون الجزم,فتحة سابقة + همزة ساكنة,14,19,أَلَمْ تَرَ أَنَّ ٱللَّهَ خَلَقَ ٱلسَّمَـٰوَٰتِ وَٱلْأَرْضَ بِٱلْحَقِّ ۚ إِن يَشَأْ يُذْهِبْكُمْ وَيَأْتِ بِخَلْقٍ جَدِيدٍ,يَشَأْ,إبراهيم
الهمزة المفردة,الساكنة,سكون الجزم,فتحة سابقة + همزة ساكنة,17,54,رَّبُّكُمْ أَعْلَمُ بِكُمْ ۖ إِن يَشَأْ يَرْحَمْكُمْ أَوْ إِن يَشَأْ يُعَذِّبْكُمْ ۚ وَمَآ أَرْسَلْنَـٰكَ عَلَيْهِمْ وَكِيلًا,يَشَأْ,الإسراء
الهمزة المفردة,الساكنة,سكون الجزم,فتحة سابقة + همزة ساكنة,17,54,رَّبُّكُمْ أَعْلَمُ بِكُمْ ۖ إِن يَشَأْ يَرْحَمْكُمْ أَوْ إِن يَشَأْ يُعَذِّبْكُمْ ۚ وَمَآ أَرْسَلْنَـٰكَ عَلَيْهِمْ وَكِيلًا,يَشَأْ,الإسراء
الهمزة المفردة,الساكنة,سكون الجزم,فتحة سابقة + همزة ساكنة,26,4,إِن نَّشَأْ نُنَزِّلْ عَلَيْهِم مِّنَ ٱلسَّمَآءِ ءَايَةً فَظَلَّتْ أَعْنَـٰقُهُمْ لَهَا خَـٰضِعِينَ,نَشَأْ,الشعراء
الهمزة المفردة,الساكنة,سكون الجزم,فتحة سابقة + همزة ساكنة,34,9,أَفَلَمْ يَرَوْا۟ إِلَىٰ مَا بَيْنَ أَيْدِيهِمْ وَمَا خَلْفَهُم مِّنَ ٱلسَّمَآءِ وَٱلْأَرْضِ ۚ إِن نَّشَأْ نَخْسِفْ بِهِمُ ٱلْأَرْضَ أَوْ نُسْقِطْ عَلَيْهِمْ كِسَفًا مِّنَ ٱلسَّمَآءِ ۚ إِنَّ فِى ذَٰلِكَ لَـَٔايَةً لِّكُلِّ عَبْدٍ مُّنِيبٍ,نَشَأْ,سبأ
الهمزة المفردة,الساكنة,سكون الجزم,فتحة سابقة + همزة ساكنة,35,16,إِن يَشَأْ يُذْهِبْكُمْ وَيَأْتِ بِخَلْقٍ جَدِيدٍ,يَشَأْ,فاطر
الهمزة المفردة,الساكنة,سكون الجزم,فتحة سابقة + همزة ساكنة,36,43,وَإِن نَّشَأْ نُغْرِقْهُمْ فَلَا صَرِيخَ لَهُمْ وَلَا هُمْ يُنقَذُونَ,نَشَأْ,يس
الهمزة المفردة,الساكنة,سكون الجزم,فتحة سابقة + همزة ساكنة,42,24,أَمْ يَقُولُونَ ٱفْتَرَىٰ عَلَى ٱللَّهِ كَذِبًا ۖ فَإِن يَشَإِ ٱللَّهُ يَخْتِمْ عَلَىٰ قَلْبِكَ ۗ وَيَمْحُ ٱللَّهُ ٱلْبَـٰطِلَ وَيُحِقُّ ٱلْحَقَّ بِكَلِمَـٰتِهِۦٓ ۚ إِنَّهُۥ عَلِيمٌۢ بِذَاتِ ٱلصُّدُورِ,يَشَإِ,الشورى
الهمزة المفردة,الساكنة,سكون الجزم,فتحة سابقة + همزة ساكنة,42,33,إِن يَشَأْ يُسْكِنِ ٱلرِّيحَ فَيَظْلَلْنَ رَوَاكِدَ عَلَىٰ ظَهْرِهِۦٓ ۚ إِنَّ فِى ذَٰلِكَ لَـَٔايَـٰتٍ لِّكُلِّ صَبَّارٍ شَكُورٍ,يَشَأْ,الشورى
الهمزة المفردة,الساكنة,سكون الجزم,فتحة سابقة + همزة ساكنة,53,36,أَمْ لَمْ يُنَبَّأْ بِمَا فِى صُحُفِ مُوسَىٰ,يُنَبَّأْ,النجم
الهمزة المفردة,الساكنة,سكون الجزم,كسرة سابقة + همزة ساكنة,18,16,وَإِذِ ٱعْتَزَلْتُمُوهُمْ وَمَا يَعْبُدُونَ إِلَّا ٱللَّهَ فَأْوُۥٓا۟ إِلَى ٱلْكَهْفِ يَنشُرْ لَكُمْ رَبُّكُم مِّن رَّحْمَتِهِۦ وَيُهَيِّئْ لَكُم مِّنْ أَمْرِكُم مِّرْفَقًا,يُهَيِّئْ,الكهف
الهمزة المفردة,المتحركة,صوت مشدد,همزة مضمومة + صوت مشدد,77,11,وَإِذَا ٱلرُّسُلُ أُقِّتَتْ,أُقِّتَتْ,المرسلات
الهمزة المفردة,المتحركة,متماثلة,ضمة سابقة + همزة مضمومة,4,176,يَسْتَفْتُونَكَ قُلِ ٱللَّهُ يُفْتِيكُمْ فِى ٱلْكَلَـٰلَةِ ۚ إِنِ ٱمْرُؤٌا۟ هَلَكَ لَيْسَ لَهُۥ وَلَدٌ وَلَهُۥٓ أُخْتٌ فَلَهَا نِصْفُ مَا تَرَكَ ۚ وَهُوَ يَرِثُهَآ إِن لَّمْ يَكُن لَّهَا وَلَدٌ ۚ فَإِن كَانَتَا ٱثْنَتَيْنِ فَلَهُمَا ٱلثُّلُثَانِ مِمَّا تَرَكَ ۚ وَإِن كَانُوٓا۟ إِخْوَةً رِّجَالًا وَنِسَآءً فَلِلذَّكَرِ مِثْلُ حَظِّ ٱلْأُنثَيَيْنِ ۗ يُبَيِّنُ ٱللَّهُ لَكُمْ أَن تَضِلُّوا۟ ۗ وَٱللَّهُ بِكُلِّ شَىْءٍ عَلِيمٌۢ,ٱمْرُؤٌ,النساء
الهمزة المفردة,المتحركة,متماثلة,ضمة سابقة + همزة مضمومة,2,196,وَأَتِمُّوا۟ ٱلْحَجَّ وَٱلْعُمْرَةَ لِلَّهِ ۚ فَإِنْ أُحْصِرْتُمْ فَمَا ٱسْتَيْسَرَ مِنَ ٱلْهَدْىِ ۖ وَلَا تَحْلِقُوا۟ رُءُوسَكُمْ حَتَّىٰ يَبْلُغَ ٱلْهَدْىُ مَحِلَّهُۥ ۚ فَمَن كَانَ مِنكُم مَّرِيضًا أَوْ بِهِۦٓ أَذًى مِّن رَّأْسِهِۦ فَفِدْيَةٌ مِّن صِيَامٍ أَوْ صَدَقَةٍ أَوْ نُسُكٍ ۚ فَإِذَآ أَمِنتُمْ فَمَن تَمَتَّعَ بِٱلْعُمْرَةِ إِلَى ٱلْحَجِّ فَمَا ٱسْتَيْسَرَ مِنَ ٱلْهَدْىِ ۚ فَمَن لَّمْ يَجِدْ فَصِيَامُ ثَلَـٰثَةِ أَيَّامٍ فِى ٱلْحَجِّ وَسَبْعَةٍ إِذَا رَجَعْتُمْ ۗ تِلْكَ عَشَرَةٌ كَامِلَةٌ ۗ ذَٰلِكَ لِمَن لَّمْ يَكُنْ أَهْلُهُۥ حَاضِرِى ٱلْمَسْجِدِ ٱلْحَرَامِ ۚ وَٱتَّقُوا۟ ٱللَّهَ وَٱعْلَمُوٓا۟ أَنَّ ٱللَّهَ شَدِيدُ ٱلْعِقَابِ,رُءُوسَكُمْ,البقرة
الهمزة المفردة,المتحركة,متماثلة,ضمة سابقة + همزة مضمومة,5,6,يَـٰٓأَيُّهَا ٱلَّذِينَ ءَامَنُوٓا۟ إِذَا قُمْتُمْ إِلَى ٱلصَّلَوٰةِ فَٱغْسِلُوا۟ وُجُوهَكُمْ وَأَيْدِيَكُمْ إِلَى ٱلْمَرَافِقِ وَٱمْسَحُوا۟ بِرُءُوسِكُمْ وَأَرْجُلَكُمْ إِلَى ٱلْكَعْبَيْنِ ۚ وَإِن كُنتُمْ جُنُبًا فَٱطَّهَّرُوا۟ ۚ وَإِن كُنتُم مَّرْضَىٰٓ أَوْ عَلَىٰ سَفَرٍ أَوْ جَآءَ أَحَدٌ مِّنكُم مِّنَ ٱلْغَآئِطِ أَوْ لَـٰمَسْتُمُ ٱلنِّسَآءَ فَلَمْ تَجِدُوا۟ مَآءً فَتَيَمَّمُوا۟ صَعِيدًا طَيِّبًا فَٱمْسَحُوا۟ بِوُجُوهِكُمْ وَأَيْدِيكُم مِّنْهُ ۚ مَا يُرِيدُ ٱللَّهُ لِيَجْعَلَ عَلَيْكُم مِّنْ حَرَجٍ وَلَـٰكِن يُرِيدُ لِيُطَهِّرَكُمْ وَلِيُتِمَّ نِعْمَتَهُۥ عَلَيْكُمْ لَعَلَّكُمْ تَشْكُرُونَ,بِرُءُوسِكُمْ,المائدة
الهمزة المفردة,المتحركة,متماثلة,ضمة سابقة + همزة مضمومة,48,27,لَّقَدْ صَدَقَ ٱللَّهُ رَسُولَهُ ٱلرُّءْيَا بِٱلْحَقِّ ۖ لَتَدْخُلُنَّ ٱلْمَسْجِدَ ٱلْحَرَامَ إِن شَآءَ ٱللَّهُ ءَامِنِينَ مُحَلِّقِينَ رُءُوسَكُمْ وَمُقَصِّرِينَ لَا تَخَافُونَ ۖ فَعَلِمَ مَا لَمْ تَعْلَمُوا۟ فَجَعَلَ مِن دُونِ ذَٰلِكَ فَتْحًا قَرِيبًا,رُءُوسَكُمْ,الفتح
الهمزة المفردة,المتحركة,متماثلة,فتحة سابقة + همزة مفتوحة,34,14,فَلَمَّا قَضَيْنَا عَلَيْهِ ٱلْمَوْتَ مَا دَلَّهُمْ عَلَىٰ مَوْتِهِۦٓ إِلَّا دَآبَّةُ ٱلْأَرْضِ تَأْكُلُ مِنسَأَتَهُۥ ۖ فَلَمَّا خَرَّ تَبَيَّنَتِ ٱلْجِنُّ أَن لَّوْ كَانُوا۟ يَعْلَمُونَ ٱلْغَيْبَ مَا لَبِثُوا۟ فِى ٱلْعَذَابِ ٱلْمُهِينِ,مِنسَأَتَهُۥ,سبأ
الهمزة المفردة,المتحركة,متماثلة,فتحة سابقة + همزة مفتوحة,6,77,فَلَمَّا رَءَا ٱلْقَمَرَ بَازِغًا قَالَ هَـٰذَا رَبِّى ۖ فَلَمَّآ أَفَلَ قَالَ لَئِن لَّمْ يَهْدِنِى رَبِّى لَأَكُونَنَّ مِنَ ٱلْقَوْمِ ٱلضَّآلِّينَ,رَءَا ٱلْقَمَرَ,الأنعام
الهمزة المفردة,المتحركة,متماثلة,فتحة سابقة + همزة مفتوحة,17,83,وَإِذَآ أَنْعَمْنَا عَلَى ٱلْإِنسَـٰنِ أَعْرَضَ وَنَـَٔا بِجَانِبِهِۦ ۖ وَإِذَا مَسَّهُ ٱلشَّرُّ كَانَ يَـُٔوسًا,نَـَٔا,الإسراء
الهمزة المفردة,المتحركة,متماثلة,فتحة سابقة + همزة مفتوحة,22,11,وَمِنَ ٱلنَّاسِ مَن يَعْبُدُ ٱللَّهَ عَلَىٰ حَرْفٍ ۖ فَإِنْ أَصَابَهُۥ خَيْرٌ ٱطْمَأَنَّ بِهِۦ ۖ وَإِنْ أَصَابَتْهُ فِتْنَةٌ ٱنقَلَبَ عَلَىٰ وَجْهِهِۦ خَسِرَ ٱلدُّنْيَا وَٱلْءَاخِرَةَ ۚ ذَٰلِكَ هُوَ ٱلْخُسْرَانُ ٱلْمُبِينُ,ٱطْمَأَنَّ,الحج
الهمزة المفردة,المتحركة,متماثلة,فتحة سابقة + همزة مفتوحة,39,45,وَإِذَا ذُكِرَ ٱللَّهُ وَحْدَهُ ٱشْمَأَزَّتْ قُلُوبُ ٱلَّذِينَ لَا يُؤْمِنُونَ بِٱلْءَاخِرَةِ ۖ وَإِذَا ذُكِرَ ٱلَّذِينَ مِن دُونِهِۦٓ إِذَا هُمْ يَسْتَبْشِرُونَ,ٱشْمَأَزَّتْ,الزمر
الهمزة المفردة,المتحركة,متماثلة,فتحة سابقة + همزة مفتوحة,41,51,وَإِذَآ أَنْعَمْنَا عَلَى ٱلْإِنسَـٰنِ أَعْرَضَ وَنَـَٔا بِجَانِبِهِۦ وَإِذَا مَسَّهُ ٱلشَّرُّ فَذُو دُعَآءٍ عَرِيضٍ,نَـَٔا,فصلت
الهمزة المفردة,المتحركة,متماثلة,فتحة سابقة + همزة مفتوحة,9,118,وَعَلَى ٱلثَّلَـٰثَةِ ٱلَّذِينَ خُلِّفُوا۟ حَتَّىٰٓ إِذَا ضَاقَتْ عَلَيْهِمُ ٱلْأَرْضُ بِمَا رَحُبَتْ وَضَاقَتْ عَلَيْهِمْ أَنفُسُهُمْ وَظَنُّوٓا۟ أَن لَّا مَلْجَأَ مِنَ ٱللَّهِ إِلَّآ إِلَيْهِ ثُمَّ تَابَ عَلَيْهِمْ لِيَتُوبُوٓا۟ ۚ إِنَّ ٱللَّهَ هُوَ ٱلتَّوَّابُ ٱلرَّحِيمُ,مَلْجَأَ,التوبة
الهمزة المفردة,المتحركة,متماثلة,فتحة سابقة + همزة مفتوحة,2,203,وَٱذْكُرُوا۟ ٱللَّهَ فِىٓ أَيَّامٍ مَّعْدُودَٰتٍ ۚ فَمَن تَعَجَّلَ فِى يَوْمَيْنِ فَلَآ إِثْمَ عَلَيْهِ وَمَن تَأَخَّرَ فَلَآ إِثْمَ عَلَيْهِ ۚ لِمَنِ ٱتَّقَىٰ ۗ وَٱتَّقُوا۟ ٱللَّهَ وَٱعْلَمُوٓا۟ أَنَّكُمْ إِلَيْهِ تُحْشَرُونَ,تَأَخَّرَ,البقرة
الهمزة المفردة,المتحركة,متماثلة,فتحة سابقة + همزة مفتوحة,4,92,وَمَا كَانَ لِمُؤْمِنٍ أَن يَقْتُلَ مُؤْمِنًا إِلَّا خَطَـًٔا ۚ وَمَن قَتَلَ مُؤْمِنًا خَطَـًٔا فَتَحْرِيرُ رَقَبَةٍ مُّؤْمِنَةٍ وَدِيَةٌ مُّسَلَّمَةٌ إِلَىٰٓ أَهْلِهِۦٓ إِلَّآ أَن يَصَّدَّقُوا۟ ۚ فَإِن كَانَ مِن قَوْمٍ عَدُوٍّ لَّكُمْ وَهُوَ مُؤْمِنٌ فَتَحْرِيرُ رَقَبَةٍ مُّؤْمِنَةٍ ۖ وَإِن كَانَ مِن قَوْمٍۭ بَيْنَكُمْ وَبَيْنَهُم مِّيثَـٰقٌ فَدِيَةٌ مُّسَلَّمَةٌ إِلَىٰٓ أَهْلِهِۦ وَتَحْرِيرُ رَقَبَةٍ مُّؤْمِنَةٍ ۖ فَمَن لَّمْ يَجِدْ فَصِيَامُ شَهْرَيْنِ مُتَتَابِعَيْنِ تَوْبَةً مِّنَ ٱللَّهِ ۗ وَكَانَ ٱللَّهُ عَلِيمًا حَكِيمًا,خَطَـًٔا,النساء
الهمزة المفردة,المتحركة,متماثلة,فتحة سابقة + همزة مفتوحة,4,92,وَمَا كَانَ لِمُؤْمِنٍ أَن يَقْتُلَ مُؤْمِنًا إِلَّا خَطَـًٔا ۚ وَمَن قَتَلَ مُؤْمِنًا خَطَـًٔا فَتَحْرِيرُ رَقَبَةٍ مُّؤْمِنَةٍ وَدِيَةٌ مُّسَلَّمَةٌ إِلَىٰٓ أَهْلِهِۦٓ إِلَّآ أَن يَصَّدَّقُوا۟ ۚ فَإِن كَانَ مِن قَوْمٍ عَدُوٍّ لَّكُمْ وَهُوَ مُؤْمِنٌ فَتَحْرِيرُ رَقَبَةٍ مُّؤْمِنَةٍ ۖ وَإِن كَانَ مِن قَوْمٍۭ بَيْنَكُمْ وَبَيْنَهُم مِّيثَـٰقٌ فَدِيَةٌ مُّسَلَّمَةٌ إِلَىٰٓ أَهْلِهِۦ وَتَحْرِيرُ رَقَبَةٍ مُّؤْمِنَةٍ ۖ فَمَن لَّمْ يَجِدْ فَصِيَامُ شَهْرَيْنِ مُتَتَابِعَيْنِ تَوْبَةً مِّنَ ٱللَّهِ ۗ وَكَانَ ٱللَّهُ عَلِيمًا حَكِيمًا,خَطَـًٔا,النساء
الهمزة المفردة,المتحركة,متماثلة,فتحة سابقة + همزة مفتوحة,12,31,فَلَمَّا سَمِعَتْ بِمَكْرِهِنَّ أَرْسَلَتْ إِلَيْهِنَّ وَأَعْتَدَتْ لَهُنَّ مُتَّكَـًٔا وَءَاتَتْ كُلَّ وَٰحِدَةٍ مِّنْهُنَّ سِكِّينًا وَقَالَتِ ٱخْرُجْ عَلَيْهِنَّ ۖ فَلَمَّا رَأَيْنَهُۥٓ أَكْبَرْنَهُۥ وَقَطَّعْنَ أَيْدِيَهُنَّ وَقُلْنَ حَـٰشَ لِلَّهِ مَا هَـٰذَا بَشَرًا إِنْ هَـٰذَآ إِلَّا مَلَكٌ كَرِيمٌ,مُتَّكَـًٔا,يوسف
الهمزة المفردة,المتحركة,متماثلة,فتحة سابقة + همزة مفتوحة,70,1,بِسْمِ ٱللَّهِ ٱلرَّحْمَـٰنِ ٱلرَّحِيمِ سَأَلَ سَآئِلٌۢ بِعَذَابٍ وَاقِعٍ,سَأَلَ,المعارج
الهمزة المفردة,المتحركة,متماثلة,كسرة سابقة + همزة مكسورة,2,62,إِنَّ ٱلَّذِينَ ءَامَنُوا۟ وَٱلَّذِينَ هَادُوا۟ وَٱلنَّصَـٰرَىٰ وَٱلصَّـٰبِـِٔينَ مَنْ ءَامَنَ بِٱللَّهِ وَٱلْيَوْمِ ٱلْءَاخِرِ وَعَمِلَ صَـٰلِحًا فَلَهُمْ أَجْرُهُمْ عِندَ رَبِّهِمْ وَلَا خَوْفٌ عَلَيْهِمْ وَلَا هُمْ يَحْزَنُونَ,ٱلصَّـٰبِـِٔينَ,البقرة
الهمزة المفردة,المتحركة,متماثلة,كسرة سابقة + همزة مكسورة,22,17,إِنَّ ٱلَّذِينَ ءَامَنُوا۟ وَٱلَّذِينَ هَادُوا۟ وَٱلصَّـٰبِـِٔينَ وَٱلنَّصَـٰرَىٰ وَٱلْمَجُوسَ وَٱلَّذِينَ أَشْرَكُوٓا۟ إِنَّ ٱللَّهَ يَفْصِلُ بَيْنَهُمْ يَوْمَ ٱلْقِيَـٰمَةِ ۚ إِنَّ ٱللَّهَ عَلَىٰ كُلِّ شَىْءٍ شَهِيدٌ,ٱلصَّـٰبِـِٔينَ,الحج
الهمزة المفردة,المتحركة,متماثلة,كسرة سابقة + همزة مكسورة,80,37,لِكُلِّ ٱمْرِئٍ مِّنْهُمْ يَوْمَئِذٍ شَأْنٌ يُغْنِيهِ,ٱمْرِئٍ,عبس
الهمزة المفردة,المتحركة,متماثلة,كسرة سابقة + همزة مكسورة,2,65,وَلَقَدْ عَلِمْتُمُ ٱلَّذِينَ ٱعْتَدَوْا۟ مِنكُمْ فِى ٱلسَّبْتِ فَقُلْنَا لَهُمْ كُونُوا۟ قِرَدَةً خَـٰسِـِٔينَ,خَـٰسِـِٔينَ,البقرة
الهمزة المفردة,المتحركة,متماثلة,كسرة سابقة + همزة مكسورة,7,166,فَلَمَّا عَتَوْا۟ عَن مَّا نُهُوا۟ عَنْهُ قُلْنَا لَهُمْ كُونُوا۟ قِرَدَةً خَـٰسِـِٔينَ,خَـٰسِـِٔينَ,الأعراف
الهمزة المفردة,المتحركة,متماثلة,كسرة سابقة + همزة مكسورة,2,54,وَإِذْ قَالَ مُوسَىٰ لِقَوْمِهِۦ يَـٰقَوْمِ إِنَّكُمْ ظَلَمْتُمْ أَنفُسَكُم بِٱتِّخَاذِكُمُ ٱلْعِجْلَ فَتُوبُوٓا۟ إِلَىٰ بَارِئِكُمْ فَٱقْتُلُوٓا۟ أَنفُسَكُمْ ذَٰلِكُمْ خَيْرٌ لَّكُمْ عِندَ بَارِئِكُمْ فَتَابَ عَلَيْكُمْ ۚ إِنَّهُۥ هُوَ ٱلتَّوَّابُ ٱلرَّحِيمُ,بَارِئِكُمْ,البقرة
الهمزة المفردة,المتحركة,متماثلة,كسرة سابقة + همزة مكسورة,2,54,وَإِذْ قَالَ مُوسَىٰ لِقَوْمِهِۦ يَـٰقَوْمِ إِنَّكُمْ ظَلَمْتُمْ أَنفُسَكُم بِٱتِّخَاذِكُمُ ٱلْعِجْلَ فَتُوبُوٓا۟ إِلَىٰ بَارِئِكُمْ فَٱقْتُلُوٓا۟ أَنفُسَكُمْ ذَٰلِكُمْ خَيْرٌ لَّكُمْ عِندَ بَارِئِكُمْ فَتَابَ عَلَيْكُمْ ۚ إِنَّهُۥ هُوَ ٱلتَّوَّابُ ٱلرَّحِيمُ,بَارِئِكُمْ,البقرة
الهمزة المفردة,المتحركة,مختلفة,ساكن + همزة مضمومة,3,91,إِنَّ ٱلَّذِينَ كَفَرُوا۟ وَمَاتُوا۟ وَهُمْ كُفَّارٌ فَلَن يُقْبَلَ مِنْ أَحَدِهِم مِّلْءُ ٱلْأَرْضِ ذَهَبًا وَلَوِ ٱفْتَدَىٰ بِهِۦٓ ۗ أُو۟لَـٰٓئِكَ لَهُمْ عَذَابٌ أَلِيمٌ وَمَا لَهُم مِّن نَّـٰصِرِينَ,مِّلْءُ,آل عمران
الهمزة المفردة,المتحركة,مختلفة,ساكن + همزة مضمومة,16,5,وَٱلْأَنْعَـٰمَ خَلَقَهَا ۗ لَكُمْ فِيهَا دِفْءٌ وَمَنَـٰفِعُ وَمِنْهَا تَأْكُلُونَ,دِفْءٌ,النحل
الهمزة المفردة,المتحركة,مختلفة,ساكن + همزة مضمومة,2,269,يُؤْتِى ٱلْحِكْمَةَ مَن يَشَآءُ ۚ وَمَن يُؤْتَ ٱلْحِكْمَةَ فَقَدْ أُوتِىَ خَيْرًا كَثِيرًا ۗ وَمَا يَذَّكَّرُ إِلَّآ أُو۟لُوا۟ ٱلْأَلْبَـٰبِ,فَقَدْ أُوتِىَ,البقرة
الهمزة المفردة,المتحركة,مختلفة,ساكن + همزة مضمومة,34,16,فَأَعْرَضُوا۟ فَأَرْسَلْنَا عَلَيْهِمْ سَيْلَ ٱلْعَرِمِ وَبَدَّلْنَـٰهُم بِجَنَّتَيْهِمْ جَنَّتَيْنِ ذَوَاتَىْ أُكُلٍ خَمْطٍ وَأَثْلٍ وَشَىْءٍ مِّن سِدْرٍ قَلِيلٍ,ذَوَاتَىْ أُكُلٍ,سبأ
الهمزة المفردة,المتحركة,مختلفة,ساكن + همزة مضمومة,81,8,وَإِذَا ٱلْمَوْءُۥدَةُ سُئِلَتْ,ٱلْمَوْءُۥدَةُ,التكوير
الهمزة المفردة,المتحركة,مختلفة,ساكن + همزة مضمومة,7,18,قَالَ ٱخْرُجْ مِنْهَا مَذْءُومًا مَّدْحُورًا ۖ لَّمَن تَبِعَكَ مِنْهُمْ لَأَمْلَأَنَّ جَهَنَّمَ مِنكُمْ أَجْمَعِينَ,مَذْءُومًا,الأعراف
الهمزة المفردة,المتحركة,مختلفة,ساكن + همزة مفتوحة,2,108,أَمْ تُرِيدُونَ أَن تَسْـَٔلُوا۟ رَسُولَكُمْ كَمَا سُئِلَ مُوسَىٰ مِن قَبْلُ ۗ وَمَن يَتَبَدَّلِ ٱلْكُفْرَ بِٱلْإِيمَـٰنِ فَقَدْ ضَلَّ سَوَآءَ ٱلسَّبِيلِ,تَسْـَٔلُوا۟,البقرة
الهمزة المفردة,المتحركة,مختلفة,ساكن + همزة مفتوحة,4,32,وَلَا تَتَمَنَّوْا۟ مَا فَضَّلَ ٱللَّهُ بِهِۦ بَعْضَكُمْ عَلَىٰ بَعْضٍ ۚ لِّلرِّجَالِ نَصِيبٌ مِّمَّا ٱكْتَسَبُوا۟ ۖ وَلِلنِّسَآءِ نَصِيبٌ مِّمَّا ٱكْتَسَبْنَ ۚ وَسْـَٔلُوا۟ ٱللَّهَ مِن فَضْلِهِۦٓ ۗ إِنَّ ٱللَّهَ كَانَ بِكُلِّ شَىْءٍ عَلِيمًا,وَسْـَٔلُوا۟,النساء
الهمزة المفردة,المتحركة,مختلفة,ساكن + همزة مفتوحة,5,101,يَـٰٓأَيُّهَا ٱلَّذِينَ ءَامَنُوا۟ لَا تَسْـَٔلُوا۟ عَنْ أَشْيَآءَ إِن تُبْدَ لَكُمْ تَسُؤْكُمْ وَإِن تَسْـَٔلُوا۟ عَنْهَا حِينَ يُنَزَّلُ ٱلْقُرْءَانُ تُبْدَ لَكُمْ عَفَا ٱللَّهُ عَنْهَا ۗ وَٱللَّهُ غَفُورٌ حَلِيمٌ,تَسْـَٔلُوا۟,المائدة
الهمزة المفردة,المتحركة,مختلفة,ساكن + همزة مفتوحة,5,101,يَـٰٓأَيُّهَا ٱلَّذِينَ ءَامَنُوا۟ لَا تَسْـَٔلُوا۟ عَنْ أَشْيَآءَ إِن تُبْدَ لَكُمْ تَسُؤْكُمْ وَإِن تَسْـَٔلُوا۟ عَنْهَا حِينَ يُنَزَّلُ ٱلْقُرْءَانُ تُبْدَ لَكُمْ عَفَا ٱللَّهُ عَنْهَا ۗ وَٱللَّهُ غَفُورٌ حَلِيمٌ,تَسْـَٔلُوا۟,المائدة
الهمزة المفردة,المتحركة,مختلفة,ساكن + همزة مفتوحة,10,94,فَإِن كُنتَ فِى شَكٍّ مِّمَّآ أَنزَلْنَآ إِلَيْكَ فَسْـَٔلِ ٱلَّذِينَ يَقْرَءُونَ ٱلْكِتَـٰبَ مِن قَبْلِكَ ۚ لَقَدْ جَآءَكَ ٱلْحَقُّ مِن رَّبِّكَ فَلَا تَكُونَنَّ مِنَ ٱلْمُمْتَرِينَ,فَسْـَٔلِ,يونس
الهمزة المفردة,المتحركة,مختلفة,ساكن + همزة مفتوحة,12,80,فَلَمَّا ٱسْتَيْـَٔسُوا۟ مِنْهُ خَلَصُوا۟ نَجِيًّا ۖ قَالَ كَبِيرُهُمْ أَلَمْ تَعْلَمُوٓا۟ أَنَّ أَبَاكُمْ قَدْ أَخَذَ عَلَيْكُم مَّوْثِقًا مِّنَ ٱللَّهِ وَمِن قَبْلُ مَا فَرَّطتُمْ فِى يُوسُفَ ۖ فَلَنْ أَبْرَحَ ٱلْأَرْضَ حَتَّىٰ يَأْذَنَ لِىٓ أَبِىٓ أَوْ يَحْكُمَ ٱللَّهُ لِى ۖ وَهُوَ خَيْرُ ٱلْحَـٰكِمِينَ,ٱسْتَيْـَٔسُوا۟,يوسف
الهمزة المفردة,المتحركة,مختلفة,ساكن + همزة مفتوحة,12,87,يَـٰبَنِىَّ ٱذْهَبُوا۟ فَتَحَسَّسُوا۟ مِن يُوسُفَ وَأَخِيهِ وَلَا تَا۟يْـَٔسُوا۟ مِن رَّوْحِ ٱللَّهِ ۖ إِنَّهُۥ لَا يَا۟يْـَٔسُ مِن رَّوْحِ ٱللَّهِ إِلَّا ٱلْقَوْمُ ٱلْكَـٰفِرُونَ,تَا۟يْـَٔسُوا۟,يوسف
الهمزة المفردة,المتحركة,مختلفة,ساكن + همزة مفتوحة,12,87,يَـٰبَنِىَّ ٱذْهَبُوا۟ فَتَحَسَّسُوا۟ مِن يُوسُفَ وَأَخِيهِ وَلَا تَا۟يْـَٔسُوا۟ مِن رَّوْحِ ٱللَّهِ ۖ إِنَّهُۥ لَا يَا۟يْـَٔسُ مِن رَّوْحِ ٱللَّهِ إِلَّا ٱلْقَوْمُ ٱلْكَـٰفِرُونَ,يَا۟يْـَٔسُ,يوسف
الهمزة المفردة,المتحركة,مختلفة,ساكن + همزة مفتوحة,12,110,حَتَّىٰٓ إِذَا ٱسْتَيْـَٔسَ ٱلرُّسُلُ وَظَنُّوٓا۟ أَنَّهُمْ قَدْ كُذِبُوا۟ جَآءَهُمْ نَصْرُنَا فَنُجِّىَ مَن نَّشَآءُ ۖ وَلَا يُرَدُّ بَأْسُنَا عَنِ ٱلْقَوْمِ ٱلْمُجْرِمِينَ,ٱسْتَيْـَٔسَ,يوسف
الهمزة المفردة,المتحركة,مختلفة,ساكن + همزة مفتوحة,13,31,وَلَوْ أَنَّ قُرْءَانًا سُيِّرَتْ بِهِ ٱلْجِبَالُ أَوْ قُطِّعَتْ بِهِ ٱلْأَرْضُ أَوْ كُلِّمَ بِهِ ٱلْمَوْتَىٰ ۗ بَل لِّلَّهِ ٱلْأَمْرُ جَمِيعًا ۗ أَفَلَمْ يَا۟يْـَٔسِ ٱلَّذِينَ ءَامَنُوٓا۟ أَن لَّوْ يَشَآءُ ٱللَّهُ لَهَدَى ٱلنَّاسَ جَمِيعًا ۗ وَلَا يَزَالُ ٱلَّذِينَ كَفَرُوا۟ تُصِيبُهُم بِمَا صَنَعُوا۟ قَارِعَةٌ أَوْ تَحُلُّ قَرِيبًا مِّن دَارِهِمْ حَتَّىٰ يَأْتِىَ وَعْدُ ٱللَّهِ ۚ إِنَّ ٱللَّهَ لَا يُخْلِفُ ٱلْمِيعَادَ,يَا۟يْـَٔسِ,الرعد
الهمزة المفردة,المتحركة,مختلفة,ساكن + همزة مفتوحة,16,43,وَمَآ أَرْسَلْنَا مِن قَبْلِكَ إِلَّا رِجَالًا نُّوحِىٓ إِلَيْهِمْ ۚ فَسْـَٔلُوٓا۟ أَهْلَ ٱلذِّكْرِ إِن كُنتُمْ لَا تَعْلَمُونَ,فَسْـَٔلُوٓا۟,النحل
الهمزة المفردة,المتحركة,مختلفة,ساكن + همزة مفتوحة,21,7,وَمَآ أَرْسَلْنَا قَبْلَكَ إِلَّا رِجَالًا نُّوحِىٓ إِلَيْهِمْ ۖ فَسْـَٔلُوٓا۟ أَهْلَ ٱلذِّكْرِ إِن كُنتُمْ لَا تَعْلَمُونَ,فَسْـَٔلُوٓا۟,الأنبياء
الهمزة المفردة,المتحركة,مختلفة,ساكن + همزة مفتوحة,21,63,قَالَ بَلْ فَعَلَهُۥ كَبِيرُهُمْ هَـٰذَا فَسْـَٔلُوهُمْ إِن كَانُوا۟ يَنطِقُونَ,فَسْـَٔلُوهُمْ,الأنبياء
الهمزة المفردة,المتحركة,مختلفة,ساكن + همزة مفتوحة,60,10,يَـٰٓأَيُّهَا ٱلَّذِينَ ءَامَنُوٓا۟ إِذَا جَآءَكُمُ ٱلْمُؤْمِنَـٰتُ مُهَـٰجِرَٰتٍ فَٱمْتَحِنُوهُنَّ ۖ ٱللَّهُ أَعْلَمُ بِإِيمَـٰنِهِنَّ ۖ فَإِنْ عَلِمْتُمُوهُنَّ مُؤْمِنَـٰتٍ فَلَا تَرْجِعُوهُنَّ إِلَى ٱلْكُفَّارِ ۖ لَا هُنَّ حِلٌّ لَّهُمْ وَلَا هُمْ يَحِلُّونَ لَهُنَّ ۖ وَءَاتُوهُم مَّآ أَنفَقُوا۟ ۚ وَلَا جُنَاحَ عَلَيْكُمْ أَن تَنكِحُوهُنَّ إِذَآ ءَاتَيْتُمُوهُنَّ أُجُورَهُنَّ ۚ وَلَا تُمْسِكُوا۟ بِعِصَمِ ٱلْكَوَافِرِ وَسْـَٔلُوا۟ مَآ أَنفَقْتُمْ وَلْيَسْـَٔلُوا۟ مَآ أَنفَقُوا۟ ۚ ذَٰلِكُمْ حُكْمُ ٱللَّهِ ۖ يَحْكُمُ بَيْنَكُمْ ۚ وَٱللَّهُ عَلِيمٌ حَكِيمٌ,وَلْيَسْـَٔلُوا۟,الممتحنة
الهمزة المفردة,المتحركة,مختلفة,ساكن + همزة مفتوحة,75,17,إِنَّ عَلَيْنَا جَمْعَهُۥ وَقُرْءَانَهُۥ,قُرْءَانَهُۥ,القيامة
الهمزة المفردة,المتحركة,مختلفة,ساكن + همزة مفتوحة,2,260,وَإِذْ قَالَ إِبْرَٰهِـۧمُ رَبِّ أَرِنِى كَيْفَ تُحْىِ ٱلْمَوْتَىٰ ۖ قَالَ أَوَلَمْ تُؤْمِن ۖ قَالَ بَلَىٰ وَلَـٰكِن لِّيَطْمَئِنَّ قَلْبِى ۖ قَالَ فَخُذْ أَرْبَعَةً مِّنَ ٱلطَّيْرِ فَصُرْهُنَّ إِلَيْكَ ثُمَّ ٱجْعَلْ عَلَىٰ كُلِّ جَبَلٍ مِّنْهُنَّ جُزْءًا ثُمَّ ٱدْعُهُنَّ يَأْتِينَكَ سَعْيًا ۚ وَٱعْلَمْ أَنَّ ٱللَّهَ عَزِيزٌ حَكِيمٌ,جُزْءًا,البقرة
الهمزة المفردة,المتحركة,مختلفة,ساكن + همزة مفتوحة,27,25,أَلَّا يَسْجُدُوا۟ لِلَّهِ ٱلَّذِى يُخْرِجُ ٱلْخَبْءَ فِى ٱلسَّمَـٰوَٰتِ وَٱلْأَرْضِ وَيَعْلَمُ مَا تُخْفُونَ وَمَا تُعْلِنُونَ,ٱلْخَبْءَ,النمل
الهمزة المفردة,المتحركة,مختلفة,ساكن + همزة مفتوحة,43,15,وَجَعَلُوا۟ لَهُۥ مِنْ عِبَادِهِۦ جُزْءًا ۚ إِنَّ ٱلْإِنسَـٰنَ لَكَفُورٌ مُّبِينٌ,جُزْءًا,الزخرف
الهمزة المفردة,المتحركة,مختلفة,ساكن + همزة مفتوحة,28,34,وَأَخِى هَـٰرُونُ هُوَ أَفْصَحُ مِنِّى لِسَانًا فَأَرْسِلْهُ مَعِىَ رِدْءًا يُصَدِّقُنِىٓ ۖ إِنِّىٓ أَخَافُ أَن يُكَذِّبُونِ,رِدْءًا,القصص
الهمزة المفردة,المتحركة,مختلفة,ساكن + همزة مفتوحة,48,29,مُّحَمَّدٌ رَّسُولُ ٱللَّهِ ۚ وَٱلَّذِينَ مَعَهُۥٓ أَشِدَّآءُ عَلَى ٱلْكُفَّارِ رُحَمَآءُ بَيْنَهُمْ ۖ تَرَىٰهُمْ رُكَّعًا سُجَّدًا يَبْتَغُونَ فَضْلًا مِّنَ ٱللَّهِ وَرِضْوَٰنًا ۖ سِيمَاهُمْ فِى وُجُوهِهِم مِّنْ أَثَرِ ٱلسُّجُودِ ۚ ذَٰلِكَ مَثَلُهُمْ فِى ٱلتَّوْرَىٰةِ ۚ وَمَثَلُهُمْ فِى ٱلْإِنجِيلِ كَزَرْعٍ أَخْرَجَ شَطْـَٔهُۥ فَـَٔازَرَهُۥ فَٱسْتَغْلَظَ فَٱسْتَوَىٰ عَلَىٰ سُوقِهِۦ يُعْجِبُ ٱلزُّرَّاعَ لِيَغِيظَ بِهِمُ ٱلْكُفَّارَ ۗ وَعَدَ ٱللَّهُ ٱلَّذِينَ ءَامَنُوا۟ وَعَمِلُوا۟ ٱلصَّـٰلِحَـٰتِ مِنْهُم مَّغْفِرَةً وَأَجْرًا عَظِيمًۢا,شَطْـَٔهُۥ,الفتح
الهمزة المفردة,المتحركة,مختلفة,ساكن + همزة مفتوحة,5,32,مِنْ أَجْلِ ذَٰلِكَ كَتَبْنَا عَلَىٰ بَنِىٓ إِسْرَٰٓءِيلَ أَنَّهُۥ مَن قَتَلَ نَفْسًۢا بِغَيْرِ نَفْسٍ أَوْ فَسَادٍ فِى ٱلْأَرْضِ فَكَأَنَّمَا قَتَلَ ٱلنَّاسَ جَمِيعًا وَمَنْ أَحْيَاهَا فَكَأَنَّمَآ أَحْيَا ٱلنَّاسَ جَمِيعًا ۚ وَلَقَدْ جَآءَتْهُمْ رُسُلُنَا بِٱلْبَيِّنَـٰتِ ثُمَّ إِنَّ كَثِيرًا مِّنْهُم بَعْدَ ذَٰلِكَ فِى ٱلْأَرْضِ لَمُسْرِفُونَ,مِنْ أَجْلِ,المائدة
الهمزة المفردة,المتحركة,مختلفة,ساكن + همزة مفتوحة,23,1,بِسْمِ ٱللَّهِ ٱلرَّحْمَـٰنِ ٱلرَّحِيمِ قَدْ أَفْلَحَ ٱلْمُؤْمِنُونَ,قَدْ أَفْلَحَ,المؤمنون
الهمزة المفردة,المتحركة,مختلفة,ساكن + همزة مفتوحة,16,53,وَمَا بِكُم مِّن نِّعْمَةٍ فَمِنَ ٱللَّهِ ۖ ثُمَّ إِذَا مَسَّكُمُ ٱلضُّرُّ فَإِلَيْهِ تَجْـَٔرُونَ,تَجْـَٔرُونَ,النحل
الهمزة المفردة,المتحركة,مختلفة,ساكن + همزة مفتوحة,17,31,وَلَا تَقْتُلُوٓا۟ أَوْلَـٰدَكُمْ خَشْيَةَ إِمْلَـٰقٍ ۖ نَّحْنُ نَرْزُقُهُمْ وَإِيَّاكُمْ ۚ إِنَّ قَتْلَهُمْ كَانَ خِطْـًٔا كَبِيرًا,خِطْـًٔا,الإسراء
الهمزة المفردة,المتحركة,مختلفة,ساكن + همزة مفتوحة,21,23,لَا يُسْـَٔلُ عَمَّا يَفْعَلُ وَهُمْ يُسْـَٔلُونَ,يُسْـَٔلُونَ,الأنبياء
الهمزة المفردة,المتحركة,مختلفة,ساكن + همزة مفتوحة,43,19,وَجَعَلُوا۟ ٱلْمَلَـٰٓئِكَةَ ٱلَّذِينَ هُمْ عِبَـٰدُ ٱلرَّحْمَـٰنِ إِنَـٰثًا ۚ أَشَهِدُوا۟ خَلْقَهُمْ ۚ سَتُكْتَبُ شَهَـٰدَتُهُمْ وَيُسْـَٔلُونَ,يَسْـَٔلُونَ,الزخرف
الهمزة المفردة,المتحركة,مختلفة,ساكن + همزة مفتوحة,56,9,وَأَصْحَـٰبُ ٱلْمَشْـَٔمَةِ مَآ أَصْحَـٰبُ ٱلْمَشْـَٔمَةِ,ٱلْمَشْـَٔمَةِ,الواقعة
الهمزة المفردة,المتحركة,مختلفة,ساكن + همزة مفتوحة,56,9,وَأَصْحَـٰبُ ٱلْمَشْـَٔمَةِ مَآ أَصْحَـٰبُ ٱلْمَشْـَٔمَةِ,ٱلْمَشْـَٔمَةِ,الواقعة
الهمزة المفردة,المتحركة,مختلفة,ساكن + همزة مفتوحة,90,19,وَٱلَّذِينَ كَفَرُوا۟ بِـَٔايَـٰتِنَا هُمْ أَصْحَـٰبُ ٱلْمَشْـَٔمَةِ,ٱلْمَشْـَٔمَةِ,البلد
الهمزة المفردة,المتحركة,مختلفة,ساكن + همزة مفتوحة,5,31,فَبَعَثَ ٱللَّهُ غُرَابًا يَبْحَثُ فِى ٱلْأَرْضِ لِيُرِيَهُۥ كَيْفَ يُوَٰرِى سَوْءَةَ أَخِيهِ ۚ قَالَ يَـٰوَيْلَتَىٰٓ أَعَجَزْتُ أَنْ أَكُونَ مِثْلَ هَـٰذَا ٱلْغُرَابِ فَأُوَٰرِىَ سَوْءَةَ أَخِى ۖ فَأَصْبَحَ مِنَ ٱلنَّـٰدِمِينَ,سَوْءَةَ,المائدة
الهمزة المفردة,المتحركة,مختلفة,ساكن + همزة مفتوحة,5,31,فَبَعَثَ ٱللَّهُ غُرَابًا يَبْحَثُ فِى ٱلْأَرْضِ لِيُرِيَهُۥ كَيْفَ يُوَٰرِى سَوْءَةَ أَخِيهِ ۚ قَالَ يَـٰوَيْلَتَىٰٓ أَعَجَزْتُ أَنْ أَكُونَ مِثْلَ هَـٰذَا ٱلْغُرَابِ فَأُوَٰرِىَ سَوْءَةَ أَخِى ۖ فَأَصْبَحَ مِنَ ٱلنَّـٰدِمِينَ,سَوْءَةَ,المائدة
الهمزة المفردة,المتحركة,مختلفة,ساكن + همزة مفتوحة,3,49,وَرَسُولًا إِلَىٰ بَنِىٓ إِسْرَٰٓءِيلَ أَنِّى قَدْ جِئْتُكُم بِـَٔايَةٍ مِّن رَّبِّكُمْ ۖ أَنِّىٓ أَخْلُقُ لَكُم مِّنَ ٱلطِّينِ كَهَيْـَٔةِ ٱلطَّيْرِ فَأَنفُخُ فِيهِ فَيَكُونُ طَيْرًۢا بِإِذْنِ ٱللَّهِ ۖ وَأُبْرِئُ ٱلْأَكْمَهَ وَٱلْأَبْرَصَ وَأُحْىِ ٱلْمَوْتَىٰ بِإِذْنِ ٱللَّهِ ۖ وَأُنَبِّئُكُم بِمَا تَأْكُلُونَ وَمَا تَدَّخِرُونَ فِى بُيُوتِكُمْ ۚ إِنَّ فِى ذَٰلِكَ لَـَٔايَةً لَّكُمْ إِن كُنتُم مُّؤْمِنِينَ,كَهَيْـَٔةِ,آل عمران
الهمزة المفردة,المتحركة,مختلفة,ساكن + همزة مفتوحة,5,110,إِذْ قَالَ ٱللَّهُ يَـٰعِيسَى ٱبْنَ مَرْيَمَ ٱذْكُرْ نِعْمَتِى عَلَيْكَ وَعَلَىٰ وَٰلِدَتِكَ إِذْ أَيَّدتُّكَ بِرُوحِ ٱلْقُدُسِ تُكَلِّمُ ٱلنَّاسَ فِى ٱلْمَهْدِ وَكَهْلًا ۖ وَإِذْ عَلَّمْتُكَ ٱلْكِتَـٰبَ وَٱلْحِكْمَةَ وَٱلتَّوْرَىٰةَ وَٱلْإِنجِيلَ ۖ وَإِذْ تَخْلُقُ مِنَ ٱلطِّينِ كَهَيْـَٔةِ ٱلطَّيْرِ بِإِذْنِى فَتَنفُخُ فِيهَا فَتَكُونُ طَيْرًۢا بِإِذْنِى ۖ وَتُبْرِئُ ٱلْأَكْمَهَ وَٱلْأَبْرَصَ بِإِذْنِى ۖ وَإِذْ تُخْرِجُ ٱلْمَوْتَىٰ بِإِذْنِى ۖ وَإِذْ كَفَفْتُ بَنِىٓ إِسْرَٰٓءِيلَ عَنكَ إِذْ جِئْتَهُم بِٱلْبَيِّنَـٰتِ فَقَالَ ٱلَّذِينَ كَفَرُوا۟ مِنْهُمْ إِنْ هَـٰذَآ إِلَّا سِحْرٌ مُّبِينٌ,كَهَيْـَٔةِ,المائدة
الهمزة المفردة,المتحركة,مختلفة,ساكن + همزة مفتوحة,5,110,إِذْ قَالَ ٱللَّهُ يَـٰعِيسَى ٱبْنَ مَرْيَمَ ٱذْكُرْ نِعْمَتِى عَلَيْكَ وَعَلَىٰ وَٰلِدَتِكَ إِذْ أَيَّدتُّكَ بِرُوحِ ٱلْقُدُسِ تُكَلِّمُ ٱلنَّاسَ فِى ٱلْمَهْدِ وَكَهْلًا ۖ وَإِذْ عَلَّمْتُكَ ٱلْكِتَـٰبَ وَٱلْحِكْمَةَ وَٱلتَّوْرَىٰةَ وَٱلْإِنجِيلَ ۖ وَإِذْ تَخْلُقُ مِنَ ٱلطِّينِ كَهَيْـَٔةِ ٱلطَّيْرِ بِإِذْنِى فَتَنفُخُ فِيهَا فَتَكُونُ طَيْرًۢا بِإِذْنِى ۖ وَتُبْرِئُ ٱلْأَكْمَهَ وَٱلْأَبْرَصَ بِإِذْنِى ۖ وَإِذْ تُخْرِجُ ٱلْمَوْتَىٰ بِإِذْنِى ۖ وَإِذْ كَفَفْتُ بَنِىٓ إِسْرَٰٓءِيلَ عَنكَ إِذْ جِئْتَهُم بِٱلْبَيِّنَـٰتِ فَقَالَ ٱلَّذِينَ كَفَرُوا۟ مِنْهُمْ إِنْ هَـٰذَآ إِلَّا سِحْرٌ مُّبِينٌ,كَهَيْـَٔةِ ٱلطَّيْرِ,المائدة
الهمزة المفردة,المتحركة,مختلفة,ساكن + همزة مكسورة,6,151,قُلْ تَعَالَوْا۟ أَتْلُ مَا حَرَّمَ رَبُّكُمْ عَلَيْكُمْ ۖ أَلَّا تُشْرِكُوا۟ بِهِۦ شَيْـًٔا ۖ وَبِٱلْوَٰلِدَيْنِ إِحْسَـٰنًا ۖ وَلَا تَقْتُلُوٓا۟ أَوْلَـٰدَكُم مِّنْ إِمْلَـٰقٍ ۖ نَّحْنُ نَرْزُقُكُمْ وَإِيَّاهُمْ ۖ وَلَا تَقْرَبُوا۟ ٱلْفَوَٰحِشَ مَا ظَهَرَ مِنْهَا وَمَا بَطَنَ ۖ وَلَا تَقْتُلُوا۟ ٱلنَّفْسَ ٱلَّتِى حَرَّمَ ٱللَّهُ إِلَّا بِٱلْحَقِّ ۚ ذَٰلِكُمْ وَصَّىٰكُم بِهِۦ لَعَلَّكُمْ تَعْقِلُونَ,مِنْ إِمْلَـٰقٍ,الأنعام
الهمزة المفردة,المتحركة,مختلفة,ساكن + همزة مكسورة,18,58,وَرَبُّكَ ٱلْغَفُورُ ذُو ٱلرَّحْمَةِ ۖ لَوْ يُؤَاخِذُهُم بِمَا كَسَبُوا۟ لَعَجَّلَ لَهُمُ ٱلْعَذَابَ ۚ بَل لَّهُم مَّوْعِدٌ لَّن يَجِدُوا۟ مِن دُونِهِۦ مَوْئِلًا,مَوْئِلًا,الكهف
الهمزة المفردة,المتحركة,مختلفة,ضمة سابقة + همزة مفتوحة,3,145,وَمَا كَانَ لِنَفْسٍ أَن تَمُوتَ إِلَّا بِإِذْنِ ٱللَّهِ كِتَـٰبًا مُّؤَجَّلًا ۗ وَمَن يُرِدْ ثَوَابَ ٱلدُّنْيَا نُؤْتِهِۦ مِنْهَا وَمَن يُرِدْ ثَوَابَ ٱلْءَاخِرَةِ نُؤْتِهِۦ مِنْهَا ۚ وَسَنَجْزِى ٱلشَّـٰكِرِينَ,مُّؤَجَّلًا,آل عمران
الهمزة المفردة,المتحركة,مختلفة,ضمة سابقة + همزة مفتوحة,9,60,إِنَّمَا ٱلصَّدَقَـٰتُ لِلْفُقَرَآءِ وَٱلْمَسَـٰكِينِ وَٱلْعَـٰمِلِينَ عَلَيْهَا وَٱلْمُؤَلَّفَةِ قُلُوبُهُمْ وَفِى ٱلرِّقَابِ وَٱلْغَـٰرِمِينَ وَفِى سَبِيلِ ٱللَّهِ وَٱبْنِ ٱلسَّبِيلِ ۖ فَرِيضَةً مِّنَ ٱللَّهِ ۗ وَٱللَّهُ عَلِيمٌ حَكِيمٌ,ٱلْمُؤَلَّفَةِ,التوبة
الهمزة المفردة,المتحركة,مختلفة,ضمة سابقة + همزة مفتوحة,16,61,وَلَوْ يُؤَاخِذُ ٱللَّهُ ٱلنَّاسَ بِظُلْمِهِم مَّا تَرَكَ عَلَيْهَا مِن دَآبَّةٍ وَلَـٰكِن يُؤَخِّرُهُمْ إِلَىٰٓ أَجَلٍ مُّسَمًّى ۖ فَإِذَا جَآءَ أَجَلُهُمْ لَا يَسْتَـْٔخِرُونَ سَاعَةً ۖ وَلَا يَسْتَقْدِمُونَ,يُؤَاخِذُ,النحل
الهمزة المفردة,المتحركة,مختلفة,ضمة سابقة + همزة مفتوحة,35,45,وَلَوْ يُؤَاخِذُ ٱللَّهُ ٱلنَّاسَ بِمَا كَسَبُوا۟ مَا تَرَكَ عَلَىٰ ظَهْرِهَا مِن دَآبَّةٍ وَلَـٰكِن يُؤَخِّرُهُمْ إِلَىٰٓ أَجَلٍ مُّسَمًّى ۖ فَإِذَا جَآءَ أَجَلُهُمْ فَإِنَّ ٱللَّهَ كَانَ بِعِبَادِهِۦ بَصِيرًۢا,يُؤَاخِذُ,فاطر
الهمزة المفردة,المتحركة,مختلفة,ضمة سابقة + همزة مفتوحة,63,11,وَلَن يُؤَخِّرَ ٱللَّهُ نَفْسًا إِذَا جَآءَ أَجَلُهَا ۚ وَٱللَّهُ خَبِيرٌۢ بِمَا تَعْمَلُونَ,يُؤَخِّرَ,المنافقون
الهمزة المفردة,المتحركة,مختلفة,ضمة سابقة + همزة مفتوحة,3,75,وَمِنْ أَهْلِ ٱلْكِتَـٰبِ مَنْ إِن تَأْمَنْهُ بِقِنطَارٍ يُؤَدِّهِۦٓ إِلَيْكَ وَمِنْهُم مَّنْ إِن تَأْمَنْهُ بِدِينَارٍ لَّا يُؤَدِّهِۦٓ إِلَيْكَ إِلَّا مَا دُمْتَ عَلَيْهِ قَآئِمًا ۗ ذَٰلِكَ بِأَنَّهُمْ قَالُوا۟ لَيْسَ عَلَيْنَا فِى ٱلْأُمِّيِّـۧنَ سَبِيلٌ وَيَقُولُونَ عَلَى ٱللَّهِ ٱلْكَذِبَ وَهُمْ يَعْلَمُونَ,يُؤَدِّهِۦٓ,آل عمران
الهمزة المفردة,المتحركة,مختلفة,ضمة سابقة + همزة مفتوحة,24,43,أَلَمْ تَرَ أَنَّ ٱللَّهَ يُزْجِى سَحَابًا ثُمَّ يُؤَلِّفُ بَيْنَهُۥ ثُمَّ يَجْعَلُهُۥ رُكَامًا فَتَرَى ٱلْوَدْقَ يَخْرُجُ مِنْ خِلَـٰلِهِۦ وَيُنَزِّلُ مِنَ ٱلسَّمَآءِ مِن جِبَالٍ فِيهَا مِنۢ بَرَدٍ فَيُصِيبُ بِهِۦ مَن يَشَآءُ وَيَصْرِفُهُۥ عَن مَّن يَشَآءُ ۖ يَكَادُ سَنَا بَرْقِهِۦ يَذْهَبُ بِٱلْأَبْصَـٰرِ,يُؤَلِّفُ,النور
الهمزة المفردة,المتحركة,مختلفة,ضمة سابقة + همزة مفتوحة,7,44,وَنَادَىٰٓ أَصْحَـٰبُ ٱلْجَنَّةِ أَصْحَـٰبَ ٱلنَّارِ أَن قَدْ وَجَدْنَا مَا وَعَدَنَا رَبُّنَا حَقًّا فَهَلْ وَجَدتُّم مَّا وَعَدَ رَبُّكُمْ حَقًّا ۖ قَالُوا۟ نَعَمْ ۚ فَأَذَّنَ مُؤَذِّنٌۢ بَيْنَهُمْ أَن لَّعْنَةُ ٱللَّهِ عَلَى ٱلظَّـٰلِمِينَ,مُؤَذِّنٌۢ,الأعراف
الهمزة المفردة,المتحركة,مختلفة,ضمة سابقة + همزة مفتوحة,12,70,فَلَمَّا جَهَّزَهُم بِجَهَازِهِمْ جَعَلَ ٱلسِّقَايَةَ فِى رَحْلِ أَخِيهِ ثُمَّ أَذَّنَ مُؤَذِّنٌ أَيَّتُهَا ٱلْعِيرُ إِنَّكُمْ لَسَـٰرِقُونَ,مُؤَذِّنٌ,يوسف
الهمزة المفردة,المتحركة,مختلفة,ضمة سابقة + همزة مفتوحة,3,13,قَدْ كَانَ لَكُمْ ءَايَةٌ فِى فِئَتَيْنِ ٱلْتَقَتَا ۖ فِئَةٌ تُقَـٰتِلُ فِى سَبِيلِ ٱللَّهِ وَأُخْرَىٰ كَافِرَةٌ يَرَوْنَهُم مِّثْلَيْهِمْ رَأْىَ ٱلْعَيْنِ ۚ وَٱللَّهُ يُؤَيِّدُ بِنَصْرِهِۦ مَن يَشَآءُ ۗ إِنَّ فِى ذَٰلِكَ لَعِبْرَةً لِّأُو۟لِى ٱلْأَبْصَـٰرِ,يُؤَيِّدُ,آل عمران
الهمزة المفردة,المتحركة,مختلفة,ضمة سابقة + همزة مفتوحة,3,75,وَمِنْ أَهْلِ ٱلْكِتَـٰبِ مَنْ إِن تَأْمَنْهُ بِقِنطَارٍ يُؤَدِّهِۦٓ إِلَيْكَ وَمِنْهُم مَّنْ إِن تَأْمَنْهُ بِدِينَارٍ لَّا يُؤَدِّهِۦٓ إِلَيْكَ إِلَّا مَا دُمْتَ عَلَيْهِ قَآئِمًا ۗ ذَٰلِكَ بِأَنَّهُمْ قَالُوا۟ لَيْسَ عَلَيْنَا فِى ٱلْأُمِّيِّـۧنَ سَبِيلٌ وَيَقُولُونَ عَلَى ٱللَّهِ ٱلْكَذِبَ وَهُمْ يَعْلَمُونَ,يُؤَدِّهِۦٓ,آل عمران
الهمزة المفردة,المتحركة,مختلفة,ضمة سابقة + همزة مفتوحة,11,104,وَمَا نُؤَخِّرُهُۥٓ إِلَّا لِأَجَلٍ مَّعْدُودٍ,نُؤَخِّرُهُۥ,هود
الهمزة المفردة,المتحركة,مختلفة,ضمة سابقة + همزة مكسورة,33,14,وَلَوْ دُخِلَتْ عَلَيْهِم مِّنْ أَقْطَارِهَا ثُمَّ سُئِلُوا۟ ٱلْفِتْنَةَ لَـَٔاتَوْهَا وَمَا تَلَبَّثُوا۟ بِهَآ إِلَّا يَسِيرًا,سُئِلُوا۟,الأحزاب
الهمزة المفردة,المتحركة,مختلفة,ضمة سابقة + همزة مكسورة,2,108,أَمْ تُرِيدُونَ أَن تَسْـَٔلُوا۟ رَسُولَكُمْ كَمَا سُئِلَ مُوسَىٰ مِن قَبْلُ ۗ وَمَن يَتَبَدَّلِ ٱلْكُفْرَ بِٱلْإِيمَـٰنِ فَقَدْ ضَلَّ سَوَآءَ ٱلسَّبِيلِ,سُئِلَ,البقرة
الهمزة المفردة,المتحركة,مختلفة,فتحة سابقة + همزة مضمومة,10,4,إِلَيْهِ مَرْجِعُكُمْ جَمِيعًا ۖ وَعْدَ ٱللَّهِ حَقًّا ۚ إِنَّهُۥ يَبْدَؤُا۟ ٱلْخَلْقَ ثُمَّ يُعِيدُهُۥ لِيَجْزِىَ ٱلَّذِينَ ءَامَنُوا۟ وَعَمِلُوا۟ ٱلصَّـٰلِحَـٰتِ بِٱلْقِسْطِ ۚ وَٱلَّذِينَ كَفَرُوا۟ لَهُمْ شَرَابٌ مِّنْ حَمِيمٍ وَعَذَابٌ أَلِيمٌۢ بِمَا كَانُوا۟ يَكْفُرُونَ,يَبْدَؤُا۟,يونس
الهمزة المفردة,المتحركة,مختلفة,فتحة سابقة + همزة مضمومة,12,56,وَكَذَٰلِكَ مَكَّنَّا لِيُوسُفَ فِى ٱلْأَرْضِ يَتَبَوَّأُ مِنْهَا حَيْثُ يَشَآءُ ۚ نُصِيبُ بِرَحْمَتِنَا مَن نَّشَآءُ ۖ وَلَا نُضِيعُ أَجْرَ ٱلْمُحْسِنِينَ,يَتَبَوَّأُ,يوسف
الهمزة المفردة,المتحركة,مختلفة,فتحة سابقة + همزة مضمومة,12,85,قَالُوا۟ تَٱللَّهِ تَفْتَؤُا۟ تَذْكُرُ يُوسُفَ حَتَّىٰ تَكُونَ حَرَضًا أَوْ تَكُونَ مِنَ ٱلْهَـٰلِكِينَ,تَفْتَؤُا۟,يوسف
الهمزة المفردة,المتحركة,مختلفة,فتحة سابقة + همزة مضمومة,16,48,أَوَلَمْ يَرَوْا۟ إِلَىٰ مَا خَلَقَ ٱللَّهُ مِن شَىْءٍ يَتَفَيَّؤُا۟ ظِلَـٰلُهُۥ عَنِ ٱلْيَمِينِ وَٱلشَّمَآئِلِ سُجَّدًا لِّلَّهِ وَهُمْ دَٰخِرُونَ,يَتَفَيَّؤُا۟,النحل
الهمزة المفردة,المتحركة,مختلفة,فتحة سابقة + همزة مضمومة,23,24,فَقَالَ ٱلْمَلَؤُا۟ ٱلَّذِينَ كَفَرُوا۟ مِن قَوْمِهِۦ مَا هَـٰذَآ إِلَّا بَشَرٌ مِّثْلُكُمْ يُرِيدُ أَن يَتَفَضَّلَ عَلَيْكُمْ وَلَوْ شَآءَ ٱللَّهُ لَأَنزَلَ مَلَـٰٓئِكَةً مَّا سَمِعْنَا بِهَـٰذَا فِىٓ ءَابَآئِنَا ٱلْأَوَّلِينَ,ٱلْمَلَؤُا۟,المؤمنون
الهمزة المفردة,المتحركة,مختلفة,فتحة سابقة + همزة مضمومة,24,8,وَيَدْرَؤُا۟ عَنْهَا ٱلْعَذَابَ أَن تَشْهَدَ أَرْبَعَ شَهَـٰدَٰتٍۭ بِٱللَّهِ ۙ إِنَّهُۥ لَمِنَ ٱلْكَـٰذِبِينَ,يَدْرَؤُا۟,النور
الهمزة المفردة,المتحركة,مختلفة,فتحة سابقة + همزة مضمومة,27,29,قَالَتْ يَـٰٓأَيُّهَا ٱلْمَلَؤُا۟ إِنِّىٓ أُلْقِىَ إِلَىَّ كِتَـٰبٌ كَرِيمٌ,ٱلْمَلَؤُا۟,النمل
الهمزة المفردة,المتحركة,مختلفة,فتحة سابقة + همزة مضمومة,27,32,قَالَتْ يَـٰٓأَيُّهَا ٱلْمَلَؤُا۟ أَفْتُونِى فِىٓ أَمْرِى مَا كُنتُ قَاطِعَةً أَمْرًا حَتَّىٰ تَشْهَدُونِ,ٱلْمَلَؤُا۟,النمل
الهمزة المفردة,المتحركة,مختلفة,فتحة سابقة + همزة مضمومة,27,38,قَالَ يَـٰٓأَيُّهَا ٱلْمَلَؤُا۟ أَيُّكُمْ يَأْتِينِى بِعَرْشِهَا قَبْلَ أَن يَأْتُونِى مُسْلِمِينَ,ٱلْمَلَؤُا۟,النمل
الهمزة المفردة,المتحركة,مختلفة,فتحة سابقة + همزة مضمومة,75,13,يُنَبَّؤُا۟ ٱلْإِنسَـٰنُ يَوْمَئِذٍۭ بِمَا قَدَّمَ وَأَخَّرَ,يُنَبَّؤُا۟,القيامة
الهمزة المفردة,المتحركة,مختلفة,فتحة سابقة + همزة مضمومة,3,168,ٱلَّذِينَ قَالُوا۟ لِإِخْوَٰنِهِمْ وَقَعَدُوا۟ لَوْ أَطَاعُونَا مَا قُتِلُوا۟ ۗ قُلْ فَٱدْرَءُوا۟ عَنْ أَنفُسِكُمُ ٱلْمَوْتَ إِن كُنتُمْ صَـٰدِقِينَ,فَٱدْرَءُوا۟,آل عمران
الهمزة المفردة,المتحركة,مختلفة,فتحة سابقة + همزة مضمومة,17,83,وَإِذَآ أَنْعَمْنَا عَلَى ٱلْإِنسَـٰنِ أَعْرَضَ وَنَـَٔا بِجَانِبِهِۦ ۖ وَإِذَا مَسَّهُ ٱلشَّرُّ كَانَ يَـُٔوسًا,يَـُٔوسًا,الإسراء
الهمزة المفردة,المتحركة,مختلفة,فتحة سابقة + همزة مضمومة,2,255,ٱللَّهُ لَآ إِلَـٰهَ إِلَّا هُوَ ٱلْحَىُّ ٱلْقَيُّومُ ۚ لَا تَأْخُذُهُۥ سِنَةٌ وَلَا نَوْمٌ ۚ لَّهُۥ مَا فِى ٱلسَّمَـٰوَٰتِ وَمَا فِى ٱلْأَرْضِ ۗ مَن ذَا ٱلَّذِى يَشْفَعُ عِندَهُۥٓ إِلَّا بِإِذْنِهِۦ ۚ يَعْلَمُ مَا بَيْنَ أَيْدِيهِمْ وَمَا خَلْفَهُمْ ۖ وَلَا يُحِيطُونَ بِشَىْءٍ مِّنْ عِلْمِهِۦٓ إِلَّا بِمَا شَآءَ ۚ وَسِعَ كُرْسِيُّهُ ٱلسَّمَـٰوَٰتِ وَٱلْأَرْضَ ۖ وَلَا يَـُٔودُهُۥ حِفْظُهُمَا ۚ وَهُوَ ٱلْعَلِىُّ ٱلْعَظِيمُ,يَـُٔودُهُۥ,البقرة
الهمزة المفردة,المتحركة,مختلفة,فتحة سابقة + همزة مضمومة,19,83,أَلَمْ تَرَ أَنَّآ أَرْسَلْنَا ٱلشَّيَـٰطِينَ عَلَى ٱلْكَـٰفِرِينَ تَؤُزُّهُمْ أَزًّا,تَؤُزُّهُمْ,مريم
الهمزة المفردة,المتحركة,مختلفة,فتحة سابقة + همزة مكسورة,28,71,قُلْ أَرَءَيْتُمْ إِن جَعَلَ ٱللَّهُ عَلَيْكُمُ ٱلَّيْلَ سَرْمَدًا إِلَىٰ يَوْمِ ٱلْقِيَـٰمَةِ مَنْ إِلَـٰهٌ غَيْرُ ٱللَّهِ يَأْتِيكُم بِضِيَآءٍ ۖ أَفَلَا تَسْمَعُونَ,بِضِيَآءٍ,القصص
الهمزة المفردة,المتحركة,مختلفة,فتحة سابقة + همزة مكسورة,6,34,وَلَقَدْ كُذِّبَتْ رُسُلٌ مِّن قَبْلِكَ فَصَبَرُوا۟ عَلَىٰ مَا كُذِّبُوا۟ وَأُوذُوا۟ حَتَّىٰٓ أَتَىٰهُمْ نَصْرُنَا ۚ وَلَا مُبَدِّلَ لِكَلِمَـٰتِ ٱللَّهِ ۚ وَلَقَدْ جَآءَكَ مِن نَّبَإِى۟ ٱلْمُرْسَلِينَ,نَّبَإِى۟,الأنعام
الهمزة المفردة,المتحركة,مختلفة,فتحة سابقة + همزة مكسورة,6,34,وَلَقَدْ كُذِّبَتْ رُسُلٌ مِّن قَبْلِكَ فَصَبَرُوا۟ عَلَىٰ مَا كُذِّبُوا۟ وَأُوذُوا۟ حَتَّىٰٓ أَتَىٰهُمْ نَصْرُنَا ۚ وَلَا مُبَدِّلَ لِكَلِمَـٰتِ ٱللَّهِ ۚ وَلَقَدْ جَآءَكَ مِن نَّبَإِى۟ ٱلْمُرْسَلِينَ,نَّبَإِ,الأنعام
الهمزة المفردة,المتحركة,مختلفة,فتحة سابقة + همزة مكسورة,42,47,ٱسْتَجِيبُوا۟ لِرَبِّكُم مِّن قَبْلِ أَن يَأْتِىَ يَوْمٌ لَّا مَرَدَّ لَهُۥ مِنَ ٱللَّهِ ۚ مَا لَكُم مِّن مَّلْجَإٍ يَوْمَئِذٍ وَمَا لَكُم مِّن نَّكِيرٍ,مَلْجَإٍ,الشورى
الهمزة المفردة,المتحركة,مختلفة,فتحة سابقة + همزة مكسورة,5,3,حُرِّمَتْ عَلَيْكُمُ ٱلْمَيْتَةُ وَٱلدَّمُ وَلَحْمُ ٱلْخِنزِيرِ وَمَآ أُهِلَّ لِغَيْرِ ٱللَّهِ بِهِۦ وَٱلْمُنْخَنِقَةُ وَٱلْمَوْقُوذَةُ وَٱلْمُتَرَدِّيَةُ وَٱلنَّطِيحَةُ وَمَآ أَكَلَ ٱلسَّبُعُ إِلَّا مَا ذَكَّيْتُمْ وَمَا ذُبِحَ عَلَى ٱلنُّصُبِ وَأَن تَسْتَقْسِمُوا۟ بِٱلْأَزْلَـٰمِ ۚ ذَٰلِكُمْ فِسْقٌ ۗ ٱلْيَوْمَ يَئِسَ ٱلَّذِينَ كَفَرُوا۟ مِن دِينِكُمْ فَلَا تَخْشَوْهُمْ وَٱخْشَوْنِ ۚ ٱلْيَوْمَ أَكْمَلْتُ لَكُمْ دِينَكُمْ وَأَتْمَمْتُ عَلَيْكُمْ نِعْمَتِى وَرَضِيتُ لَكُمُ ٱلْإِسْلَـٰمَ دِينًا ۚ فَمَنِ ٱضْطُرَّ فِى مَخْمَصَةٍ غَيْرَ مُتَجَانِفٍ لِّإِثْمٍ ۙ فَإِنَّ ٱللَّهَ غَفُورٌ رَّحِيمٌ,يَئِسَ,المائدة
الهمزة المفردة,المتحركة,مختلفة,فتحة سابقة + همزة مكسورة,29,23,وَٱلَّذِينَ كَفَرُوا۟ بِـَٔايَـٰتِ ٱللَّهِ وَلِقَآئِهِۦٓ أُو۟لَـٰٓئِكَ يَئِسُوا۟ مِن رَّحْمَتِى وَأُو۟لَـٰٓئِكَ لَهُمْ عَذَابٌ أَلِيمٌ,يَئِسُوا۟,العنكبوت
الهمزة المفردة,المتحركة,مختلفة,فتحة سابقة + همزة مكسورة,56,84,وَأَنتُمْ حِينَئِذٍ تَنظُرُونَ,حِينَئِذٍ,الواقعة
الهمزة المفردة,المتحركة,مختلفة,كسرة سابقة + همزة مضمومة,5,69,إِنَّ ٱلَّذِينَ ءَامَنُوا۟ وَٱلَّذِينَ هَادُوا۟ وَٱلصَّـٰبِـُٔونَ وَٱلنَّصَـٰرَىٰ مَنْ ءَامَنَ بِٱللَّهِ وَٱلْيَوْمِ ٱلْءَاخِرِ وَعَمِلَ صَـٰلِحًا فَلَا خَوْفٌ عَلَيْهِمْ وَلَا هُمْ يَحْزَنُونَ,ٱلصَّـٰبِـُٔونَ,المائدة
الهمزة المفردة,المتحركة,مختلفة,كسرة سابقة + همزة مضمومة,9,30,وَقَالَتِ ٱلْيَهُودُ عُزَيْرٌ ٱبْنُ ٱللَّهِ وَقَالَتِ ٱلنَّصَـٰرَى ٱلْمَسِيحُ ٱبْنُ ٱللَّهِ ۖ ذَٰلِكَ قَوْلُهُم بِأَفْوَٰهِهِمْ ۖ يُضَـٰهِـُٔونَ قَوْلَ ٱلَّذِينَ كَفَرُوا۟ مِن قَبْلُ ۚ قَـٰتَلَهُمُ ٱللَّهُ ۚ أَنَّىٰ يُؤْفَكُونَ,يُضَـٰهِـُٔونَ,التوبة
الهمزة المفردة,المتحركة,مختلفة,كسرة سابقة + همزة مضمومة,2,14,وَإِذَا لَقُوا۟ ٱلَّذِينَ ءَامَنُوا۟ قَالُوٓا۟ ءَامَنَّا وَإِذَا خَلَوْا۟ إِلَىٰ شَيَـٰطِينِهِمْ قَالُوٓا۟ إِنَّا مَعَكُمْ إِنَّمَا نَحْنُ مُسْتَهْزِءُونَ,مُسْتَهْزِءُونَ,البقرة
الهمزة المفردة,المتحركة,مختلفة,كسرة سابقة + همزة مضمومة,17,38,كُلُّ ذَٰلِكَ كَانَ سَيِّئُهُۥ عِندَ رَبِّكَ مَكْرُوهًا,سَيِّئُهُۥ,الإسراء
الهمزة المفردة,المتحركة,مختلفة,كسرة سابقة + همزة مضمومة,87,6,سَنُقْرِئُكَ فَلَا تَنسَىٰٓ,سَنُقْرِئُكَ,الأعلى
الهمزة المفردة,المتحركة,مختلفة,كسرة سابقة + همزة مضمومة,2,15,ٱللَّهُ يَسْتَهْزِئُ بِهِمْ وَيَمُدُّهُمْ فِى طُغْيَـٰنِهِمْ يَعْمَهُونَ,يَسْتَهْزِئُ,البقرة
الهمزة المفردة,المتحركة,مختلفة,كسرة سابقة + همزة مضمومة,9,37,إِنَّمَا ٱلنَّسِىٓءُ زِيَادَةٌ فِى ٱلْكُفْرِ ۖ يُضَلُّ بِهِ ٱلَّذِينَ كَفَرُوا۟ يُحِلُّونَهُۥ عَامًا وَيُحَرِّمُونَهُۥ عَامًا لِّيُوَاطِـُٔوا۟ عِدَّةَ مَا حَرَّمَ ٱللَّهُ فَيُحِلُّوا۟ مَا حَرَّمَ ٱللَّهُ ۚ زُيِّنَ لَهُمْ سُوٓءُ أَعْمَـٰلِهِمْ ۗ وَٱللَّهُ لَا يَهْدِى ٱلْقَوْمَ ٱلْكَـٰفِرِينَ,لِّيُوَاطِـُٔوا۟,التوبة
الهمزة المفردة,المتحركة,مختلفة,كسرة سابقة + همزة مضمومة,35,43,ٱسْتِكْبَارًا فِى ٱلْأَرْضِ وَمَكْرَ ٱلسَّيِّئِ ۚ وَلَا يَحِيقُ ٱلْمَكْرُ ٱلسَّيِّئُ إِلَّا بِأَهْلِهِۦ ۚ فَهَلْ يَنظُرُونَ إِلَّا سُنَّتَ ٱلْأَوَّلِينَ ۚ فَلَن تَجِدَ لِسُنَّتِ ٱللَّهِ تَبْدِيلًا ۖ وَلَن تَجِدَ لِسُنَّتِ ٱللَّهِ تَحْوِيلًا,ٱلسَّيِّئُ,فاطر
الهمزة المفردة,المتحركة,مختلفة,كسرة سابقة + همزة مضمومة + واو الجماعة,9,65,وَلَئِن سَأَلْتَهُمْ لَيَقُولُنَّ إِنَّمَا كُنَّا نَخُوضُ وَنَلْعَبُ ۚ قُلْ أَبِٱللَّهِ وَءَايَـٰتِهِۦ وَرَسُولِهِۦ كُنتُمْ تَسْتَهْزِءُونَ,تَسْتَهْزِءُونَ,التوبة
الهمزة المفردة,المتحركة,مختلفة,كسرة سابقة + همزة مضمومة + واو الجماعة,10,53,وَيَسْتَنۢبِـُٔونَكَ أَحَقٌّ هُوَ ۖ قُلْ إِى وَرَبِّىٓ إِنَّهُۥ لَحَقٌّ ۖ وَمَآ أَنتُم بِمُعْجِزِينَ,يَسْتَنۢبِـُٔونَكَ,يونس
الهمزة المفردة,المتحركة,مختلفة,كسرة سابقة + همزة مضمومة + واو الجماعة,43,34,وَلِبُيُوتِهِمْ أَبْوَٰبًا وَسُرُرًا عَلَيْهَا يَتَّكِـُٔونَ,يَتَّكِـُٔونَ,الزخرف
الهمزة المفردة,المتحركة,مختلفة,كسرة سابقة + همزة مضمومة + واو الجماعة,56,53,فَمَالِـُٔونَ مِنْهَا ٱلْبُطُونَ,فَمَالِـُٔونَ,الواقعة
الهمزة المفردة,المتحركة,مختلفة,كسرة سابقة + همزة مضمومة + واو الجماعة,56,72,ءَأَنتُمْ أَنشَأْتُمْ شَجَرَتَهَآ أَمْ نَحْنُ ٱلْمُنشِـُٔونَ,ٱلْمُنشِـُٔونَ,الواقعة
الهمزة المفردة,المتحركة,مختلفة,كسرة سابقة + همزة مضمومة + واو الجماعة,69,37,لَّا يَأْكُلُهُۥٓ إِلَّا ٱلْخَـٰطِـُٔونَ,ٱلْخَـٰطِـُٔونَ,الحاقة
الهمزة المفردة,المتحركة,مختلفة,كسرة سابقة + همزة مفتوحة,19,19,قَالَ إِنَّمَآ أَنَا۠ رَسُولُ رَبِّكِ لِأَهَبَ لَكِ غُلَـٰمًا زَكِيًّا,لِأَهَبَ,مريم
الهمزة المفردة,المتحركة,مختلفة,كسرة سابقة + همزة مفتوحة,11,27,فَقَالَ ٱلْمَلَأُ ٱلَّذِينَ كَفَرُوا۟ مِن قَوْمِهِۦ مَا نَرَىٰكَ إِلَّا بَشَرًا مِّثْلَنَا وَمَا نَرَىٰكَ ٱتَّبَعَكَ إِلَّا ٱلَّذِينَ هُمْ أَرَاذِلُنَا بَادِىَ ٱلرَّأْىِ وَمَا نَرَىٰ لَكُمْ عَلَيْنَا مِن فَضْلٍۭ بَلْ نَظُنُّكُمْ كَـٰذِبِينَ,بَادِىَ ٱلرَّأْىِ,هود
الهمزة المفردة,المتحركة,مختلفة,كسرة سابقة + همزة مفتوحة,2,264,يَـٰٓأَيُّهَا ٱلَّذِينَ ءَامَنُوا۟ لَا تُبْطِلُوا۟ صَدَقَـٰتِكُم بِٱلْمَنِّ وَٱلْأَذَىٰ كَٱلَّذِى يُنفِقُ مَالَهُۥ رِئَآءَ ٱلنَّاسِ وَلَا يُؤْمِنُ بِٱللَّهِ وَٱلْيَوْمِ ٱلْءَاخِرِ ۖ فَمَثَلُهُۥ كَمَثَلِ صَفْوَانٍ عَلَيْهِ تُرَابٌ فَأَصَابَهُۥ وَابِلٌ فَتَرَكَهُۥ صَلْدًا ۖ لَّا يَقْدِرُونَ عَلَىٰ شَىْءٍ مِّمَّا كَسَبُوا۟ ۗ وَٱللَّهُ لَا يَهْدِى ٱلْقَوْمَ ٱلْكَـٰفِرِينَ,رِئَآءَ,البقرة
الهمزة المفردة,المتحركة,مختلفة,كسرة سابقة + همزة مفتوحة,4,38,وَٱلَّذِينَ يُنفِقُونَ أَمْوَٰلَهُمْ رِئَآءَ ٱلنَّاسِ وَلَا يُؤْمِنُونَ بِٱللَّهِ وَلَا بِٱلْيَوْمِ ٱلْءَاخِرِ ۗ وَمَن يَكُنِ ٱلشَّيْطَـٰنُ لَهُۥ قَرِينًا فَسَآءَ قَرِينًا,رِئَآءَ,النساء
الهمزة المفردة,المتحركة,مختلفة,كسرة سابقة + همزة مفتوحة,8,47,وَلَا تَكُونُوا۟ كَٱلَّذِينَ خَرَجُوا۟ مِن دِيَـٰرِهِم بَطَرًا وَرِئَآءَ ٱلنَّاسِ وَيَصُدُّونَ عَن سَبِيلِ ٱللَّهِ ۚ وَٱللَّهُ بِمَا يَعْمَلُونَ مُحِيطٌ,رِئَآءَ,الأنفال
الهمزة المفردة,المتحركة,مختلفة,كسرة سابقة + همزة مفتوحة,56,61,عَلَىٰٓ أَن نُّبَدِّلَ أَمْثَـٰلَكُمْ وَنُنشِئَكُمْ فِى مَا لَا تَعْلَمُونَ,نُنشِئَكُمْ,الواقعة
الهمزة المفردة,المتحركة,مختلفة,كسرة سابقة + همزة مفتوحة,69,9,وَجَآءَ فِرْعَوْنُ وَمَن قَبْلَهُۥ وَٱلْمُؤْتَفِكَـٰتُ بِٱلْخَاطِئَةِ,بِٱلْخَاطِئَةِ,الحاقة
الهمزة المفردة,المتحركة,مختلفة,كسرة سابقة + همزة مفتوحة,72,8,وَأَنَّا لَمَسْنَا ٱلسَّمَآءَ فَوَجَدْنَـٰهَا مُلِئَتْ حَرَسًا شَدِيدًا وَشُهُبًا,مُلِئَتْ,الجن
الهمزة المفردة,المتحركة,مختلفة,كسرة سابقة + همزة مفتوحة,108,3,إِنَّ شَانِئَكَ هُوَ ٱلْأَبْتَرُ,شَانِئَكَ,الكوثر
الهمزة المفردة,المتحركة,مد,مد + همزة مضمومة,9,37,إِنَّمَا ٱلنَّسِىٓءُ زِيَادَةٌ فِى ٱلْكُفْرِ ۖ يُضَلُّ بِهِ ٱلَّذِينَ كَفَرُوا۟ يُحِلُّونَهُۥ عَامًا وَيُحَرِّمُونَهُۥ عَامًا لِّيُوَاطِـُٔوا۟ عِدَّةَ مَا حَرَّمَ ٱللَّهُ فَيُحِلُّوا۟ مَا حَرَّمَ ٱللَّهُ ۚ زُيِّنَ لَهُمْ سُوٓءُ أَعْمَـٰلِهِمْ ۗ وَٱللَّهُ لَا يَهْدِى ٱلْقَوْمَ ٱلْكَـٰفِرِينَ,ٱلنَّسِىٓءُ,التوبة
الهمزة المفردة,المتحركة,مد,مد + همزة مضمومة,11,87,قَالُوا۟ يَـٰشُعَيْبُ أَصَلَوٰتُكَ تَأْمُرُكَ أَن نَّتْرُكَ مَا يَعْبُدُ ءَابَآؤُنَآ أَوْ أَن نَّفْعَلَ فِىٓ أَمْوَٰلِنَا مَا نَشَـٰٓؤُا۟ ۖ إِنَّكَ لَأَنتَ ٱلْحَلِيمُ ٱلرَّشِيدُ,نَشَـٰٓؤُا۟,هود
الهمزة المفردة,المتحركة,مد,مد + همزة مضمومة,25,77,قُلْ مَا يَعْبَؤُا۟ بِكُمْ رَبِّى لَوْلَا دُعَآؤُكُمْ ۖ فَقَدْ كَذَّبْتُمْ فَسَوْفَ يَكُونُ لِزَامًۢا,دُعَآؤُكُمْ,الفرقان
الهمزة المفردة,المتحركة,مد,مد + همزة مضمومة,60,4,قَدْ كَانَتْ لَكُمْ أُسْوَةٌ حَسَنَةٌ فِىٓ إِبْرَٰهِيمَ وَٱلَّذِينَ مَعَهُۥٓ إِذْ قَالُوا۟ لِقَوْمِهِمْ إِنَّا بُرَءَٰٓؤُا۟ مِنكُمْ وَمِمَّا تَعْبُدُونَ مِن دُونِ ٱللَّهِ كَفَرْنَا بِكُمْ وَبَدَا بَيْنَنَا وَبَيْنَكُمُ ٱلْعَدَٰوَةُ وَٱلْبَغْضَآءُ أَبَدًا حَتَّىٰ تُؤْمِنُوا۟ بِٱللَّهِ وَحْدَهُۥٓ إِلَّا قَوْلَ إِبْرَٰهِيمَ لِأَبِيهِ لَأَسْتَغْفِرَنَّ لَكَ وَمَآ أَمْلِكُ لَكَ مِنَ ٱللَّهِ مِن شَىْءٍ ۖ رَّبَّنَا عَلَيْكَ تَوَكَّلْنَا وَإِلَيْكَ أَنَبْنَا وَإِلَيْكَ ٱلْمَصِيرُ,بُرَءَٰٓؤُا۟,الممتحنة
الهمزة المفردة,المتحركة,مد,مد + همزة مضمومة,6,19,قُلْ أَىُّ شَىْءٍ أَكْبَرُ شَهَـٰدَةً ۖ قُلِ ٱللَّهُ ۖ شَهِيدٌۢ بَيْنِى وَبَيْنَكُمْ ۚ وَأُوحِىَ إِلَىَّ هَـٰذَا ٱلْقُرْءَانُ لِأُنذِرَكُم بِهِۦ وَمَنۢ بَلَغَ ۚ أَئِنَّكُمْ لَتَشْهَدُونَ أَنَّ مَعَ ٱللَّهِ ءَالِهَةً أُخْرَىٰ ۚ قُل لَّآ أَشْهَدُ ۚ قُلْ إِنَّمَا هُوَ إِلَـٰهٌ وَٰحِدٌ وَإِنَّنِى بَرِىٓءٌ مِّمَّا تُشْرِكُونَ,بَرِىٓءٌ,الأنعام
الهمزة المفردة,المتحركة,مد,مد + همزة مضمومة,10,41,وَإِن كَذَّبُوكَ فَقُل لِّى عَمَلِى وَلَكُمْ عَمَلُكُمْ ۖ أَنتُم بَرِيٓـُٔونَ مِمَّآ أَعْمَلُ وَأَنَا۠ بَرِىٓءٌ مِّمَّا تَعْمَلُونَ,بَرِيٓـُٔونَ,يونس
الهمزة المفردة,المتحركة,مد,مد + همزة مضمومة,2,13,وَإِذَا قِيلَ لَهُمْ ءَامِنُوا۟ كَمَآ ءَامَنَ ٱلنَّاسُ قَالُوٓا۟ أَنُؤْمِنُ كَمَآ ءَامَنَ ٱلسُّفَهَآءُ ۗ أَلَآ إِنَّهُمْ هُمُ ٱلسُّفَهَآءُ وَلَـٰكِن لَّا يَعْلَمُونَ,ٱلسُّفَهَآءُ,البقرة
الهمزة المفردة,المتحركة,مد,مد + همزة مضمومة,2,13,وَإِذَا قِيلَ لَهُمْ ءَامِنُوا۟ كَمَآ ءَامَنَ ٱلنَّاسُ قَالُوٓا۟ أَنُؤْمِنُ كَمَآ ءَامَنَ ٱلسُّفَهَآءُ ۗ أَلَآ إِنَّهُمْ هُمُ ٱلسُّفَهَآءُ وَلَـٰكِن لَّا يَعْلَمُونَ,ٱلسُّفَهَآءُ,البقرة
الهمزة المفردة,المتحركة,مد,مد + همزة مضمومة,2,74,ثُمَّ قَسَتْ قُلُوبُكُم مِّنۢ بَعْدِ ذَٰلِكَ فَهِىَ كَٱلْحِجَارَةِ أَوْ أَشَدُّ قَسْوَةً ۚ وَإِنَّ مِنَ ٱلْحِجَارَةِ لَمَا يَتَفَجَّرُ مِنْهُ ٱلْأَنْهَـٰرُ ۚ وَإِنَّ مِنْهَا لَمَا يَشَّقَّقُ فَيَخْرُجُ مِنْهُ ٱلْمَآءُ ۚ وَإِنَّ مِنْهَا لَمَا يَهْبِطُ مِنْ خَشْيَةِ ٱللَّهِ ۗ وَمَا ٱللَّهُ بِغَـٰفِلٍ عَمَّا تَعْمَلُونَ,ٱلْمَآءُ,البقرة
الهمزة المفردة,المتحركة,مد,مد + همزة مضمومة,2,6,إِنَّ ٱلَّذِينَ كَفَرُوا۟ سَوَآءٌ عَلَيْهِمْ ءَأَنذَرْتَهُمْ أَمْ لَمْ تُنذِرْهُمْ لَا يُؤْمِنُونَ,سَوَآءٌ,البقرة
الهمزة المفردة,المتحركة,مد,مد + همزة مضمومة,2,223,نِسَآؤُكُمْ حَرْثٌ لَّكُمْ فَأْتُوا۟ حَرْثَكُمْ أَنَّىٰ شِئْتُمْ ۖ وَقَدِّمُوا۟ لِأَنفُسِكُمْ ۚ وَٱتَّقُوا۟ ٱللَّهَ وَٱعْلَمُوٓا۟ أَنَّكُم مُّلَـٰقُوهُ ۗ وَبَشِّرِ ٱلْمُؤْمِنِينَ,نِسَآؤُكُمْ,البقرة
الهمزة المفردة,المتحركة,مد,مد + همزة مضمومة,4,11,يُوصِيكُمُ ٱللَّهُ فِىٓ أَوْلَـٰدِكُمْ ۖ لِلذَّكَرِ مِثْلُ حَظِّ ٱلْأُنثَيَيْنِ ۚ فَإِن كُنَّ نِسَآءً فَوْقَ ٱثْنَتَيْنِ فَلَهُنَّ ثُلُثَا مَا تَرَكَ ۖ وَإِن كَانَتْ وَٰحِدَةً فَلَهَا ٱلنِّصْفُ ۚ وَلِأَبَوَيْهِ لِكُلِّ وَٰحِدٍ مِّنْهُمَا ٱلسُّدُسُ مِمَّا تَرَكَ إِن كَانَ لَهُۥ وَلَدٌ ۚ فَإِن لَّمْ يَكُن لَّهُۥ وَلَدٌ وَوَرِثَهُۥٓ أَبَوَاهُ فَلِأُمِّهِ ٱلثُّلُثُ ۚ فَإِن كَانَ لَهُۥٓ إِخْوَةٌ فَلِأُمِّهِ ٱلسُّدُسُ ۚ مِنۢ بَعْدِ وَصِيَّةٍ يُوصِى بِهَآ أَوْ دَيْنٍ ۗ ءَابَآؤُكُمْ وَأَبْنَآؤُكُمْ لَا تَدْرُونَ أَيُّهُمْ أَقْرَبُ لَكُمْ نَفْعًا ۚ فَرِيضَةً مِّنَ ٱللَّهِ ۗ إِنَّ ٱللَّهَ كَانَ عَلِيمًا حَكِيمًا,أَبْنَآؤُكُمْ,النساء
الهمزة المفردة,المتحركة,مد,مد + همزة مضمومة,69,19,فَأَمَّا مَنْ أُوتِىَ كِتَـٰبَهُۥ بِيَمِينِهِۦ فَيَقُولُ هَآؤُمُ ٱقْرَءُوا۟ كِتَـٰبِيَهْ,هَآؤُمُ,الحاقة
الهمزة المفردة,المتحركة,مد,مد + همزة مفتوحة,10,5,هُوَ ٱلَّذِى جَعَلَ ٱلشَّمْسَ ضِيَآءً وَٱلْقَمَرَ نُورًا وَقَدَّرَهُۥ مَنَازِلَ لِتَعْلَمُوا۟ عَدَدَ ٱلسِّنِينَ وَٱلْحِسَابَ ۚ مَا خَلَقَ ٱللَّهُ ذَٰلِكَ إِلَّا بِٱلْحَقِّ ۚ يُفَصِّلُ ٱلْءَايَـٰتِ لِقَوْمٍ يَعْلَمُونَ,ضِيَآءً,يونس
الهمزة المفردة,المتحركة,مد,مد + همزة مفتوحة,21,48,وَلَقَدْ ءَاتَيْنَا مُوسَىٰ وَهَـٰرُونَ ٱلْفُرْقَانَ وَضِيَآءً وَذِكْرًا لِّلْمُتَّقِينَ,ضِيَآءً,الأنبياء
الهمزة المفردة,المتحركة,مد,مد + همزة مفتوحة,10,83,فَمَآ ءَامَنَ لِمُوسَىٰٓ إِلَّا ذُرِّيَّةٌ مِّن قَوْمِهِۦ عَلَىٰ خَوْفٍ مِّن فِرْعَوْنَ وَمَلَإِي۟هِمْ أَن يَفْتِنَهُمْ ۚ وَإِنَّ فِرْعَوْنَ لَعَالٍ فِى ٱلْأَرْضِ وَإِنَّهُۥ لَمِنَ ٱلْمُسْرِفِينَ,فَمَآ ءَامَنَ,يونس
الهمزة المفردة,المتحركة,مد,مد + همزة مفتوحة,66,6,يَـٰٓأَيُّهَا ٱلَّذِينَ ءَامَنُوا۟ قُوٓا۟ أَنفُسَكُمْ وَأَهْلِيكُمْ نَارًا وَقُودُهَا ٱلنَّاسُ وَٱلْحِجَارَةُ عَلَيْهَا مَلَـٰٓئِكَةٌ غِلَاظٌ شِدَادٌ لَّا يَعْصُونَ ٱللَّهَ مَآ أَمَرَهُمْ وَيَفْعَلُونَ مَا يُؤْمَرُونَ,قُوٓا۟ أَنفُسَكُمْ,التحريم
الهمزة المفردة,المتحركة,مد,مد + همزة مفتوحة,2,264,يَـٰٓأَيُّهَا ٱلَّذِينَ ءَامَنُوا۟ لَا تُبْطِلُوا۟ صَدَقَـٰتِكُم بِٱلْمَنِّ وَٱلْأَذَىٰ كَٱلَّذِى يُنفِقُ مَالَهُۥ رِئَآءَ ٱلنَّاسِ وَلَا يُؤْمِنُ بِٱللَّهِ وَٱلْيَوْمِ ٱلْءَاخِرِ ۖ فَمَثَلُهُۥ كَمَثَلِ صَفْوَانٍ عَلَيْهِ تُرَابٌ فَأَصَابَهُۥ وَابِلٌ فَتَرَكَهُۥ صَلْدًا ۖ لَّا يَقْدِرُونَ عَلَىٰ شَىْءٍ مِّمَّا كَسَبُوا۟ ۗ وَٱللَّهُ لَا يَهْدِى ٱلْقَوْمَ ٱلْكَـٰفِرِينَ,رِئَآءَ,البقرة
الهمزة المفردة,المتحركة,مد,مد + همزة مفتوحة,4,38,وَٱلَّذِينَ يُنفِقُونَ أَمْوَٰلَهُمْ رِئَآءَ ٱلنَّاسِ وَلَا يُؤْمِنُونَ بِٱللَّهِ وَلَا بِٱلْيَوْمِ ٱلْءَاخِرِ ۗ وَمَن يَكُنِ ٱلشَّيْطَـٰنُ لَهُۥ قَرِينًا فَسَآءَ قَرِينًا,رِئَآءَ,النساء
الهمزة المفردة,المتحركة,مد,مد + همزة مفتوحة,8,47,وَلَا تَكُونُوا۟ كَٱلَّذِينَ خَرَجُوا۟ مِن دِيَـٰرِهِم بَطَرًا وَرِئَآءَ ٱلنَّاسِ وَيَصُدُّونَ عَن سَبِيلِ ٱللَّهِ ۚ وَٱللَّهُ بِمَا يَعْمَلُونَ مُحِيطٌ,رِئَآءَ,الأنفال
الهمزة المفردة,المتحركة,مد,مد + همزة مفتوحة,26,61,فَلَمَّا تَرَٰٓءَا ٱلْجَمْعَانِ قَالَ أَصْحَـٰبُ مُوسَىٰٓ إِنَّا لَمُدْرَكُونَ,تَرَٰٓءَا,الشعراء
الهمزة المفردة,المتحركة,مد,مد + همزة مفتوحة,4,112,وَمَن يَكْسِبْ خَطِيٓـَٔةً أَوْ إِثْمًا ثُمَّ يَرْمِ بِهِۦ بَرِيٓـًٔا فَقَدِ ٱحْتَمَلَ بُهْتَـٰنًا وَإِثْمًا مُّبِينًا,خَطِيٓـَٔةً,النساء
الهمزة المفردة,المتحركة,مد,مد + همزة مفتوحة,7,161,وَإِذْ قِيلَ لَهُمُ ٱسْكُنُوا۟ هَـٰذِهِ ٱلْقَرْيَةَ وَكُلُوا۟ مِنْهَا حَيْثُ شِئْتُمْ وَقُولُوا۟ حِطَّةٌ وَٱدْخُلُوا۟ ٱلْبَابَ سُجَّدًا نَّغْفِرْ لَكُمْ خَطِيٓـَٔـٰتِكُمْ ۚ سَنَزِيدُ ٱلْمُحْسِنِينَ,خَطِيٓـَٔـٰتِكُمْ,الأعراف
الهمزة المفردة,المتحركة,مد,مد + همزة مفتوحة,2,133,أَمْ كُنتُمْ شُهَدَآءَ إِذْ حَضَرَ يَعْقُوبَ ٱلْمَوْتُ إِذْ قَالَ لِبَنِيهِ مَا تَعْبُدُونَ مِنۢ بَعْدِى قَالُوا۟ نَعْبُدُ إِلَـٰهَكَ وَإِلَـٰهَ ءَابَآئِكَ إِبْرَٰهِـۧمَ وَإِسْمَـٰعِيلَ وَإِسْحَـٰقَ إِلَـٰهًا وَٰحِدًا وَنَحْنُ لَهُۥ مُسْلِمُونَ,شُهَدَآءَ,البقرة
الهمزة المفردة,المتحركة,مد,مد + همزة مفتوحة,2,91,وَإِذَا قِيلَ لَهُمْ ءَامِنُوا۟ بِمَآ أَنزَلَ ٱللَّهُ قَالُوا۟ نُؤْمِنُ بِمَآ أُنزِلَ عَلَيْنَا وَيَكْفُرُونَ بِمَا وَرَآءَهُۥ وَهُوَ ٱلْحَقُّ مُصَدِّقًا لِّمَا مَعَهُمْ ۗ قُلْ فَلِمَ تَقْتُلُونَ أَنۢبِيَآءَ ٱللَّهِ مِن قَبْلُ إِن كُنتُم مُّؤْمِنِينَ,وَرَآءَهُۥ,البقرة
الهمزة المفردة,المتحركة,مد,مد + همزة مفتوحة,3,175,إِنَّمَا ذَٰلِكُمُ ٱلشَّيْطَـٰنُ يُخَوِّفُ أَوْلِيَآءَهُۥ فَلَا تَخَافُوهُمْ وَخَافُونِ إِن كُنتُم مُّؤْمِنِينَ,أَوْلِيَآءَهُۥ,آل عمران
الهمزة المفردة,المتحركة,مد,مد + همزة مفتوحة,5,101,يَـٰٓأَيُّهَا ٱلَّذِينَ ءَامَنُوا۟ لَا تَسْـَٔلُوا۟ عَنْ أَشْيَآءَ إِن تُبْدَ لَكُمْ تَسُؤْكُمْ وَإِن تَسْـَٔلُوا۟ عَنْهَا حِينَ يُنَزَّلُ ٱلْقُرْءَانُ تُبْدَ لَكُمْ عَفَا ٱللَّهُ عَنْهَا ۗ وَٱللَّهُ غَفُورٌ حَلِيمٌ,أَشْيَآءَ,المائدة
الهمزة المفردة,المتحركة,مد,مد + همزة مفتوحة,17,11,وَيَدْعُ ٱلْإِنسَـٰنُ بِٱلشَّرِّ دُعَآءَهُۥ بِٱلْخَيْرِ ۖ وَكَانَ ٱلْإِنسَـٰنُ عَجُولًا,دُعَآءَهُۥ,الإسراء
الهمزة المفردة,المتحركة,مد,مد + همزة مفتوحة,67,27,فَلَمَّا رَأَوْهُ زُلْفَةً سِيٓـَٔتْ وُجُوهُ ٱلَّذِينَ كَفَرُوا۟ وَقِيلَ هَـٰذَا ٱلَّذِى كُنتُم بِهِۦ تَدَّعُونَ,سِيٓـَٔتْ,الملك
الهمزة المفردة,المتحركة,مد,مد + همزة مكسورة,10,15,وَإِذَا تُتْلَىٰ عَلَيْهِمْ ءَايَاتُنَا بَيِّنَـٰتٍ ۙ قَالَ ٱلَّذِينَ لَا يَرْجُونَ لِقَآءَنَا ٱئْتِ بِقُرْءَانٍ غَيْرِ هَـٰذَآ أَوْ بَدِّلْهُ ۚ قُلْ مَا يَكُونُ لِىٓ أَنْ أُبَدِّلَهُۥ مِن تِلْقَآئِ نَفْسِىٓ ۖ إِنْ أَتَّبِعُ إِلَّا مَا يُوحَىٰٓ إِلَىَّ ۖ إِنِّىٓ أَخَافُ إِنْ عَصَيْتُ رَبِّى عَذَابَ يَوْمٍ عَظِيمٍ,تِلْقَآئِ,يونس
الهمزة المفردة,المتحركة,مد,مد + همزة مكسورة,20,130,فَٱصْبِرْ عَلَىٰ مَا يَقُولُونَ وَسَبِّحْ بِحَمْدِ رَبِّكَ قَبْلَ طُلُوعِ ٱلشَّمْسِ وَقَبْلَ غُرُوبِهَا ۖ وَمِنْ ءَانَآئِ ٱلَّيْلِ فَسَبِّحْ وَأَطْرَافَ ٱلنَّهَارِ لَعَلَّكَ تَرْضَىٰ,ءَانَآئِ,طه
الهمزة المفردة,المتحركة,مد,مد + همزة مكسورة,2,228,وَٱلْمُطَلَّقَـٰتُ يَتَرَبَّصْنَ بِأَنفُسِهِنَّ ثَلَـٰثَةَ قُرُوٓءٍ ۚ وَلَا يَحِلُّ لَهُنَّ أَن يَكْتُمْنَ مَا خَلَقَ ٱللَّهُ فِىٓ أَرْحَامِهِنَّ إِن كُنَّ يُؤْمِنَّ بِٱللَّهِ وَٱلْيَوْمِ ٱلْءَاخِرِ ۚ وَبُعُولَتُهُنَّ أَحَقُّ بِرَدِّهِنَّ فِى ذَٰلِكَ إِنْ أَرَادُوٓا۟ إِصْلَـٰحًا ۚ وَلَهُنَّ مِثْلُ ٱلَّذِى عَلَيْهِنَّ بِٱلْمَعْرُوفِ ۚ وَلِلرِّجَالِ عَلَيْهِنَّ دَرَجَةٌ ۗ وَٱللَّهُ عَزِيزٌ حَكِيمٌ,قُرُوٓءٍ,البقرة
الهمزة المفردة,المتحركة,مد,مد + همزة مكسورة,8,58,وَإِمَّا تَخَافَنَّ مِن قَوْمٍ خِيَانَةً فَٱنۢبِذْ إِلَيْهِمْ عَلَىٰ سَوَآءٍ ۚ إِنَّ ٱللَّهَ لَا يُحِبُّ ٱلْخَآئِنِينَ,سَوَآءٍ,الأنفال
الهمزة المفردة,المتحركة,مد,مد + همزة مكسورة,2,114,وَمَنْ أَظْلَمُ مِمَّن مَّنَعَ مَسَـٰجِدَ ٱللَّهِ أَن يُذْكَرَ فِيهَا ٱسْمُهُۥ وَسَعَىٰ فِى خَرَابِهَآ ۚ أُو۟لَـٰٓئِكَ مَا كَانَ لَهُمْ أَن يَدْخُلُوهَآ إِلَّا خَآئِفِينَ ۚ لَهُمْ فِى ٱلدُّنْيَا خِزْىٌ وَلَهُمْ فِى ٱلْءَاخِرَةِ عَذَابٌ عَظِيمٌ,خَآئِفِينَ,البقرة
الهمزة المفردة,المتحركة,مد,مد + همزة مكسورة,22,26,وَإِذْ بَوَّأْنَا لِإِبْرَٰهِيمَ مَكَانَ ٱلْبَيْتِ أَن لَّا تُشْرِكْ بِى شَيْـًٔا وَطَهِّرْ بَيْتِىَ لِلطَّآئِفِينَ وَٱلْقَآئِمِينَ وَٱلرُّكَّعِ ٱلسُّجُودِ,ٱلْقَآئِمِينَ,الحج
الهمزة المفردة,المتحركة,مد,همزة مفتوحة + مد,20,130,فَٱصْبِرْ عَلَىٰ مَا يَقُولُونَ وَسَبِّحْ بِحَمْدِ رَبِّكَ قَبْلَ طُلُوعِ ٱلشَّمْسِ وَقَبْلَ غُرُوبِهَا ۖ وَمِنْ ءَانَآئِ ٱلَّيْلِ فَسَبِّحْ وَأَطْرَافَ ٱلنَّهَارِ لَعَلَّكَ تَرْضَىٰ,ءَانَآئِ,طه
الهمزة المفردة,المتحركة,مد,همزة مفتوحة + مد,60,4,قَدْ كَانَتْ لَكُمْ أُسْوَةٌ حَسَنَةٌ فِىٓ إِبْرَٰهِيمَ وَٱلَّذِينَ مَعَهُۥٓ إِذْ قَالُوا۟ لِقَوْمِهِمْ إِنَّا بُرَءَٰٓؤُا۟ مِنكُمْ وَمِمَّا تَعْبُدُونَ مِن دُونِ ٱللَّهِ كَفَرْنَا بِكُمْ وَبَدَا بَيْنَنَا وَبَيْنَكُمُ ٱلْعَدَٰوَةُ وَٱلْبَغْضَآءُ أَبَدًا حَتَّىٰ تُؤْمِنُوا۟ بِٱللَّهِ وَحْدَهُۥٓ إِلَّا قَوْلَ إِبْرَٰهِيمَ لِأَبِيهِ لَأَسْتَغْفِرَنَّ لَكَ وَمَآ أَمْلِكُ لَكَ مِنَ ٱللَّهِ مِن شَىْءٍ ۖ رَّبَّنَا عَلَيْكَ تَوَكَّلْنَا وَإِلَيْكَ أَنَبْنَا وَإِلَيْكَ ٱلْمَصِيرُ,بُرَءَٰٓؤُا۟,الممتحنة
الهمزة المفردة,المتحركة,ميم الجمع,ميم جمع + همزة مضمومة,2,78,وَمِنْهُمْ أُمِّيُّونَ لَا يَعْلَمُونَ ٱلْكِتَـٰبَ إِلَّآ أَمَانِىَّ وَإِنْ هُمْ إِلَّا يَظُنُّونَ,مِنْهُمْ أُمِّيُّونَ,البقرة
الهمزة المفردة,المتحركة,ميم الجمع,ميم جمع + همزة مفتوحة,2,28,كَيْفَ تَكْفُرُونَ بِٱللَّهِ وَكُنتُمْ أَمْوَٰتًا فَأَحْيَـٰكُمْ ۖ ثُمَّ يُمِيتُكُمْ ثُمَّ يُحْيِيكُمْ ثُمَّ إِلَيْهِ تُرْجَعُونَ,كُنتُمْ أَمْوَٰتًا,البقرة
الهمزة المفردة,المتحركة,ميم الجمع,ميم جمع + همزة مفتوحة,17,54,رَّبُّكُمْ أَعْلَمُ بِكُمْ ۖ إِن يَشَأْ يَرْحَمْكُمْ أَوْ إِن يَشَأْ يُعَذِّبْكُمْ ۚ وَمَآ أَرْسَلْنَـٰكَ عَلَيْهِمْ وَكِيلًا,رَّبُّكُمْ أَعْلَمُ,الإسراء
الهمزة المفردة,المتحركة,ميم الجمع,ميم جمع + همزة مفتوحة,17,54,رَّبُّكُمْ أَعْلَمُ بِكُمْ ۖ إِن يَشَأْ يَرْحَمْكُمْ أَوْ إِن يَشَأْ يُعَذِّبْكُمْ ۚ وَمَآ أَرْسَلْنَـٰكَ عَلَيْهِمْ وَكِيلًا,يَرْحَمْكُمْ أَوْ,الإسراء
الهمزة المفردة,المتحركة,ميم الجمع,ميم جمع + همزة مكسورة,17,54,رَّبُّكُمْ أَعْلَمُ بِكُمْ ۖ إِن يَشَأْ يَرْحَمْكُمْ أَوْ إِن يَشَأْ يُعَذِّبْكُمْ ۚ وَمَآ أَرْسَلْنَـٰكَ عَلَيْهِمْ وَكِيلًا,بِكُمْ إِن,الإسراء
الهمزة المفردة,المتحركة,ميم الجمع,ميم جمع + همزة وصل,36,14,إِذْ أَرْسَلْنَآ إِلَيْهِمُ ٱثْنَيْنِ فَكَذَّبُوهُمَا فَعَزَّزْنَا بِثَالِثٍ فَقَالُوٓا۟ إِنَّآ إِلَيْكُم مُّرْسَلُونَ,إِلَيْهِمُ ٱثْنَيْنِ,يس
الهمزة المفردة,المتحركة,هاء السكت,هاء سكت ساكنة + همزة مكسورة,69,19-20,فَأَمَّا مَنْ أُوتِىَ كِتَـٰبَهُۥ بِيَمِينِهِۦ فَيَقُولُ هَآؤُمُ ٱقْرَءُوا۟ كِتَـٰبِيَهْ ,كِتَـٰبِيَهْ ,الحاقة
الهمزة المفردة,الساكنة,بعد واو الجماعة,واو الجماعة + همزة ساكنة,45,25,وَإِذَا تُتْلَىٰ عَلَيْهِمْ ءَايَـٰتُنَا بَيِّنَـٰتٍ مَّا كَانَ حُجَّتَهُمْ إِلَّآ أَن قَالُوا۟ ٱئْتُوا۟ بِـَٔابَآئِنَآ إِن كُنتُمْ صَـٰدِقِينَ,قَالُوا۟ ٱئْتُوا۟,الجاثية
الهمزة المفردة,المتحركة,بعد واو الجماعة,واو الجماعة + همزة مفتوحة,37,69,إِنَّهُمْ أَلْفَوْا۟ ءَابَآءَهُمْ ضَآلِّينَ,أَلْفَوْا۟ ءَابَآءَهُمْ,الصافات
الهمزة المفردة,المتحركة,بعد واو الجماعة,واو الجماعة + همزة مكسورة,2,14,وَإِذَا لَقُوا۟ ٱلَّذِينَ ءَامَنُوا۟ قَالُوٓا۟ ءَامَنَّا وَإِذَا خَلَوْا۟ إِلَىٰ شَيَـٰطِينِهِمْ قَالُوٓا۟ إِنَّا مَعَكُمْ إِنَّمَا نَحْنُ مُسْتَهْزِءُونَ,خَلَوْا۟ إِلَىٰ,البقرة
الهمزة المفردة,المتحركة,ياء لين,ياء لين ساكنة + همزة قطع مفتوحة,5,27,وَٱتْلُ عَلَيْهِمْ نَبَأَ ٱبْنَىْ ءَادَمَ بِٱلْحَقِّ إِذْ قَرَّبَا قُرْبَانًا فَتُقُبِّلَ مِنْ أَحَدِهِمَا وَلَمْ يُتَقَبَّلْ مِنَ ٱلْءَاخَرِ قَالَ لَأَقْتُلَنَّكَ ۖ قَالَ إِنَّمَا يَتَقَبَّلُ ٱللَّهُ مِنَ ٱلْمُتَّقِينَ,ٱبْنَىْ ءَادَمَ,المائدة
الهمزتان,في كلمة واحدة,الهمزة الداخلة على ألف اللام,مفتوحة + مفتوحة,6,143,ثَمَـٰنِيَةَ أَزْوَٰجٍ ۖ مِّنَ ٱلضَّأْنِ ٱثْنَيْنِ وَمِنَ ٱلْمَعْزِ ٱثْنَيْنِ ۗ قُلْ ءَآلذَّكَرَيْنِ حَرَّمَ أَمِ ٱلْأُنثَيَيْنِ أَمَّا ٱشْتَمَلَتْ عَلَيْهِ أَرْحَامُ ٱلْأُنثَيَيْنِ ۖ نَبِّـُٔونِى بِعِلْمٍ إِن كُنتُمْ صَـٰدِقِينَ,ءَآلذَّكَرَيْنِ,الأنعام
الهمزتان,في كلمة واحدة,الهمزة الداخلة على ألف اللام,مفتوحة + مفتوحة,6,144,وَمِنَ ٱلْإِبِلِ ٱثْنَيْنِ وَمِنَ ٱلْبَقَرِ ٱثْنَيْنِ ۗ قُلْ ءَآلذَّكَرَيْنِ حَرَّمَ أَمِ ٱلْأُنثَيَيْنِ أَمَّا ٱشْتَمَلَتْ عَلَيْهِ أَرْحَامُ ٱلْأُنثَيَيْنِ ۖ أَمْ كُنتُمْ شُهَدَآءَ إِذْ وَصَّىٰكُمُ ٱللَّهُ بِهَـٰذَا ۚ فَمَنْ أَظْلَمُ مِمَّنِ ٱفْتَرَىٰ عَلَى ٱللَّهِ كَذِبًا لِّيُضِلَّ ٱلنَّاسَ بِغَيْرِ عِلْمٍ ۗ إِنَّ ٱللَّهَ لَا يَهْدِى ٱلْقَوْمَ ٱلظَّـٰلِمِينَ,ءَآلذَّكَرَيْنِ,الأنعام
الهمزتان,في كلمة واحدة,الهمزة الداخلة على ألف اللام,مفتوحة + مفتوحة,10,51,أَثُمَّ إِذَا مَا وَقَعَ ءَامَنتُم بِهِۦٓ ۚ ءَآلْـَٔـٰنَ وَقَدْ كُنتُم بِهِۦ تَسْتَعْجِلُونَ,ءَآلْـَٔـٰنَ,يونس
الهمزتان,في كلمة واحدة,الهمزة الداخلة على ألف اللام,مفتوحة + مفتوحة,10,91,ءَآلْـَٔـٰنَ وَقَدْ عَصَيْتَ قَبْلُ وَكُنتَ مِنَ ٱلْمُفْسِدِينَ,ءَآلْـَٔـٰنَ,يونس
الهمزتان,في كلمة واحدة,الهمزة الداخلة على ألف اللام,مفتوحة + مفتوحة,10,59,قُلْ أَرَءَيْتُم مَّآ أَنزَلَ ٱللَّهُ لَكُم مِّن رِّزْقٍ فَجَعَلْتُم مِّنْهُ حَرَامًا وَحَلَـٰلًا قُلْ ءَآللَّهُ أَذِنَ لَكُمْ ۖ أَمْ عَلَى ٱللَّهِ تَفْتَرُونَ,ءَآللَّهُ,يونس
الهمزتان,في كلمة واحدة,الهمزة الداخلة على ألف اللام,مفتوحة + مفتوحة,27,59,قُلِ ٱلْحَمْدُ لِلَّهِ وَسَلَـٰمٌ عَلَىٰ عِبَادِهِ ٱلَّذِينَ ٱصْطَفَىٰٓ ۗ ءَآللَّهُ خَيْرٌ أَمَّا يُشْرِكُونَ,ءَآللَّهُ,النمل
الهمزتان,في كلمتين,متماثلتان,مضمومة + مضمومة,46,32,وَمَن لَّا يُجِبْ دَاعِىَ ٱللَّهِ فَلَيْسَ بِمُعْجِزٍ فِى ٱلْأَرْضِ وَلَيْسَ لَهُۥ مِن دُونِهِۦٓ أَوْلِيَآءُ ۚ أُو۟لَـٰٓئِكَ فِى ضَلَـٰلٍ مُّبِينٍ,أَوْلِيَآءُ أُو۟لَـٰٓئِكَ,الأحقاف
الهمزتان,في كلمة واحدة,متماثلتان,مفتوحة + مفتوحة,2,6,إِنَّ ٱلَّذِينَ كَفَرُوا۟ سَوَآءٌ عَلَيْهِمْ ءَأَنذَرْتَهُمْ أَمْ لَمْ تُنذِرْهُمْ لَا يُؤْمِنُونَ,ءَأَنذَرْتَهُمْ,البقرة
الهمزتان,في كلمة واحدة,متماثلتان,مفتوحة + مفتوحة,2,140,أَمْ تَقُولُونَ إِنَّ إِبْرَٰهِـۧمَ وَإِسْمَـٰعِيلَ وَإِسْحَـٰقَ وَيَعْقُوبَ وَٱلْأَسْبَاطَ كَانُوا۟ هُودًا أَوْ نَصَـٰرَىٰ ۗ قُلْ ءَأَنتُمْ أَعْلَمُ أَمِ ٱللَّهُ ۗ وَمَنْ أَظْلَمُ مِمَّن كَتَمَ شَهَـٰدَةً عِندَهُۥ مِنَ ٱللَّهِ ۗ وَمَا ٱللَّهُ بِغَـٰفِلٍ عَمَّا تَعْمَلُونَ,ءَأَنتُمْ,البقرة
الهمزتان,في كلمة واحدة,متماثلتان,مفتوحة + مفتوحة,3,20,فَإِنْ حَآجُّوكَ فَقُلْ أَسْلَمْتُ وَجْهِىَ لِلَّهِ وَمَنِ ٱتَّبَعَنِ ۗ وَقُل لِّلَّذِينَ أُوتُوا۟ ٱلْكِتَـٰبَ وَٱلْأُمِّيِّـۧنَ ءَأَسْلَمْتُمْ ۚ فَإِنْ أَسْلَمُوا۟ فَقَدِ ٱهْتَدَوا۟ ۖ وَّإِن تَوَلَّوْا۟ فَإِنَّمَا عَلَيْكَ ٱلْبَلَـٰغُ ۗ وَٱللَّهُ بَصِيرٌۢ بِٱلْعِبَادِ,ءَأَسْلَمْتُمْ,آل عمران
الهمزتان,في كلمة واحدة,متماثلتان,مفتوحة + مفتوحة,3,81,وَإِذْ أَخَذَ ٱللَّهُ مِيثَـٰقَ ٱلنَّبِيِّـۧنَ لَمَآ ءَاتَيْتُكُم مِّن كِتَـٰبٍ وَحِكْمَةٍ ثُمَّ جَآءَكُمْ رَسُولٌ مُّصَدِّقٌ لِّمَا مَعَكُمْ لَتُؤْمِنُنَّ بِهِۦ وَلَتَنصُرُنَّهُۥ ۚ قَالَ ءَأَقْرَرْتُمْ وَأَخَذْتُمْ عَلَىٰ ذَٰلِكُمْ إِصْرِى ۖ قَالُوٓا۟ أَقْرَرْنَا ۚ قَالَ فَٱشْهَدُوا۟ وَأَنَا۠ مَعَكُم مِّنَ ٱلشَّـٰهِدِينَ,ءَأَقْرَرْتُمْ,آل عمران
الهمزتان,في كلمة واحدة,متماثلتان,مفتوحة + مفتوحة,5,116,وَإِذْ قَالَ ٱللَّهُ يَـٰعِيسَى ٱبْنَ مَرْيَمَ ءَأَنتَ قُلْتَ لِلنَّاسِ ٱتَّخِذُونِى وَأُمِّىَ إِلَـٰهَيْنِ مِن دُونِ ٱللَّهِ ۖ قَالَ سُبْحَـٰنَكَ مَا يَكُونُ لِىٓ أَنْ أَقُولَ مَا لَيْسَ لِى بِحَقٍّ ۚ إِن كُنتُ قُلْتُهُۥ فَقَدْ عَلِمْتَهُۥ ۚ تَعْلَمُ مَا فِى نَفْسِى وَلَآ أَعْلَمُ مَا فِى نَفْسِكَ ۚ إِنَّكَ أَنتَ عَلَّـٰمُ ٱلْغُيُوبِ,ءَأَنتَ,المائدة
الهمزتان,في كلمة واحدة,متماثلتان,مفتوحة + مفتوحة,11,72,قَالَتْ يَـٰوَيْلَتَىٰٓ ءَأَلِدُ وَأَنَا۠ عَجُوزٌ وَهَـٰذَا بَعْلِى شَيْخًا ۖ إِنَّ هَـٰذَا لَشَىْءٌ عَجِيبٌ,ءَأَلِدُ,هود
الهمزتان,في كلمة واحدة,متماثلتان,مفتوحة + مفتوحة,12,39,يَـٰصَـٰحِبَىِ ٱلسِّجْنِ ءَأَرْبَابٌ مُّتَفَرِّقُونَ خَيْرٌ أَمِ ٱللَّهُ ٱلْوَٰحِدُ ٱلْقَهَّارُ,ءَأَرْبَابٌ,يوسف
الهمزتان,في كلمة واحدة,متماثلتان,مفتوحة + مفتوحة,17,61,وَإِذْ قُلْنَا لِلْمَلَـٰٓئِكَةِ ٱسْجُدُوا۟ لِـَٔادَمَ فَسَجَدُوٓا۟ إِلَّآ إِبْلِيسَ قَالَ ءَأَسْجُدُ لِمَنْ خَلَقْتَ طِينًا,ءَأَسْجُدُ,الإسراء
الهمزتان,في كلمة واحدة,متماثلتان,مفتوحة + مفتوحة,21,62,قَالُوٓا۟ ءَأَنتَ فَعَلْتَ هَـٰذَا بِـَٔالِهَتِنَا يَـٰٓإِبْرَٰهِيمُ,ءَأَنتَ,الأنبياء
الهمزتان,في كلمة واحدة,متماثلتان,مفتوحة + مفتوحة,25,17,وَيَوْمَ يَحْشُرُهُمْ وَمَا يَعْبُدُونَ مِن دُونِ ٱللَّهِ فَيَقُولُ ءَأَنتُمْ أَضْلَلْتُمْ عِبَادِى هَـٰٓؤُلَآءِ أَمْ هُمْ ضَلُّوا۟ ٱلسَّبِيلَ,ءَأَنتُمْ,الفرقان
الهمزتان,في كلمة واحدة,متماثلتان,مفتوحة + مفتوحة,27,40,قَالَ ٱلَّذِى عِندَهُۥ عِلْمٌ مِّنَ ٱلْكِتَـٰبِ أَنَا۠ ءَاتِيكَ بِهِۦ قَبْلَ أَن يَرْتَدَّ إِلَيْكَ طَرْفُكَ ۚ فَلَمَّا رَءَاهُ مُسْتَقِرًّا عِندَهُۥ قَالَ هَـٰذَا مِن فَضْلِ رَبِّى لِيَبْلُوَنِىٓ ءَأَشْكُرُ أَمْ أَكْفُرُ ۖ وَمَن شَكَرَ فَإِنَّمَا يَشْكُرُ لِنَفْسِهِۦ ۖ وَمَن كَفَرَ فَإِنَّ رَبِّى غَنِىٌّ كَرِيمٌ,ءَأَشْكُرُ,النمل
الهمزتان,في كلمة واحدة,متماثلتان,مفتوحة + مفتوحة,36,10,وَسَوَآءٌ عَلَيْهِمْ ءَأَنذَرْتَهُمْ أَمْ لَمْ تُنذِرْهُمْ لَا يُؤْمِنُونَ,ءَأَنذَرْتَهُمْ,يس
الهمزتان,في كلمة واحدة,متماثلتان,مفتوحة + مفتوحة,36,23,ءَأَتَّخِذُ مِن دُونِهِۦٓ ءَالِهَةً إِن يُرِدْنِ ٱلرَّحْمَـٰنُ بِضُرٍّ لَّا تُغْنِ عَنِّى شَفَـٰعَتُهُمْ شَيْـًٔا وَلَا يُنقِذُونِ,ءَأَتَّخِذُ,يس
الهمزتان,في كلمة واحدة,متماثلتان,مفتوحة + مفتوحة,56,59,ءَأَنتُمْ تَخْلُقُونَهُۥٓ أَمْ نَحْنُ ٱلْخَـٰلِقُونَ,ءَأَنتُمْ,الواقعة
الهمزتان,في كلمة واحدة,متماثلتان,مفتوحة + مفتوحة,56,64,ءَأَنتُمْ تَزْرَعُونَهُۥٓ أَمْ نَحْنُ ٱلزَّٰرِعُونَ,ءَأَنتُمْ,الواقعة
الهمزتان,في كلمة واحدة,متماثلتان,مفتوحة + مفتوحة,56,69,ءَأَنتُمْ أَنزَلْتُمُوهُ مِنَ ٱلْمُزْنِ أَمْ نَحْنُ ٱلْمُنزِلُونَ,ءَأَنتُمْ,الواقعة
الهمزتان,في كلمة واحدة,متماثلتان,مفتوحة + مفتوحة,56,72,ءَأَنتُمْ أَنشَأْتُمْ شَجَرَتَهَآ أَمْ نَحْنُ ٱلْمُنشِـُٔونَ,ءَأَنتُمْ,الواقعة
الهمزتان,في كلمة واحدة,متماثلتان,مفتوحة + مفتوحة,58,13,ءَأَشْفَقْتُمْ أَن تُقَدِّمُوا۟ بَيْنَ يَدَىْ نَجْوَىٰكُمْ صَدَقَـٰتٍ ۚ فَإِذْ لَمْ تَفْعَلُوا۟ وَتَابَ ٱللَّهُ عَلَيْكُمْ فَأَقِيمُوا۟ ٱلصَّلَوٰةَ وَءَاتُوا۟ ٱلزَّكَوٰةَ وَأَطِيعُوا۟ ٱللَّهَ وَرَسُولَهُۥ ۚ وَٱللَّهُ خَبِيرٌۢ بِمَا تَعْمَلُونَ,ءَأَشْفَقْتُمْ,المجادلة
الهمزتان,في كلمة واحدة,متماثلتان,مفتوحة + مفتوحة,79,27,ءَأَنتُمْ أَشَدُّ خَلْقًا أَمِ ٱلسَّمَآءُ ۚ بَنَىٰهَا,ءَأَنتُمْ,النازعات
الهمزتان,في كلمة واحدة,متماثلتان,مفتوحة + مفتوحة,41,44,وَلَوْ جَعَلْنَـٰهُ قُرْءَانًا أَعْجَمِيًّا لَّقَالُوا۟ لَوْلَا فُصِّلَتْ ءَايَـٰتُهُۥٓ ۖ ءَا۬عْجَمِىٌّ وَعَرَبِىٌّ ۗ قُلْ هُوَ لِلَّذِينَ ءَامَنُوا۟ هُدًى وَشِفَآءٌ ۖ وَٱلَّذِينَ لَا يُؤْمِنُونَ فِىٓ ءَاذَانِهِمْ وَقْرٌ وَهُوَ عَلَيْهِمْ عَمًى ۚ أُو۟لَـٰٓئِكَ يُنَادَوْنَ مِن مَّكَانٍۭ بَعِيدٍ,ءَا۬عْجَمِىٌّ,فصلت
الهمزتان,في كلمة واحدة,متماثلتان,مفتوحة + مفتوحة,43,58,وَقَالُوٓا۟ ءَأَـٰلِهَتُنَا خَيْرٌ أَمْ هُوَ ۚ مَا ضَرَبُوهُ لَكَ إِلَّا جَدَلًۢا ۚ بَلْ هُمْ قَوْمٌ خَصِمُونَ,ءَأَـٰلِهَتُنَا,الزخرف
الهمزتان,في كلمة واحدة,متماثلتان,مفتوحة + مفتوحة,67,16,ءَأَمِنتُم مَّن فِى ٱلسَّمَآءِ أَن يَخْسِفَ بِكُمُ ٱلْأَرْضَ فَإِذَا هِىَ تَمُورُ,ءَأَمِنتُم,الملك
الهمزتان,في كلمتين,متماثلتان,مفتوحة + مفتوحة,4,5,وَلَا تُؤْتُوا۟ ٱلسُّفَهَآءَ أَمْوَٰلَكُمُ ٱلَّتِى جَعَلَ ٱللَّهُ لَكُمْ قِيَـٰمًا وَٱرْزُقُوهُمْ فِيهَا وَٱكْسُوهُمْ وَقُولُوا۟ لَهُمْ قَوْلًا مَّعْرُوفًا,ٱلسُّفَهَآءَ أَمْوَٰلَكُمُ,النساء
الهمزتان,في كلمتين,متماثلتان,مفتوحة + مفتوحة,4,43,يَـٰٓأَيُّهَا ٱلَّذِينَ ءَامَنُوا۟ لَا تَقْرَبُوا۟ ٱلصَّلَوٰةَ وَأَنتُمْ سُكَـٰرَىٰ حَتَّىٰ تَعْلَمُوا۟ مَا تَقُولُونَ وَلَا جُنُبًا إِلَّا عَابِرِى سَبِيلٍ حَتَّىٰ تَغْتَسِلُوا۟ ۚ وَإِن كُنتُم مَّرْضَىٰٓ أَوْ عَلَىٰ سَفَرٍ أَوْ جَآءَ أَحَدٌ مِّنكُم مِّنَ ٱلْغَآئِطِ أَوْ لَـٰمَسْتُمُ ٱلنِّسَآءَ فَلَمْ تَجِدُوا۟ مَآءً فَتَيَمَّمُوا۟ صَعِيدًا طَيِّبًا فَٱمْسَحُوا۟ بِوُجُوهِكُمْ وَأَيْدِيكُمْ ۗ إِنَّ ٱللَّهَ كَانَ عَفُوًّا غَفُورًا,جَآءَ أَحَدٌ,النساء
الهمزتان,في كلمتين,متماثلتان,مفتوحة + مفتوحة,5,6,يَـٰٓأَيُّهَا ٱلَّذِينَ ءَامَنُوٓا۟ إِذَا قُمْتُمْ إِلَى ٱلصَّلَوٰةِ فَٱغْسِلُوا۟ وُجُوهَكُمْ وَأَيْدِيَكُمْ إِلَى ٱلْمَرَافِقِ وَٱمْسَحُوا۟ بِرُءُوسِكُمْ وَأَرْجُلَكُمْ إِلَى ٱلْكَعْبَيْنِ ۚ وَإِن كُنتُمْ جُنُبًا فَٱطَّهَّرُوا۟ ۚ وَإِن كُنتُم مَّرْضَىٰٓ أَوْ عَلَىٰ سَفَرٍ أَوْ جَآءَ أَحَدٌ مِّنكُم مِّنَ ٱلْغَآئِطِ أَوْ لَـٰمَسْتُمُ ٱلنِّسَآءَ فَلَمْ تَجِدُوا۟ مَآءً فَتَيَمَّمُوا۟ صَعِيدًا طَيِّبًا فَٱمْسَحُوا۟ بِوُجُوهِكُمْ وَأَيْدِيكُم مِّنْهُ ۚ مَا يُرِيدُ ٱللَّهُ لِيَجْعَلَ عَلَيْكُم مِّنْ حَرَجٍ وَلَـٰكِن يُرِيدُ لِيُطَهِّرَكُمْ وَلِيُتِمَّ نِعْمَتَهُۥ عَلَيْكُمْ لَعَلَّكُمْ تَشْكُرُونَ,جَآءَ أَحَدٌ,المائدة
الهمزتان,في كلمتين,متماثلتان,مفتوحة + مفتوحة,6,61,وَهُوَ ٱلْقَاهِرُ فَوْقَ عِبَادِهِۦ ۖ وَيُرْسِلُ عَلَيْكُمْ حَفَظَةً حَتَّىٰٓ إِذَا جَآءَ أَحَدَكُمُ ٱلْمَوْتُ تَوَفَّتْهُ رُسُلُنَا وَهُمْ لَا يُفَرِّطُونَ,جَآءَ أَحَدَكُمُ,الأنعام
الهمزتان,في كلمتين,متماثلتان,مفتوحة + مفتوحة,7,34,وَلِكُلِّ أُمَّةٍ أَجَلٌ ۖ فَإِذَا جَآءَ أَجَلُهُمْ لَا يَسْتَأْخِرُونَ سَاعَةً ۖ وَلَا يَسْتَقْدِمُونَ,جَآءَ أَجَلُهُمْ,الأعراف
الهمزتان,في كلمتين,متماثلتان,مفتوحة + مفتوحة,7,47,وَإِذَا صُرِفَتْ أَبْصَـٰرُهُمْ تِلْقَآءَ أَصْحَـٰبِ ٱلنَّارِ قَالُوا۟ رَبَّنَا لَا تَجْعَلْنَا مَعَ ٱلْقَوْمِ ٱلظَّـٰلِمِينَ,تِلْقَآءَ أَصْحَـٰبِ,الأعراف
الهمزتان,في كلمتين,متماثلتان,مفتوحة + مفتوحة,10,49,قُل لَّآ أَمْلِكُ لِنَفْسِى ضَرًّا وَلَا نَفْعًا إِلَّا مَا شَآءَ ٱللَّهُ ۗ لِكُلِّ أُمَّةٍ أَجَلٌ ۚ إِذَا جَآءَ أَجَلُهُمْ فَلَا يَسْتَـْٔخِرُونَ سَاعَةً ۖ وَلَا يَسْتَقْدِمُونَ,جَآءَ أَجَلُهُمْ,يونس
الهمزتان,في كلمتين,متماثلتان,مفتوحة + مفتوحة,11,40,حَتَّىٰٓ إِذَا جَآءَ أَمْرُنَا وَفَارَ ٱلتَّنُّورُ قُلْنَا ٱحْمِلْ فِيهَا مِن كُلٍّ زَوْجَيْنِ ٱثْنَيْنِ وَأَهْلَكَ إِلَّا مَن سَبَقَ عَلَيْهِ ٱلْقَوْلُ وَمَنْ ءَامَنَ ۚ وَمَآ ءَامَنَ مَعَهُۥٓ إِلَّا قَلِيلٌ,جَآءَ أَمْرُنَا,هود
الهمزتان,في كلمتين,متماثلتان,مفتوحة + مفتوحة,11,58,وَلَمَّا جَآءَ أَمْرُنَا نَجَّيْنَا هُودًا وَٱلَّذِينَ ءَامَنُوا۟ مَعَهُۥ بِرَحْمَةٍ مِّنَّا وَنَجَّيْنَـٰهُم مِّنْ عَذَابٍ غَلِيظٍ,جَآءَ أَمْرُنَا,هود
الهمزتان,في كلمتين,متماثلتان,مفتوحة + مفتوحة,11,66,فَلَمَّا جَآءَ أَمْرُنَا نَجَّيْنَا صَـٰلِحًا وَٱلَّذِينَ ءَامَنُوا۟ مَعَهُۥ بِرَحْمَةٍ مِّنَّا وَمِنْ خِزْىِ يَوْمِئِذٍ ۗ إِنَّ رَبَّكَ هُوَ ٱلْقَوِىُّ ٱلْعَزِيزُ,جَآءَ أَمْرُنَا,هود
الهمزتان,في كلمتين,متماثلتان,مفتوحة + مفتوحة,11,76,يَـٰٓإِبْرَٰهِيمُ أَعْرِضْ عَنْ هَـٰذَآ ۖ إِنَّهُۥ قَدْ جَآءَ أَمْرُ رَبِّكَ ۖ وَإِنَّهُمْ ءَاتِيهِمْ عَذَابٌ غَيْرُ مَرْدُودٍ,جَآءَ أَمْرُ رَبِّكَ,هود
الهمزتان,في كلمتين,متماثلتان,مفتوحة + مفتوحة,11,82,فَلَمَّا جَآءَ أَمْرُنَا جَعَلْنَا عَـٰلِيَهَا سَافِلَهَا وَأَمْطَرْنَا عَلَيْهَا حِجَارَةً مِّن سِجِّيلٍ مَّنضُودٍ,جَآءَ أَمْرُنَا,هود
الهمزتان,في كلمتين,متماثلتان,مفتوحة + مفتوحة,11,94,وَلَمَّا جَآءَ أَمْرُنَا نَجَّيْنَا شُعَيْبًا وَٱلَّذِينَ ءَامَنُوا۟ مَعَهُۥ بِرَحْمَةٍ مِّنَّا وَأَخَذَتِ ٱلَّذِينَ ظَلَمُوا۟ ٱلصَّيْحَةُ فَأَصْبَحُوا۟ فِى دِيَـٰرِهِمْ جَـٰثِمِينَ,جَآءَ أَمْرُنَا,هود
الهمزتان,في كلمتين,متماثلتان,مفتوحة + مفتوحة,11,101,وَمَا ظَلَمْنَـٰهُمْ وَلَـٰكِن ظَلَمُوٓا۟ أَنفُسَهُمْ ۖ فَمَآ أَغْنَتْ عَنْهُمْ ءَالِهَتُهُمُ ٱلَّتِى يَدْعُونَ مِن دُونِ ٱللَّهِ مِن شَىْءٍ لَّمَّا جَآءَ أَمْرُ رَبِّكَ ۖ وَمَا زَادُوهُمْ غَيْرَ تَتْبِيبٍ,جَآءَ أَمْرُ رَبِّكَ,هود
الهمزتان,في كلمتين,متماثلتان,مفتوحة + مفتوحة,15,67,وَجَآءَ أَهْلُ ٱلْمَدِينَةِ يَسْتَبْشِرُونَ,جَآءَ أَهْلُ,الحجر
الهمزتان,في كلمتين,متماثلتان,مفتوحة + مفتوحة,16,61,وَلَوْ يُؤَاخِذُ ٱللَّهُ ٱلنَّاسَ بِظُلْمِهِم مَّا تَرَكَ عَلَيْهَا مِن دَآبَّةٍ وَلَـٰكِن يُؤَخِّرُهُمْ إِلَىٰٓ أَجَلٍ مُّسَمًّى ۖ فَإِذَا جَآءَ أَجَلُهُمْ لَا يَسْتَـْٔخِرُونَ سَاعَةً ۖ وَلَا يَسْتَقْدِمُونَ,جَآءَ أَجَلُهُمْ,النحل
الهمزتان,في كلمتين,متماثلتان,مفتوحة + مفتوحة,22,65,أَلَمْ تَرَ أَنَّ ٱللَّهَ سَخَّرَ لَكُم مَّا فِى ٱلْأَرْضِ وَٱلْفُلْكَ تَجْرِى فِى ٱلْبَحْرِ بِأَمْرِهِۦ وَيُمْسِكُ ٱلسَّمَآءَ أَن تَقَعَ عَلَى ٱلْأَرْضِ إِلَّا بِإِذْنِهِۦٓ ۗ إِنَّ ٱللَّهَ بِٱلنَّاسِ لَرَءُوفٌ رَّحِيمٌ,ٱلسَّمَآءَ أَن,الحج
الهمزتان,في كلمتين,متماثلتان,مفتوحة + مفتوحة,23,27,فَأَوْحَيْنَآ إِلَيْهِ أَنِ ٱصْنَعِ ٱلْفُلْكَ بِأَعْيُنِنَا وَوَحْيِنَا فَإِذَا جَآءَ أَمْرُنَا وَفَارَ ٱلتَّنُّورُ ۙ فَٱسْلُكْ فِيهَا مِن كُلٍّ زَوْجَيْنِ ٱثْنَيْنِ وَأَهْلَكَ إِلَّا مَن سَبَقَ عَلَيْهِ ٱلْقَوْلُ مِنْهُمْ ۖ وَلَا تُخَـٰطِبْنِى فِى ٱلَّذِينَ ظَلَمُوٓا۟ ۖ إِنَّهُم مُّغْرَقُونَ,جَآءَ أَمْرُنَا,المؤمنون
الهمزتان,في كلمتين,متماثلتان,مفتوحة + مفتوحة,23,99,حَتَّىٰٓ إِذَا جَآءَ أَحَدَهُمُ ٱلْمَوْتُ قَالَ رَبِّ ٱرْجِعُونِ,جَآءَ أَحَدَهُمُ,المؤمنون
الهمزتان,في كلمتين,متماثلتان,مفتوحة + مفتوحة,25,57,قُلْ مَآ أَسْـَٔلُكُمْ عَلَيْهِ مِنْ أَجْرٍ إِلَّا مَن شَآءَ أَن يَتَّخِذَ إِلَىٰ رَبِّهِۦ سَبِيلًا,شَآءَ أَن,الفرقان
الهمزتان,في كلمتين,متماثلتان,مفتوحة + مفتوحة,33,24,لِّيَجْزِىَ ٱللَّهُ ٱلصَّـٰدِقِينَ بِصِدْقِهِمْ وَيُعَذِّبَ ٱلْمُنَـٰفِقِينَ إِن شَآءَ أَوْ يَتُوبَ عَلَيْهِمْ ۚ إِنَّ ٱللَّهَ كَانَ غَفُورًا رَّحِيمًا,شَآءَ أَوْ,الأحزاب
الهمزتان,في كلمتين,متماثلتان,مفتوحة + مفتوحة,35,45,وَلَوْ يُؤَاخِذُ ٱللَّهُ ٱلنَّاسَ بِمَا كَسَبُوا۟ مَا تَرَكَ عَلَىٰ ظَهْرِهَا مِن دَآبَّةٍ وَلَـٰكِن يُؤَخِّرُهُمْ إِلَىٰٓ أَجَلٍ مُّسَمًّى ۖ فَإِذَا جَآءَ أَجَلُهُمْ فَإِنَّ ٱللَّهَ كَانَ بِعِبَادِهِۦ بَصِيرًۢا,جَآءَ أَجَلُهُمْ,فاطر
الهمزتان,في كلمتين,متماثلتان,مفتوحة + مفتوحة,40,78,وَلَقَدْ أَرْسَلْنَا رُسُلًا مِّن قَبْلِكَ مِنْهُم مَّن قَصَصْنَا عَلَيْكَ وَمِنْهُم مَّن لَّمْ نَقْصُصْ عَلَيْكَ ۗ وَمَا كَانَ لِرَسُولٍ أَن يَأْتِىَ بِـَٔايَةٍ إِلَّا بِإِذْنِ ٱللَّهِ ۚ فَإِذَا جَآءَ أَمْرُ ٱللَّهِ قُضِىَ بِٱلْحَقِّ وَخَسِرَ هُنَالِكَ ٱلْمُبْطِلُونَ,جَآءَ أَمْرُ ٱللَّهِ,غافر
الهمزتان,في كلمتين,متماثلتان,مفتوحة + مفتوحة,47,18,فَهَلْ يَنظُرُونَ إِلَّا ٱلسَّاعَةَ أَن تَأْتِيَهُم بَغْتَةً ۖ فَقَدْ جَآءَ أَشْرَاطُهَا ۚ فَأَنَّىٰ لَهُمْ إِذَا جَآءَتْهُمْ ذِكْرَىٰهُمْ,جَآءَ أَشْرَاطُهَا,محمد
الهمزتان,في كلمتين,متماثلتان,مفتوحة + مفتوحة,57,14,يُنَادُونَهُمْ أَلَمْ نَكُن مَّعَكُمْ ۖ قَالُوا۟ بَلَىٰ وَلَـٰكِنَّكُمْ فَتَنتُمْ أَنفُسَكُمْ وَتَرَبَّصْتُمْ وَٱرْتَبْتُمْ وَغَرَّتْكُمُ ٱلْأَمَانِىُّ حَتَّىٰ جَآءَ أَمْرُ ٱللَّهِ وَغَرَّكُم بِٱللَّهِ ٱلْغَرُورُ,جَآءَ أَمْرُ ٱللَّهِ,الحديد
الهمزتان,في كلمتين,متماثلتان,مفتوحة + مفتوحة,63,11,وَلَن يُؤَخِّرَ ٱللَّهُ نَفْسًا إِذَا جَآءَ أَجَلُهَا ۚ وَٱللَّهُ خَبِيرٌۢ بِمَا تَعْمَلُونَ,جَآءَ أَجَلُهَا,المنافقون
الهمزتان,في كلمتين,متماثلتان,مفتوحة + مفتوحة,80,22,ثُمَّ إِذَا شَآءَ أَنشَرَهُۥ,شَآءَ أَنشَرَهُۥ,عبس
الهمزتان,في كلمتين,متماثلتان,مفتوحة + مفتوحة,15,61,فَلَمَّا جَآءَ ءَالَ لُوطٍ ٱلْمُرْسَلُونَ,جَآءَ ءَالَ لُوطٍ,الحجر
الهمزتان,في كلمتين,متماثلتان,مفتوحة + مفتوحة,54,41,وَلَقَدْ جَآءَ ءَالَ فِرْعَوْنَ ٱلنُّذُرُ,جَآءَ ءَالَ فِرْعَوْنَ,القمر
الهمزتان,في كلمتين,متماثلتان,مكسورة + مكسورة,2,31,وَعَلَّمَ ءَادَمَ ٱلْأَسْمَآءَ كُلَّهَا ثُمَّ عَرَضَهُمْ عَلَى ٱلْمَلَـٰٓئِكَةِ فَقَالَ أَنۢبِـُٔونِى بِأَسْمَآءِ هَـٰٓؤُلَآءِ إِن كُنتُمْ صَـٰدِقِينَ,هَـٰٓؤُلَآءِ إِن,البقرة
الهمزتان,في كلمتين,متماثلتان,مكسورة + مكسورة,24,33,وَلْيَسْتَعْفِفِ ٱلَّذِينَ لَا يَجِدُونَ نِكَاحًا حَتَّىٰ يُغْنِيَهُمُ ٱللَّهُ مِن فَضْلِهِۦ ۗ وَٱلَّذِينَ يَبْتَغُونَ ٱلْكِتَـٰبَ مِمَّا مَلَكَتْ أَيْمَـٰنُكُمْ فَكَاتِبُوهُمْ إِنْ عَلِمْتُمْ فِيهِمْ خَيْرًا ۖ وَءَاتُوهُم مِّن مَّالِ ٱللَّهِ ٱلَّذِىٓ ءَاتَىٰكُمْ ۚ وَلَا تُكْرِهُوا۟ فَتَيَـٰتِكُمْ عَلَى ٱلْبِغَآءِ إِنْ أَرَدْنَ تَحَصُّنًا لِّتَبْتَغُوا۟ عَرَضَ ٱلْحَيَوٰةِ ٱلدُّنْيَا ۚ وَمَن يُكْرِههُّنَّ فَإِنَّ ٱللَّهَ مِنۢ بَعْدِ إِكْرَٰهِهِنَّ غَفُورٌ رَّحِيمٌ,ٱلْبِغَآءِ إِنْ,النور
الهمزتان,في كلمتين,متماثلتان,مكسورة + مكسورة,4,22,وَلَا تَنكِحُوا۟ مَا نَكَحَ ءَابَآؤُكُم مِّنَ ٱلنِّسَآءِ إِلَّا مَا قَدْ سَلَفَ ۚ إِنَّهُۥ كَانَ فَـٰحِشَةً وَمَقْتًا وَسَآءَ سَبِيلًا,ٱلنِّسَآءِ إِلَّا,النساء
الهمزتان,في كلمتين,متماثلتان,مكسورة + مكسورة,4,24,وَٱلْمُحْصَنَـٰتُ مِنَ ٱلنِّسَآءِ إِلَّا مَا مَلَكَتْ أَيْمَـٰنُكُمْ ۖ كِتَـٰبَ ٱللَّهِ عَلَيْكُمْ ۚ وَأُحِلَّ لَكُم مَّا وَرَآءَ ذَٰلِكُمْ أَن تَبْتَغُوا۟ بِأَمْوَٰلِكُم مُّحْصِنِينَ غَيْرَ مُسَـٰفِحِينَ ۚ فَمَا ٱسْتَمْتَعْتُم بِهِۦ مِنْهُنَّ فَـَٔاتُوهُنَّ أُجُورَهُنَّ فَرِيضَةً ۚ وَلَا جُنَاحَ عَلَيْكُمْ فِيمَا تَرَٰضَيْتُم بِهِۦ مِنۢ بَعْدِ ٱلْفَرِيضَةِ ۚ إِنَّ ٱللَّهَ كَانَ عَلِيمًا حَكِيمًا,ٱلنِّسَآءِ إِلَّا,النساء
الهمزتان,في كلمتين,متماثلتان,مكسورة + مكسورة,11,71,وَٱمْرَأَتُهُۥ قَآئِمَةٌ فَضَحِكَتْ فَبَشَّرْنَـٰهَا بِإِسْحَـٰقَ وَمِن وَرَآءِ إِسْحَـٰقَ يَعْقُوبَ,وَرَآءِ إِسْحَـٰقَ,هود
الهمزتان,في كلمتين,متماثلتان,مكسورة + مكسورة,17,102,قَالَ لَقَدْ عَلِمْتَ مَآ أَنزَلَ هَـٰٓؤُلَآءِ إِلَّا رَبُّ ٱلسَّمَـٰوَٰتِ وَٱلْأَرْضِ بَصَآئِرَ وَإِنِّى لَأَظُنُّكَ يَـٰفِرْعَوْنُ مَثْبُورًا,هَـٰٓؤُلَآءِ إِلَّا,الإسراء
الهمزتان,في كلمتين,متماثلتان,مكسورة + مكسورة,26,187,فَأَسْقِطْ عَلَيْنَا كِسَفًا مِّنَ ٱلسَّمَآءِ إِن كُنتَ مِنَ ٱلصَّـٰدِقِينَ,ٱلسَّمَآءِ إِن,الشعراء
الهمزتان,في كلمتين,متماثلتان,مكسورة + مكسورة,32,5,يُدَبِّرُ ٱلْأَمْرَ مِنَ ٱلسَّمَآءِ إِلَى ٱلْأَرْضِ ثُمَّ يَعْرُجُ إِلَيْهِ فِى يَوْمٍ كَانَ مِقْدَارُهُۥٓ أَلْفَ سَنَةٍ مِّمَّا تَعُدُّونَ,ٱلسَّمَآءِ إِلَى,السجدة
الهمزتان,في كلمتين,متماثلتان,مكسورة + مكسورة,33,32,يَـٰنِسَآءَ ٱلنَّبِىِّ لَسْتُنَّ كَأَحَدٍ مِّنَ ٱلنِّسَآءِ ۚ إِنِ ٱتَّقَيْتُنَّ فَلَا تَخْضَعْنَ بِٱلْقَوْلِ فَيَطْمَعَ ٱلَّذِى فِى قَلْبِهِۦ مَرَضٌ وَقُلْنَ قَوْلًا مَّعْرُوفًا,ٱلنِّسَآءِ إِنِ,الأحزاب
الهمزتان,في كلمتين,متماثلتان,مكسورة + مكسورة,33,55,لَّا جُنَاحَ عَلَيْهِنَّ فِىٓ ءَابَآئِهِنَّ وَلَآ أَبْنَآئِهِنَّ وَلَآ إِخْوَٰنِهِنَّ وَلَآ أَبْنَآءِ إِخْوَٰنِهِنَّ وَلَآ أَبْنَآءِ أَخَوَٰتِهِنَّ وَلَا نِسَآئِهِنَّ وَلَا مَا مَلَكَتْ أَيْمَـٰنُهُنَّ ۗ وَٱتَّقِينَ ٱللَّهَ ۚ إِنَّ ٱللَّهَ كَانَ عَلَىٰ كُلِّ شَىْءٍ شَهِيدًا,أَبْنَآءِ إِخْوَٰنِهِنَّ,الأحزاب
الهمزتان,في كلمتين,متماثلتان,مكسورة + مكسورة,34,9,أَفَلَمْ يَرَوْا۟ إِلَىٰ مَا بَيْنَ أَيْدِيهِمْ وَمَا خَلْفَهُم مِّنَ ٱلسَّمَآءِ وَٱلْأَرْضِ ۚ إِن نَّشَأْ نَخْسِفْ بِهِمُ ٱلْأَرْضَ أَوْ نُسْقِطْ عَلَيْهِمْ كِسَفًا مِّنَ ٱلسَّمَآءِ ۚ إِنَّ فِى ذَٰلِكَ لَـَٔايَةً لِّكُلِّ عَبْدٍ مُّنِيبٍ,ٱلسَّمَآءِ إِنَّ,سبأ
الهمزتان,في كلمتين,متماثلتان,مكسورة + مكسورة,34,40,وَيَوْمَ يَحْشُرُهُمْ جَمِيعًا ثُمَّ يَقُولُ لِلْمَلَـٰٓئِكَةِ أَهَـٰٓؤُلَآءِ إِيَّاكُمْ كَانُوا۟ يَعْبُدُونَ,أَهَـٰٓؤُلَآءِ إِيَّاكُمْ,سبأ
الهمزتان,في كلمتين,متماثلتان,مكسورة + مكسورة,38,15,وَمَا يَنظُرُ هَـٰٓؤُلَآءِ إِلَّا صَيْحَةً وَٰحِدَةً مَّا لَهَا مِن فَوَاقٍ,هَـٰٓؤُلَآءِ إِلَّا,ص
الهمزتان,في كلمتين,متماثلتان,مكسورة + مكسورة,43,84,وَهُوَ ٱلَّذِى فِى ٱلسَّمَآءِ إِلَـٰهٌ وَفِى ٱلْأَرْضِ إِلَـٰهٌ ۚ وَهُوَ ٱلْحَكِيمُ ٱلْعَلِيمُ,ٱلسَّمَآءِ إِلَـٰهٌ,الزخرف
الهمزتان,في كلمتين,متماثلتان,مكسورة + مكسورة,12,53,وَمَآ أُبَرِّئُ نَفْسِىٓ ۚ إِنَّ ٱلنَّفْسَ لَأَمَّارَةٌۢ بِٱلسُّوٓءِ إِلَّا مَا رَحِمَ رَبِّىٓ ۚ إِنَّ رَبِّى غَفُورٌ رَّحِيمٌ,بِٱلسُّوٓءِ إِلَّا,يوسف
الهمزتان,في كلمة واحدة,متماثلتان,مفتوحة + مفتوحة,7,18,قَالَ ٱخْرُجْ مِنْهَا مَذْءُومًا مَّدْحُورًا ۖ لَّمَن تَبِعَكَ مِنْهُمْ لَأَمْلَأَنَّ جَهَنَّمَ مِنكُمْ أَجْمَعِينَ,لَأَمْلَأَنَّ,الأعراف
الهمزتان,في كلمة واحدة,متماثلتان,مفتوحة + مفتوحة,11,119,إِلَّا مَن رَّحِمَ رَبُّكَ ۚ وَلِذَٰلِكَ خَلَقَهُمْ ۗ وَتَمَّتْ كَلِمَةُ رَبِّكَ لَأَمْلَأَنَّ جَهَنَّمَ مِنَ ٱلْجِنَّةِ وَٱلنَّاسِ أَجْمَعِينَ,لَأَمْلَأَنَّ,هود
الهمزتان,في كلمة واحدة,متماثلتان,مفتوحة + مفتوحة,32,13,وَلَوْ شِئْنَا لَـَٔاتَيْنَا كُلَّ نَفْسٍ هُدَىٰهَا وَلَـٰكِنْ حَقَّ ٱلْقَوْلُ مِنِّى لَأَمْلَأَنَّ جَهَنَّمَ مِنَ ٱلْجِنَّةِ وَٱلنَّاسِ أَجْمَعِينَ,لَأَمْلَأَنَّ,السجدة
الهمزتان,في كلمة واحدة,متماثلتان,مفتوحة + مفتوحة,38,85,لَأَمْلَأَنَّ جَهَنَّمَ مِنكَ وَمِمَّن تَبِعَكَ مِنْهُمْ أَجْمَعِينَ,لَأَمْلَأَنَّ,ص
الهمزتان,في كلمتين,مختلفتان,مضمومة + مفتوحة,2,13,وَإِذَا قِيلَ لَهُمْ ءَامِنُوا۟ كَمَآ ءَامَنَ ٱلنَّاسُ قَالُوٓا۟ أَنُؤْمِنُ كَمَآ ءَامَنَ ٱلسُّفَهَآءُ ۗ أَلَآ إِنَّهُمْ هُمُ ٱلسُّفَهَآءُ وَلَـٰكِن لَّا يَعْلَمُونَ,ٱلسُّفَهَآءُ أَلَآ,البقرة
الهمزتان,في كلمتين,مختلفتان,مضمومة + مفتوحة,11,44,وَقِيلَ يَـٰٓأَرْضُ ٱبْلَعِى مَآءَكِ وَيَـٰسَمَآءُ أَقْلِعِى وَغِيضَ ٱلْمَآءُ وَقُضِىَ ٱلْأَمْرُ وَٱسْتَوَتْ عَلَى ٱلْجُودِىِّ ۖ وَقِيلَ بُعْدًا لِّلْقَوْمِ ٱلظَّـٰلِمِينَ,سَمَآءُ أَقْلِعِى,هود
الهمزتان,في كلمتين,مختلفتان,مضمومة + مفتوحة,60,4,قَدْ كَانَتْ لَكُمْ أُسْوَةٌ حَسَنَةٌ فِىٓ إِبْرَٰهِيمَ وَٱلَّذِينَ مَعَهُۥٓ إِذْ قَالُوا۟ لِقَوْمِهِمْ إِنَّا بُرَءَٰٓؤُا۟ مِنكُمْ وَمِمَّا تَعْبُدُونَ مِن دُونِ ٱللَّهِ كَفَرْنَا بِكُمْ وَبَدَا بَيْنَنَا وَبَيْنَكُمُ ٱلْعَدَٰوَةُ وَٱلْبَغْضَآءُ أَبَدًا حَتَّىٰ تُؤْمِنُوا۟ بِٱللَّهِ وَحْدَهُۥٓ إِلَّا قَوْلَ إِبْرَٰهِيمَ لِأَبِيهِ لَأَسْتَغْفِرَنَّ لَكَ وَمَآ أَمْلِكُ لَكَ مِنَ ٱللَّهِ مِن شَىْءٍ ۖ رَّبَّنَا عَلَيْكَ تَوَكَّلْنَا وَإِلَيْكَ أَنَبْنَا وَإِلَيْكَ ٱلْمَصِيرُ,ٱلْبَغْضَآءُ أَبَدًا,الممتحنة
الهمزتان,في كلمتين,مختلفتان,مضمومة + مكسورة,2,142,سَيَقُولُ ٱلسُّفَهَآءُ مِنَ ٱلنَّاسِ مَا وَلَّىٰهُمْ عَن قِبْلَتِهِمُ ٱلَّتِى كَانُوا۟ عَلَيْهَا ۚ قُل لِّلَّهِ ٱلْمَشْرِقُ وَٱلْمَغْرِبُ ۚ يَهْدِى مَن يَشَآءُ إِلَىٰ صِرَٰطٍ مُّسْتَقِيمٍ,يَشَآءُ إِلَىٰ,البقرة
الهمزتان,في كلمتين,مختلفتان,مضمومة + مكسورة,2,213,كَانَ ٱلنَّاسُ أُمَّةً وَٰحِدَةً فَبَعَثَ ٱللَّهُ ٱلنَّبِيِّـۧنَ مُبَشِّرِينَ وَمُنذِرِينَ وَأَنزَلَ مَعَهُمُ ٱلْكِتَـٰبَ بِٱلْحَقِّ لِيَحْكُمَ بَيْنَ ٱلنَّاسِ فِيمَا ٱخْتَلَفُوا۟ فِيهِ ۚ وَمَا ٱخْتَلَفَ فِيهِ إِلَّا ٱلَّذِينَ أُوتُوهُ مِنۢ بَعْدِ مَا جَآءَتْهُمُ ٱلْبَيِّنَـٰتُ بَغْيًۢا بَيْنَهُمْ ۖ فَهَدَى ٱللَّهُ ٱلَّذِينَ ءَامَنُوا۟ لِمَا ٱخْتَلَفُوا۟ فِيهِ مِنَ ٱلْحَقِّ بِإِذْنِهِۦ ۗ وَٱللَّهُ يَهْدِى مَن يَشَآءُ إِلَىٰ صِرَٰطٍ مُّسْتَقِيمٍ,يَشَآءُ إِلَىٰ,البقرة
الهمزتان,في كلمتين,مختلفتان,مضمومة + مكسورة,11,87,قَالُوا۟ يَـٰشُعَيْبُ أَصَلَوٰتُكَ تَأْمُرُكَ أَن نَّتْرُكَ مَا يَعْبُدُ ءَابَآؤُنَآ أَوْ أَن نَّفْعَلَ فِىٓ أَمْوَٰلِنَا مَا نَشَـٰٓؤُا۟ ۖ إِنَّكَ لَأَنتَ ٱلْحَلِيمُ ٱلرَّشِيدُ,نَشَـٰٓؤُا۟ إِنَّكَ,هود
الهمزتان,في كلمة واحدة,مختلفتان,مفتوحة + مضمومة,3,15,قُلْ أَؤُنَبِّئُكُم بِخَيْرٍ مِّن ذَٰلِكُمْ ۚ لِلَّذِينَ ٱتَّقَوْا۟ عِندَ رَبِّهِمْ جَنَّـٰتٌ تَجْرِى مِن تَحْتِهَا ٱلْأَنْهَـٰرُ خَـٰلِدِينَ فِيهَا وَأَزْوَٰجٌ مُّطَهَّرَةٌ وَرِضْوَٰنٌ مِّنَ ٱللَّهِ ۗ وَٱللَّهُ بَصِيرٌۢ بِٱلْعِبَادِ,أَؤُنَبِّئُكُم,آل عمران
الهمزتان,في كلمة واحدة,مختلفتان,مفتوحة + مضمومة,38,8,أَءُنزِلَ عَلَيْهِ ٱلذِّكْرُ مِنۢ بَيْنِنَا ۚ بَلْ هُمْ فِى شَكٍّ مِّن ذِكْرِى ۖ بَل لَّمَّا يَذُوقُوا۟ عَذَابِ,أَءُنزِلَ,ص
الهمزتان,في كلمة واحدة,مختلفتان,مفتوحة + مضمومة,54,25,أَءُلْقِىَ ٱلذِّكْرُ عَلَيْهِ مِنۢ بَيْنِنَا بَلْ هُوَ كَذَّابٌ أَشِرٌ,أَءُلْقِىَ,القمر
الهمزتان,في كلمتين,مختلفتان,مفتوحة + مضمومة,23,44,ثُمَّ أَرْسَلْنَا رُسُلَنَا تَتْرَا ۖ كُلَّ مَا جَآءَ أُمَّةً رَّسُولُهَا كَذَّبُوهُ ۚ فَأَتْبَعْنَا بَعْضَهُم بَعْضًا وَجَعَلْنَـٰهُمْ أَحَادِيثَ ۚ فَبُعْدًا لِّقَوْمٍ لَّا يُؤْمِنُونَ,جَآءَ أُمَّةً,المؤمنون
الهمزتان,في كلمة واحدة,مختلفتان,مفتوحة + مكسورة,6,19,قُلْ أَىُّ شَىْءٍ أَكْبَرُ شَهَـٰدَةً ۖ قُلِ ٱللَّهُ ۖ شَهِيدٌۢ بَيْنِى وَبَيْنَكُمْ ۚ وَأُوحِىَ إِلَىَّ هَـٰذَا ٱلْقُرْءَانُ لِأُنذِرَكُم بِهِۦ وَمَنۢ بَلَغَ ۚ أَئِنَّكُمْ لَتَشْهَدُونَ أَنَّ مَعَ ٱللَّهِ ءَالِهَةً أُخْرَىٰ ۚ قُل لَّآ أَشْهَدُ ۚ قُلْ إِنَّمَا هُوَ إِلَـٰهٌ وَٰحِدٌ وَإِنَّنِى بَرِىٓءٌ مِّمَّا تُشْرِكُونَ,أَئِنَّكُمْ,الأنعام
الهمزتان,في كلمة واحدة,مختلفتان,مفتوحة + مكسورة,26,41,فَلَمَّا جَآءَ ٱلسَّحَرَةُ قَالُوا۟ لِفِرْعَوْنَ أَئِنَّ لَنَا لَأَجْرًا إِن كُنَّا نَحْنُ ٱلْغَـٰلِبِينَ,أَئِنَّ,الشعراء
الهمزتان,في كلمة واحدة,مختلفتان,مفتوحة + مكسورة,27,55,أَئِنَّكُمْ لَتَأْتُونَ ٱلرِّجَالَ شَهْوَةً مِّن دُونِ ٱلنِّسَآءِ ۚ بَلْ أَنتُمْ قَوْمٌ تَجْهَلُونَ,أَئِنَّكُمْ,النمل
الهمزتان,في كلمة واحدة,مختلفتان,مفتوحة + مكسورة,27,60,أَمَّنْ خَلَقَ ٱلسَّمَـٰوَٰتِ وَٱلْأَرْضَ وَأَنزَلَ لَكُم مِّنَ ٱلسَّمَآءِ مَآءً فَأَنۢبَتْنَا بِهِۦ حَدَآئِقَ ذَاتَ بَهْجَةٍ مَّا كَانَ لَكُمْ أَن تُنۢبِتُوا۟ شَجَرَهَآ ۗ أَءِلَـٰهٌ مَّعَ ٱللَّهِ ۚ بَلْ هُمْ قَوْمٌ يَعْدِلُونَ,أَءِلَـٰهٌ,النمل
الهمزتان,في كلمة واحدة,مختلفتان,مفتوحة + مكسورة,27,61,أَمَّن جَعَلَ ٱلْأَرْضَ قَرَارًا وَجَعَلَ خِلَـٰلَهَآ أَنْهَـٰرًا وَجَعَلَ لَهَا رَوَٰسِىَ وَجَعَلَ بَيْنَ ٱلْبَحْرَيْنِ حَاجِزًا ۗ أَءِلَـٰهٌ مَّعَ ٱللَّهِ ۚ بَلْ أَكْثَرُهُمْ لَا يَعْلَمُونَ,أَءِلَـٰهٌ,النمل
الهمزتان,في كلمة واحدة,مختلفتان,مفتوحة + مكسورة,27,62,أَمَّن يُجِيبُ ٱلْمُضْطَرَّ إِذَا دَعَاهُ وَيَكْشِفُ ٱلسُّوٓءَ وَيَجْعَلُكُمْ خُلَفَآءَ ٱلْأَرْضِ ۗ أَءِلَـٰهٌ مَّعَ ٱللَّهِ ۚ قَلِيلًا مَّا تَذَكَّرُونَ,أَءِلَـٰهٌ,النمل
الهمزتان,في كلمة واحدة,مختلفتان,مفتوحة + مكسورة,27,63,أَمَّن يَهْدِيكُمْ فِى ظُلُمَـٰتِ ٱلْبَرِّ وَٱلْبَحْرِ وَمَن يُرْسِلُ ٱلرِّيَـٰحَ بُشْرًۢا بَيْنَ يَدَىْ رَحْمَتِهِۦٓ ۗ أَءِلَـٰهٌ مَّعَ ٱللَّهِ ۚ تَعَـٰلَى ٱللَّهُ عَمَّا يُشْرِكُونَ,أَءِلَـٰهٌ,النمل
الهمزتان,في كلمة واحدة,مختلفتان,مفتوحة + مكسورة,27,64,أَمَّن يَبْدَؤُا۟ ٱلْخَلْقَ ثُمَّ يُعِيدُهُۥ وَمَن يَرْزُقُكُم مِّنَ ٱلسَّمَآءِ وَٱلْأَرْضِ ۗ أَءِلَـٰهٌ مَّعَ ٱللَّهِ ۚ قُلْ هَاتُوا۟ بُرْهَـٰنَكُمْ إِن كُنتُمْ صَـٰدِقِينَ,أَءِلَـٰهٌ,النمل
الهمزتان,في كلمة واحدة,مختلفتان,مفتوحة + مكسورة,37,52,يَقُولُ أَءِنَّكَ لَمِنَ ٱلْمُصَدِّقِينَ,أَءِنَّكَ,الصافات
الهمزتان,في كلمة واحدة,مختلفتان,مفتوحة + مكسورة,9,12,وَإِن نَّكَثُوٓا۟ أَيْمَـٰنَهُم مِّنۢ بَعْدِ عَهْدِهِمْ وَطَعَنُوا۟ فِى دِينِكُمْ فَقَـٰتِلُوٓا۟ أَئِمَّةَ ٱلْكُفْرِ ۙ إِنَّهُمْ لَآ أَيْمَـٰنَ لَهُمْ لَعَلَّهُمْ يَنتَهُونَ,أَئِمَّةَ,التوبة
الهمزتان,في كلمة واحدة,مختلفتان,مفتوحة + مكسورة,21,73,وَجَعَلْنَـٰهُمْ أَئِمَّةً يَهْدُونَ بِأَمْرِنَا وَأَوْحَيْنَآ إِلَيْهِمْ فِعْلَ ٱلْخَيْرَٰتِ وَإِقَامَ ٱلصَّلَوٰةِ وَإِيتَآءَ ٱلزَّكَوٰةِ ۖ وَكَانُوا۟ لَنَا عَـٰبِدِينَ,أَئِمَّةً,الأنبياء
الهمزتان,في كلمة واحدة,مختلفتان,مفتوحة + مكسورة,28,5,وَنُرِيدُ أَن نَّمُنَّ عَلَى ٱلَّذِينَ ٱسْتُضْعِفُوا۟ فِى ٱلْأَرْضِ وَنَجْعَلَهُمْ أَئِمَّةً وَنَجْعَلَهُمُ ٱلْوَٰرِثِينَ,أَئِمَّةً,القصص
الهمزتان,في كلمة واحدة,مختلفتان,مفتوحة + مكسورة,28,41,وَجَعَلْنَـٰهُمْ أَئِمَّةً يَدْعُونَ إِلَى ٱلنَّارِ ۖ وَيَوْمَ ٱلْقِيَـٰمَةِ لَا يُنصَرُونَ,أَئِمَّةً,القصص
الهمزتان,في كلمة واحدة,مختلفتان,مفتوحة + مكسورة,32,24,وَجَعَلْنَا مِنْهُمْ أَئِمَّةً يَهْدُونَ بِأَمْرِنَا لَمَّا صَبَرُوا۟ ۖ وَكَانُوا۟ بِـَٔايَـٰتِنَا يُوقِنُونَ,أَئِمَّةً,السجدة
الهمزتان,في كلمة واحدة,مختلفتان,مفتوحة + مكسورة,36,19,قَالُوا۟ طَـٰٓئِرُكُم مَّعَكُمْ ۚ أَئِن ذُكِّرْتُم ۚ بَلْ أَنتُمْ قَوْمٌ مُّسْرِفُونَ,أَئِن,يس
الهمزتان,في كلمة واحدة,مختلفتان,مفتوحة + مكسورة,37,86,أَئِفْكًا ءَالِهَةً دُونَ ٱللَّهِ تُرِيدُونَ,أَئِفْكًا,الصافات
الهمزتان,في كلمة واحدة,مختلفتان,مفتوحة + مكسورة,41,9,قُلْ أَئِنَّكُمْ لَتَكْفُرُونَ بِٱلَّذِى خَلَقَ ٱلْأَرْضَ فِى يَوْمَيْنِ وَتَجْعَلُونَ لَهُۥٓ أَندَادًا ۚ ذَٰلِكَ رَبُّ ٱلْعَـٰلَمِينَ,أَئِنَّكُمْ,فصلت
الهمزتان,في كلمة واحدة,مختلفتان,مفتوحة + مكسورة,37,36,وَيَقُولُونَ أَئِنَّا لَتَارِكُوٓا۟ ءَالِهَتِنَا لِشَاعِرٍ مَّجْنُونٍۭ,أَئِنَّا,الصافات
الهمزتان,في كلمة واحدة,مختلفتان,مفتوحة + مكسورة,50,3,أَءِذَا مِتْنَا وَكُنَّا تُرَابًا ۖ ذَٰلِكَ رَجْعٌۢ بَعِيدٌ,أَءِذَا,ق
الهمزتان,في كلمة واحدة,مختلفتان,مفتوحة + مكسورة,12,90,قَالُوٓا۟ أَءِنَّكَ لَأَنتَ يُوسُفُ ۖ قَالَ أَنَا۠ يُوسُفُ وَهَـٰذَآ أَخِى ۖ قَدْ مَنَّ ٱللَّهُ عَلَيْنَآ ۖ إِنَّهُۥ مَن يَتَّقِ وَيَصْبِرْ فَإِنَّ ٱللَّهَ لَا يُضِيعُ أَجْرَ ٱلْمُحْسِنِينَ,أَءِنَّكَ,يوسف
الهمزتان,في كلمة واحدة,مختلفتان,مفتوحة + مكسورة,19,66,وَيَقُولُ ٱلْإِنسَـٰنُ أَءِذَا مَا مِتُّ لَسَوْفَ أُخْرَجُ حَيًّا,أَءِذَا,مريم
الهمزتان,في كلمة واحدة,مختلفتان,مفتوحة + مكسورة,13,5,وَإِن تَعْجَبْ فَعَجَبٌ قَوْلُهُمْ أَءِذَا كُنَّا تُرَٰبًا أَءِنَّا لَفِى خَلْقٍ جَدِيدٍ ۗ أُو۟لَـٰٓئِكَ ٱلَّذِينَ كَفَرُوا۟ بِرَبِّهِمْ ۖ وَأُو۟لَـٰٓئِكَ ٱلْأَغْلَـٰلُ فِىٓ أَعْنَاقِهِمْ ۖ وَأُو۟لَـٰٓئِكَ أَصْحَـٰبُ ٱلنَّارِ ۖ هُمْ فِيهَا خَـٰلِدُونَ,أَءِذَا,الرعد
الهمزتان,في كلمة واحدة,مختلفتان,مفتوحة + مكسورة,13,5,وَإِن تَعْجَبْ فَعَجَبٌ قَوْلُهُمْ أَءِذَا كُنَّا تُرَٰبًا أَءِنَّا لَفِى خَلْقٍ جَدِيدٍ ۗ أُو۟لَـٰٓئِكَ ٱلَّذِينَ كَفَرُوا۟ بِرَبِّهِمْ ۖ وَأُو۟لَـٰٓئِكَ ٱلْأَغْلَـٰلُ فِىٓ أَعْنَاقِهِمْ ۖ وَأُو۟لَـٰٓئِكَ أَصْحَـٰبُ ٱلنَّارِ ۖ هُمْ فِيهَا خَـٰلِدُونَ,أَءِنَّا,الرعد
الهمزتان,في كلمة واحدة,مختلفتان,مفتوحة + مكسورة,17,49,وَقَالُوٓا۟ أَءِذَا كُنَّا عِظَـٰمًا وَرُفَـٰتًا أَءِنَّا لَمَبْعُوثُونَ خَلْقًا جَدِيدًا,أَءِذَا,الإسراء
الهمزتان,في كلمة واحدة,مختلفتان,مفتوحة + مكسورة,17,49,وَقَالُوٓا۟ أَءِذَا كُنَّا عِظَـٰمًا وَرُفَـٰتًا أَءِنَّا لَمَبْعُوثُونَ خَلْقًا جَدِيدًا,أَءِنَّا,الإسراء
الهمزتان,في كلمة واحدة,مختلفتان,مفتوحة + مكسورة,17,98,ذَٰلِكَ جَزَآؤُهُم بِأَنَّهُمْ كَفَرُوا۟ بِـَٔايَـٰتِنَا وَقَالُوٓا۟ أَءِذَا كُنَّا عِظَـٰمًا وَرُفَـٰتًا أَءِنَّا لَمَبْعُوثُونَ خَلْقًا جَدِيدًا,أَءِذَا,الإسراء
الهمزتان,في كلمة واحدة,مختلفتان,مفتوحة + مكسورة,17,98,ذَٰلِكَ جَزَآؤُهُم بِأَنَّهُمْ كَفَرُوا۟ بِـَٔايَـٰتِنَا وَقَالُوٓا۟ أَءِذَا كُنَّا عِظَـٰمًا وَرُفَـٰتًا أَءِنَّا لَمَبْعُوثُونَ خَلْقًا جَدِيدًا,أَءِنَّا,الإسراء
الهمزتان,في كلمة واحدة,مختلفتان,مفتوحة + مكسورة,23,82,قَالُوٓا۟ أَءِذَا مِتْنَا وَكُنَّا تُرَابًا وَعِظَـٰمًا أَءِنَّا لَمَبْعُوثُونَ,أَءِذَا,المؤمنون
الهمزتان,في كلمة واحدة,مختلفتان,مفتوحة + مكسورة,23,82,قَالُوٓا۟ أَءِذَا مِتْنَا وَكُنَّا تُرَابًا وَعِظَـٰمًا أَءِنَّا لَمَبْعُوثُونَ,أَءِنَّا,المؤمنون
الهمزتان,في كلمة واحدة,مختلفتان,مفتوحة + مكسورة,32,10,وَقَالُوٓا۟ أَءِذَا ضَلَلْنَا فِى ٱلْأَرْضِ أَءِنَّا لَفِى خَلْقٍ جَدِيدٍۭ ۚ بَلْ هُم بِلِقَآءِ رَبِّهِمْ كَـٰفِرُونَ,أَءِذَا,السجدة
الهمزتان,في كلمة واحدة,مختلفتان,مفتوحة + مكسورة,32,10,وَقَالُوٓا۟ أَءِذَا ضَلَلْنَا فِى ٱلْأَرْضِ أَءِنَّا لَفِى خَلْقٍ جَدِيدٍۭ ۚ بَلْ هُم بِلِقَآءِ رَبِّهِمْ كَـٰفِرُونَ,أَءِنَّا,السجدة
الهمزتان,في كلمة واحدة,مختلفتان,مفتوحة + مكسورة,37,53,أَءِذَا مِتْنَا وَكُنَّا تُرَابًا وَعِظَـٰمًا أَءِنَّا لَمَدِينُونَ,أَءِذَا,الصافات
الهمزتان,في كلمة واحدة,مختلفتان,مفتوحة + مكسورة,37,53,أَءِذَا مِتْنَا وَكُنَّا تُرَابًا وَعِظَـٰمًا أَءِنَّا لَمَدِينُونَ,أَءِنَّا,الصافات
الهمزتان,في كلمة واحدة,مختلفتان,مفتوحة + مكسورة,27,67,وَقَالَ ٱلَّذِينَ كَفَرُوٓا۟ أَءِذَا كُنَّا تُرَٰبًا وَءَابَآؤُنَآ أَئِنَّا لَمُخْرَجُونَ,أَءِذَا,النمل
الهمزتان,في كلمة واحدة,مختلفتان,مفتوحة + مكسورة,27,67,وَقَالَ ٱلَّذِينَ كَفَرُوٓا۟ أَءِذَا كُنَّا تُرَٰبًا وَءَابَآؤُنَآ أَئِنَّا لَمُخْرَجُونَ,أَئِنَّا,النمل
الهمزتان,في كلمة واحدة,مختلفتان,مفتوحة + مكسورة,29,28,وَلُوطًا إِذْ قَالَ لِقَوْمِهِۦٓ إِنَّكُمْ لَتَأْتُونَ ٱلْفَـٰحِشَةَ مَا سَبَقَكُم بِهَا مِنْ أَحَدٍ مِّنَ ٱلْعَـٰلَمِينَ,إِنَّكُمْ,العنكبوت
الهمزتان,في كلمة واحدة,مختلفتان,مفتوحة + مكسورة,29,29,أَئِنَّكُمْ لَتَأْتُونَ ٱلرِّجَالَ وَتَقْطَعُونَ ٱلسَّبِيلَ وَتَأْتُونَ فِى نَادِيكُمُ ٱلْمُنكَرَ ۖ فَمَا كَانَ جَوَابَ قَوْمِهِۦٓ إِلَّآ أَن قَالُوا۟ ٱئْتِنَا بِعَذَابِ ٱللَّهِ إِن كُنتَ مِنَ ٱلصَّـٰدِقِينَ,أَئِنَّكُمْ,العنكبوت
الهمزتان,في كلمة واحدة,مختلفتان,مفتوحة + مكسورة,37,16,أَءِذَا مِتْنَا وَكُنَّا تُرَابًا وَعِظَـٰمًا أَءِنَّا لَمَبْعُوثُونَ,أَءِذَا,الصافات
الهمزتان,في كلمة واحدة,مختلفتان,مفتوحة + مكسورة,37,16,أَءِذَا مِتْنَا وَكُنَّا تُرَابًا وَعِظَـٰمًا أَءِنَّا لَمَبْعُوثُونَ,أَءِنَّا,الصافات
الهمزتان,في كلمة واحدة,مختلفتان,مفتوحة + مكسورة,56,47,وَكَانُوا۟ يَقُولُونَ أَئِذَا مِتْنَا وَكُنَّا تُرَابًا وَعِظَـٰمًا أَءِنَّا لَمَبْعُوثُونَ,أَئِذَا,الواقعة
الهمزتان,في كلمة واحدة,مختلفتان,مفتوحة + مكسورة,56,47,وَكَانُوا۟ يَقُولُونَ أَئِذَا مِتْنَا وَكُنَّا تُرَابًا وَعِظَـٰمًا أَءِنَّا لَمَبْعُوثُونَ,أَءِنَّا,الواقعة
الهمزتان,في كلمة واحدة,مختلفتان,مفتوحة + مكسورة,79,10,يَقُولُونَ أَءِنَّا لَمَرْدُودُونَ فِى ٱلْحَافِرَةِ,أَءِنَّا,النازعات
الهمزتان,في كلمة واحدة,مختلفتان,مفتوحة + مكسورة,79,11,أَءِذَا كُنَّا عِظَـٰمًا نَّخِرَةً,أَءِذَا,النازعات
الهمزتان,في كلمتين,مختلفتان,مفتوحة + مكسورة,2,133,أَمْ كُنتُمْ شُهَدَآءَ إِذْ حَضَرَ يَعْقُوبَ ٱلْمَوْتُ إِذْ قَالَ لِبَنِيهِ مَا تَعْبُدُونَ مِنۢ بَعْدِى قَالُوا۟ نَعْبُدُ إِلَـٰهَكَ وَإِلَـٰهَ ءَابَآئِكَ إِبْرَٰهِـۧمَ وَإِسْمَـٰعِيلَ وَإِسْحَـٰقَ إِلَـٰهًا وَٰحِدًا وَنَحْنُ لَهُۥ مُسْلِمُونَ,شُهَدَآءَ إِذْ,البقرة
الهمزتان,في كلمتين,مختلفتان,مكسورة + مفتوحة,2,282,يَـٰٓأَيُّهَا ٱلَّذِينَ ءَامَنُوٓا۟ إِذَا تَدَايَنتُم بِدَيْنٍ إِلَىٰٓ أَجَلٍ مُّسَمًّى فَٱكْتُبُوهُ ۚ وَلْيَكْتُب بَّيْنَكُمْ كَاتِبٌۢ بِٱلْعَدْلِ ۚ وَلَا يَأْبَ كَاتِبٌ أَن يَكْتُبَ كَمَا عَلَّمَهُ ٱللَّهُ ۚ فَلْيَكْتُبْ وَلْيُمْلِلِ ٱلَّذِى عَلَيْهِ ٱلْحَقُّ وَلْيَتَّقِ ٱللَّهَ رَبَّهُۥ وَلَا يَبْخَسْ مِنْهُ شَيْـًٔا ۚ فَإِن كَانَ ٱلَّذِى عَلَيْهِ ٱلْحَقُّ سَفِيهًا أَوْ ضَعِيفًا أَوْ لَا يَسْتَطِيعُ أَن يُمِلَّ هُوَ فَلْيُمْلِلْ وَلِيُّهُۥ بِٱلْعَدْلِ ۚ وَٱسْتَشْهِدُوا۟ شَهِيدَيْنِ مِن رِّجَالِكُمْ ۖ فَإِن لَّمْ يَكُونَا رَجُلَيْنِ فَرَجُلٌ وَٱمْرَأَتَانِ مِمَّن تَرْضَوْنَ مِنَ ٱلشُّهَدَآءِ أَن تَضِلَّ إِحْدَىٰهُمَا فَتُذَكِّرَ إِحْدَىٰهُمَا ٱلْأُخْرَىٰ ۚ وَلَا يَأْبَ ٱلشُّهَدَآءُ إِذَا مَا دُعُوا۟ ۚ وَلَا تَسْـَٔمُوٓا۟ أَن تَكْتُبُوهُ صَغِيرًا أَوْ كَبِيرًا إِلَىٰٓ أَجَلِهِۦ ۚ ذَٰلِكُمْ أَقْسَطُ عِندَ ٱللَّهِ وَأَقْوَمُ لِلشَّهَـٰدَةِ وَأَدْنَىٰٓ أَلَّا تَرْتَابُوٓا۟ ۖ إِلَّآ أَن تَكُونَ تِجَـٰرَةً حَاضِرَةً تُدِيرُونَهَا بَيْنَكُمْ فَلَيْسَ عَلَيْكُمْ جُنَاحٌ أَلَّا تَكْتُبُوهَا ۗ وَأَشْهِدُوٓا۟ إِذَا تَبَايَعْتُمْ ۚ وَلَا يُضَآرَّ كَاتِبٌ وَلَا شَهِيدٌ ۚ وَإِن تَفْعَلُوا۟ فَإِنَّهُۥ فُسُوقٌۢ بِكُمْ ۗ وَٱتَّقُوا۟ ٱللَّهَ ۖ وَيُعَلِّمُكُمُ ٱللَّهُ ۗ وَٱللَّهُ بِكُلِّ شَىْءٍ عَلِيمٌ,ٱلشُّهَدَآءِ أَن,البقرة
الهمزتان,في كلمتين,مختلفتان,مكسورة + مفتوحة,12,76,فَبَدَأَ بِأَوْعِيَتِهِمْ قَبْلَ وِعَآءِ أَخِيهِ ثُمَّ ٱسْتَخْرَجَهَا مِن وِعَآءِ أَخِيهِ ۚ كَذَٰلِكَ كِدْنَا لِيُوسُفَ ۖ مَا كَانَ لِيَأْخُذَ أَخَاهُ فِى دِينِ ٱلْمَلِكِ إِلَّآ أَن يَشَآءَ ٱللَّهُ ۚ نَرْفَعُ دَرَجَـٰتٍ مَّن نَّشَآءُ ۗ وَفَوْقَ كُلِّ ذِى عِلْمٍ عَلِيمٌ,وِعَآءِ أَخِيهِ,يوسف
الهمزتان,في كلمتين,مختلفتان,مكسورة + مفتوحة,12,76,فَبَدَأَ بِأَوْعِيَتِهِمْ قَبْلَ وِعَآءِ أَخِيهِ ثُمَّ ٱسْتَخْرَجَهَا مِن وِعَآءِ أَخِيهِ ۚ كَذَٰلِكَ كِدْنَا لِيُوسُفَ ۖ مَا كَانَ لِيَأْخُذَ أَخَاهُ فِى دِينِ ٱلْمَلِكِ إِلَّآ أَن يَشَآءَ ٱللَّهُ ۚ نَرْفَعُ دَرَجَـٰتٍ مَّن نَّشَآءُ ۗ وَفَوْقَ كُلِّ ذِى عِلْمٍ عَلِيمٌ,وِعَآءِ أَخِيهِ,يوسف
الهمزتان,في كلمة واحدة,مختلفتان,همزة مضمومة + همزة ساكنة,2,283,وَإِن كُنتُمْ عَلَىٰ سَفَرٍ وَلَمْ تَجِدُوا۟ كَاتِبًا فَرِهَـٰنٌ مَّقْبُوضَةٌ ۖ فَإِنْ أَمِنَ بَعْضُكُم بَعْضًا فَلْيُؤَدِّ ٱلَّذِى ٱؤْتُمِنَ أَمَـٰنَتَهُۥ وَلْيَتَّقِ ٱللَّهَ رَبَّهُۥ ۗ وَلَا تَكْتُمُوا۟ ٱلشَّهَـٰدَةَ ۚ وَمَن يَكْتُمْهَا فَإِنَّهُۥٓ ءَاثِمٌ قَلْبُهُۥ ۗ وَٱللَّهُ بِمَا تَعْمَلُونَ عَلِيمٌ,ٱؤْتُمِنَ,البقرة